1 # bones
Gun
-1 # parent index
0.0 0.0 0.0
1 # meshes
4_Material85_1.0_0.0_0.0
1 # uv layers
2 # textures
handgun_C.png
0 # uv layer index
handgun_N.png
0 # uv layer index
2812 # vertices
-153.256 97.125 -0.228439
0.176093 0.984366 -0.00389464
255 255 255 255
0.00504213 -0.552028
0 0 0 0
1.0 0.0 0.0 0.0
-80.2142 84.06 0.137895
0.176093 0.984366 -0.00389464
255 255 255 255
0.0884819 -0.552028
0 0 0 0
1.0 0.0 0.0 0.0
-87.4633 85.3166 -10.0139
0.176093 0.984366 -0.00389464
255 255 255 255
0.0801525 -0.563403
0 0 0 0
1.0 0.0 0.0 0.0
-153.256 97.125 -0.228439
0.178373 0.983877 -0.0130107
255 255 255 255
0.00504213 -0.552028
0 0 0 0
1.0 0.0 0.0 0.0
-152.378 97.101 9.99386
0.178373 0.983877 -0.0130107
255 255 255 255
0.0060755 -0.540537
0 0 0 0
1.0 0.0 0.0 0.0
-87.5584 85.3524 10.2166
0.178373 0.983877 -0.0130107
255 255 255 255
0.0801526 -0.540654
0 0 0 0
1.0 0.0 0.0 0.0
-105.826 -34.7481 20.8019
0.622434 -0.481192 0.617276
255 255 255 255
0.534079 -0.822886
0 0 0 0
1.0 0.0 0.0 0.0
-122.237 -41.7479 28.9447
0.374224 -0.167641 0.91206
255 255 255 255
0.518574 -0.848103
0 0 0 0
1.0 0.0 0.0 0.0
-113.326 -40.8368 17.4101
0.618814 -0.667646 0.413906
255 255 255 255
0.520005 -0.824998
0 0 0 0
1.0 0.0 0.0 0.0
-143.986 -119.977 28.9447
0.409814 -0.41253 0.813555
255 255 255 255
0.400964 -0.859504
0 0 0 0
1.0 0.0 0.0 0.0
-141.361 -128.013 17.4101
0.554228 -0.618501 0.557035
255 255 255 255
0.385157 -0.845408
0 0 0 0
1.0 0.0 0.0 0.0
-108.053 36.0053 28.9447
0.217233 -0.172645 0.960731
255 255 255 255
0.63359 -0.847424
0 0 0 0
1.0 0.0 0.0 0.0
-101.465 38.7005 28.9447
0.306599 -0.418911 0.854699
255 255 255 255
0.639118 -0.838663
0 0 0 0
1.0 0.0 0.0 0.0
-159.201 59.7358 28.9447
-0.478143 0.172586 0.861158
255 255 255 255
0.654675 -0.926723
0 0 0 0
1.0 0.0 0.0 0.0
-210.461 -111.471 28.9447
-0.210308 -0.231427 0.949849
255 255 255 255
0.396356 -0.956922
0 0 0 0
1.0 0.0 0.0 0.0
-210.515 -101.998 28.9447
-0.120032 -0.0759926 0.989857
255 255 255 255
0.409919 -0.959393
0 0 0 0
1.0 0.0 0.0 0.0
-220.42 -108.591 23.3896
-0.36257 -0.218549 0.905968
255 255 255 255
0.395605 -0.974093
0 0 0 0
1.0 0.0 0.0 0.0
-223.09 -95.7747 28.9447
-0.337571 -0.0415669 0.940382
255 255 255 255
0.41566 -0.978988
0 0 0 0
1.0 0.0 0.0 0.0
-195.838 -31.2119 28.9447
-0.350328 0.147682 0.924911
255 255 255 255
0.515074 -0.956247
0 0 0 0
1.0 0.0 0.0 0.0
-160.893 -126.391 23.3896
-0.0297255 -0.610868 0.791174
255 255 255 255
0.383366 -0.87928
0 0 0 0
1.0 0.0 0.0 0.0
-201.454 -30.0847 23.3895
-0.646296 0.272838 0.712644
255 255 255 255
0.515986 -0.968911
0 0 0 0
1.0 0.0 0.0 0.0
-97.4811 3.68735 17.4335
0.901968 0.214093 0.374991
255 255 255 255
0.59077 -0.815952
0 0 0 0
1.0 0.0 0.0 0.0
-99.3757 1.42461 22.9226
0.744144 0.00524926 0.667999
255 255 255 255
0.586294 -0.823946
0 0 0 0
1.0 0.0 0.0 0.0
-85.5921 -9.30575 1.5161e-006
0.996639 0.0819139 0.0
255 255 255 255
0.574135 -0.783744
0 0 0 0
1.0 0.0 0.0 0.0
-99.9806 -12.2811 22.447
0.670726 -0.14451 0.727492
255 255 255 255
0.566639 -0.821731
0 0 0 0
1.0 0.0 0.0 0.0
-106.25 21.3741 28.9447
0.437158 0.106512 0.893055
255 255 255 255
0.613077 -0.841142
0 0 0 0
1.0 0.0 0.0 0.0
-110.391 15.0587 28.9447
0.0 0.0 1.0
255 255 255 255
0.60298 -0.845481
0 0 0 0
1.0 0.0 0.0 0.0
-109.271 3.10085 28.9447
0.268292 -0.0574976 0.96162
255 255 255 255
0.586125 -0.840855
0 0 0 0
1.0 0.0 0.0 0.0
-112.602 -9.60721 28.9447
0.239517 -0.0662883 0.968627
255 255 255 255
0.567071 -0.842416
0 0 0 0
1.0 0.0 0.0 0.0
-93.9899 -38.2571 6.23287e-006
0.751259 -0.660007 0.0
255 255 255 255
0.529817 -0.788265
0 0 0 0
1.0 0.0 0.0 0.0
-184.661 -4.67005 28.9447
-0.352041 0.158609 0.922448
255 255 255 255
0.555937 -0.946936
0 0 0 0
1.0 0.0 0.0 0.0
-141.626 97.265 27.3944
-0.165844 0.833768 0.526618
255 255 255 255
0.7129 -0.91102
0 0 0 0
1.0 0.0 0.0 0.0
-145.509 93.2514 31.4711
-0.388207 0.477843 0.788011
255 255 255 255
0.706167 -0.91557
0 0 0 0
1.0 0.0 0.0 0.0
-95.9619 92.4022 31.4711
0.255784 0.348197 0.90185
255 255 255 255
0.717471 -0.844347
0 0 0 0
1.0 0.0 0.0 0.0
-94.9584 81.6523 31.4039
0.305952 -0.127783 0.943432
255 255 255 255
0.702318 -0.840192
0 0 0 0
1.0 0.0 0.0 0.0
-95.7244 74.0868 28.8774
0.243084 -0.192117 0.95079
255 255 255 255
0.691282 -0.839378
0 0 0 0
1.0 0.0 0.0 0.0
-150.548 81.749 31.4711
-0.517447 0.0395219 0.854802
255 255 255 255
0.688409 -0.919885
0 0 0 0
1.0 0.0 0.0 0.0
-153.124 74.0665 28.9447
-0.484979 0.0884749 0.870039
255 255 255 255
0.676748 -0.921635
0 0 0 0
1.0 0.0 0.0 0.0
-111.206 28.6698 28.9447
0.20872 0.016755 0.977832
255 255 255 255
0.622281 -0.850088
0 0 0 0
1.0 0.0 0.0 0.0
-163.242 47.2681 28.9447
-0.458666 0.157812 0.874483
255 255 255 255
0.635785 -0.929365
0 0 0 0
1.0 0.0 0.0 0.0
-170.304 26.9177 28.9447
-0.383479 0.164836 0.908721
255 255 255 255
0.604835 -0.934343
0 0 0 0
1.0 0.0 0.0 0.0
-180.786 3.48663 28.9447
-0.344651 0.157112 0.92549
255 255 255 255
0.568606 -0.943444
0 0 0 0
1.0 0.0 0.0 0.0
-174.754 17.1794 28.9447
-0.353294 0.170421 0.919859
255 255 255 255
0.589754 -0.93826
0 0 0 0
1.0 0.0 0.0 0.0
-174.969 28.0449 23.3895
-0.680372 0.319998 0.659314
255 255 255 255
0.606045 -0.944953
0 0 0 0
1.0 0.0 0.0 0.0
-180.371 18.3066 23.3895
-0.63593 0.311419 0.706124
255 255 255 255
0.590727 -0.949753
0 0 0 0
1.0 0.0 0.0 0.0
-186.403 4.6138 23.3895
-0.641435 0.29473 0.708304
255 255 255 255
0.569688 -0.954996
0 0 0 0
1.0 0.0 0.0 0.0
-166.901 36.7274 28.9447
-0.438805 0.158425 0.884507
255 255 255 255
0.619754 -0.931944
0 0 0 0
1.0 0.0 0.0 0.0
-170.613 37.8546 23.3895
-0.75492 0.291335 0.587554
255 255 255 255
0.621118 -0.941646
0 0 0 0
1.0 0.0 0.0 0.0
-166.666 47.9751 23.3895
-0.794902 0.282333 0.537046
255 255 255 255
0.636641 -0.938848
0 0 0 0
1.0 0.0 0.0 0.0
-162.397 60.2244 23.3895
-0.815261 0.289841 0.50134
255 255 255 255
0.655232 -0.935805
0 0 0 0
1.0 0.0 0.0 0.0
-103.267 28.7675 23.3895
0.626647 -0.000396747 0.779303
255 255 255 255
0.624257 -0.836127
0 0 0 0
1.0 0.0 0.0 0.0
-100.114 36.103 23.3895
0.434866 -0.662569 0.609832
255 255 255 255
0.633638 -0.833036
0 0 0 0
1.0 0.0 0.0 0.0
-157.399 73.2563 23.3895
-0.781075 0.305862 0.544399
255 255 255 255
0.674241 -0.932249
0 0 0 0
1.0 0.0 0.0 0.0
-153.998 82.7699 23.3895
-0.852708 0.27803 0.442254
255 255 255 255
0.689601 -0.932911
0 0 0 0
1.0 0.0 0.0 0.0
-149.641 93.6797 23.3895
-0.727223 0.524389 0.442902
255 255 255 255
0.711205 -0.928817
0 0 0 0
1.0 0.0 0.0 0.0
-86.8451 64.8764 23.3895
0.472614 -0.0882909 0.876836
255 255 255 255
0.67953 -0.821308
0 0 0 0
1.0 0.0 0.0 0.0
-84.8164 74.5306 23.3895
0.515985 -0.101476 0.850566
255 255 255 255
0.694523 -0.820485
0 0 0 0
1.0 0.0 0.0 0.0
-85.3207 95.1597 23.3895
0.534211 0.303668 0.788926
255 255 255 255
0.727203 -0.826607
0 0 0 0
1.0 0.0 0.0 0.0
-144.389 98.7806 23.3895
-0.372306 0.749831 0.546938
255 255 255 255
0.720208 -0.917781
0 0 0 0
1.0 0.0 0.0 0.0
-96.9746 96.4798 27.3944
0.0844153 0.781192 0.618557
255 255 255 255
0.723059 -0.846829
0 0 0 0
1.0 0.0 0.0 0.0
-92.6219 98.7806 23.3895
0.224406 0.745731 0.627317
255 255 255 255
0.732406 -0.839612
0 0 0 0
1.0 0.0 0.0 0.0
-190.277 -3.5429 23.3895
-0.644018 0.286668 0.709269
255 255 255 255
0.557107 -0.958523
0 0 0 0
1.0 0.0 0.0 0.0
-102.186 -40.748 6.6387e-006
0.34773 -0.937595 0.0
255 255 255 255
0.519283 -0.795161
0 0 0 0
1.0 0.0 0.0 0.0
-101.005 16.5607 23.3895
0.784736 0.0856059 0.61389
255 255 255 255
0.608526 -0.829557
0 0 0 0
1.0 0.0 0.0 0.0
-105.826 -34.7481 -20.8018
0.622434 -0.481192 -0.617276
255 255 255 255
0.196168 -0.844293
0 0 0 0
1.0 0.0 0.0 0.0
-113.326 -40.8368 -17.4101
0.618814 -0.667646 -0.413906
255 255 255 255
0.210563 -0.843925
0 0 0 0
1.0 0.0 0.0 0.0
-122.237 -41.7479 -28.9447
0.374224 -0.167641 -0.91206
255 255 255 255
0.216048 -0.866696
0 0 0 0
1.0 0.0 0.0 0.0
-143.986 -119.977 -28.9447
0.409814 -0.41253 -0.813555
255 255 255 255
0.335242 -0.857392
0 0 0 0
1.0 0.0 0.0 0.0
-159.201 59.7358 -28.9447
-0.478143 0.172586 -0.861158
255 255 255 255
0.0942464 -0.968947
0 0 0 0
1.0 0.0 0.0 0.0
-101.465 38.7005 -28.9447
0.306599 -0.418911 -0.854699
255 255 255 255
0.0942758 -0.878468
0 0 0 0
1.0 0.0 0.0 0.0
-108.053 36.0053 -28.9447
0.217233 -0.172645 -0.960731
255 255 255 255
0.101323 -0.886227
0 0 0 0
1.0 0.0 0.0 0.0
-220.42 -108.591 -23.3895
-0.36257 -0.218549 -0.905968
255 255 255 255
0.360715 -0.970631
0 0 0 0
1.0 0.0 0.0 0.0
-210.515 -101.998 -28.9447
-0.120032 -0.0759926 -0.989857
255 255 255 255
0.343869 -0.958498
0 0 0 0
1.0 0.0 0.0 0.0
-210.461 -111.471 -28.9447
-0.210308 -0.231427 -0.949849
255 255 255 255
0.356949 -0.953654
0 0 0 0
1.0 0.0 0.0 0.0
-223.09 -95.7747 -28.9447
-0.337571 -0.0415669 -0.940382
255 255 255 255
0.341591 -0.979032
0 0 0 0
1.0 0.0 0.0 0.0
-195.838 -31.2119 -28.9447
-0.350328 0.147682 -0.924911
255 255 255 255
0.238536 -0.973839
0 0 0 0
1.0 0.0 0.0 0.0
-160.893 -126.391 -23.3895
-0.0297255 -0.610868 -0.791174
255 255 255 255
0.356252 -0.874005
0 0 0 0
1.0 0.0 0.0 0.0
-220.367 -118.064 -23.3895
-0.328509 -0.26921 -0.905322
255 255 255 255
0.374015 -0.96452
0 0 0 0
1.0 0.0 0.0 0.0
-201.454 -30.0847 -23.3895
-0.646296 0.272838 -0.712644
255 255 255 255
0.239853 -0.986618
0 0 0 0
1.0 0.0 0.0 0.0
-85.5921 -9.30575 1.5161e-006
0.996639 0.0819139 0.0
255 255 255 255
0.149378 -0.812328
0 0 0 0
1.0 0.0 0.0 0.0
-99.3757 1.4246 -22.9226
0.744144 0.00524926 -0.667999
255 255 255 255
0.144326 -0.854523
0 0 0 0
1.0 0.0 0.0 0.0
-97.4811 3.68735 -17.4335
0.901968 0.214093 -0.374991
255 255 255 255
0.138461 -0.847345
0 0 0 0
1.0 0.0 0.0 0.0
-85.5921 -9.30575 1.5161e-006
0.996639 0.0819139 0.0
255 255 255 255
0.149378 -0.812328
0 0 0 0
1.0 0.0 0.0 0.0
-99.9806 -12.2811 -22.447
0.670726 -0.14451 -0.727492
255 255 255 255
0.163522 -0.848863
0 0 0 0
1.0 0.0 0.0 0.0
-106.25 21.3741 -28.9447
0.437158 0.106512 -0.893055
255 255 255 255
0.120659 -0.876363
0 0 0 0
1.0 0.0 0.0 0.0
-109.271 3.10084 -28.9447
0.268292 -0.0574976 -0.96162
255 255 255 255
0.147464 -0.871342
0 0 0 0
1.0 0.0 0.0 0.0
-112.602 -9.60722 -28.9447
0.239517 -0.0662883 -0.968627
255 255 255 255
0.166725 -0.86955
0 0 0 0
1.0 0.0 0.0 0.0
-93.9899 -38.2571 6.23287e-006
0.751259 -0.660007 0.0
255 255 255 255
0.194332 -0.809047
0 0 0 0
1.0 0.0 0.0 0.0
-184.661 -4.67006 -28.9447
-0.352041 0.158609 -0.922448
255 255 255 255
0.196183 -0.971741
0 0 0 0
1.0 0.0 0.0 0.0
-141.626 97.265 -27.3944
-0.16584 0.833777 -0.526604
255 255 255 255
0.0334694 -0.963531
0 0 0 0
1.0 0.0 0.0 0.0
-96.9746 96.4798 -27.3944
0.0844153 0.781192 -0.618557
255 255 255 255
0.0119128 -0.901354
0 0 0 0
1.0 0.0 0.0 0.0
-95.9619 92.4022 -31.4711
0.255784 0.348197 -0.90185
255 255 255 255
0.017201 -0.897899
0 0 0 0
1.0 0.0 0.0 0.0
-145.509 93.2514 -31.4711
-0.388207 0.477843 -0.788011
255 255 255 255
0.040978 -0.966882
0 0 0 0
1.0 0.0 0.0 0.0
-94.9584 81.6523 -31.4039
0.305952 -0.127783 -0.943432
255 255 255 255
0.0315695 -0.891097
0 0 0 0
1.0 0.0 0.0 0.0
-150.548 81.749 -31.4711
-0.517447 0.0395219 -0.854802
255 255 255 255
0.0594309 -0.968061
0 0 0 0
1.0 0.0 0.0 0.0
-95.7244 74.0868 -28.8774
0.243084 -0.192117 -0.95079
255 255 255 255
0.0424232 -0.888347
0 0 0 0
1.0 0.0 0.0 0.0
-153.124 74.0665 -28.9447
-0.484979 0.0884749 -0.870039
255 255 255 255
0.0713577 -0.967757
0 0 0 0
1.0 0.0 0.0 0.0
-163.242 47.268 -28.9447
-0.458666 0.157812 -0.874483
255 255 255 255
0.113533 -0.968261
0 0 0 0
1.0 0.0 0.0 0.0
-111.206 28.6698 -28.9447
0.20872 0.016755 -0.977832
255 255 255 255
0.11306 -0.886895
0 0 0 0
1.0 0.0 0.0 0.0
-170.304 26.9177 -28.9447
-0.383479 0.164836 -0.908721
255 255 255 255
0.145247 -0.967784
0 0 0 0
1.0 0.0 0.0 0.0
-166.901 36.7274 -28.9447
-0.438805 0.158425 -0.884507
255 255 255 255
0.12996 -0.968014
0 0 0 0
1.0 0.0 0.0 0.0
-180.786 3.48663 -28.9447
-0.344651 0.157112 -0.92549
255 255 255 255
0.182945 -0.970487
0 0 0 0
1.0 0.0 0.0 0.0
-174.754 17.1794 -28.9447
-0.353294 0.170421 -0.919859
255 255 255 255
0.160962 -0.969037
0 0 0 0
1.0 0.0 0.0 0.0
-110.391 15.0587 -28.9447
0.0 0.0 -1.0
255 255 255 255
0.131483 -0.878913
0 0 0 0
1.0 0.0 0.0 0.0
-174.969 28.0448 -23.3895
-0.680372 0.319998 -0.659314
255 255 255 255
0.145905 -0.978568
0 0 0 0
1.0 0.0 0.0 0.0
-180.371 18.3066 -23.3895
-0.63593 0.311419 -0.706124
255 255 255 255
0.162012 -0.980661
0 0 0 0
1.0 0.0 0.0 0.0
-186.403 4.6138 -23.3895
-0.641435 0.29473 -0.708304
255 255 255 255
0.183898 -0.982188
0 0 0 0
1.0 0.0 0.0 0.0
-141.361 -128.013 -17.4101
0.554228 -0.618501 -0.557035
255 255 255 255
0.348515 -0.84057
0 0 0 0
1.0 0.0 0.0 0.0
-170.613 37.8546 -23.3896
-0.75492 0.291335 -0.587554
255 255 255 255
0.130305 -0.977922
0 0 0 0
1.0 0.0 0.0 0.0
-166.666 47.9751 -23.3896
-0.794902 0.282333 -0.537046
255 255 255 255
0.114346 -0.977861
0 0 0 0
1.0 0.0 0.0 0.0
-162.397 60.2244 -23.3896
-0.815261 0.289841 -0.50134
255 255 255 255
0.0952867 -0.978096
0 0 0 0
1.0 0.0 0.0 0.0
-103.267 28.7675 -23.3895
0.626647 -0.000396747 -0.779303
255 255 255 255
0.108638 -0.873331
0 0 0 0
1.0 0.0 0.0 0.0
-101.005 16.5607 -23.3895
0.784736 0.0856059 -0.61389
255 255 255 255
0.123158 -0.86402
0 0 0 0
1.0 0.0 0.0 0.0
-100.114 36.103 -23.3895
0.434866 -0.662569 -0.609832
255 255 255 255
0.0987481 -0.871899
0 0 0 0
1.0 0.0 0.0 0.0
-157.399 73.2563 -23.3896
-0.781075 0.305862 -0.544399
255 255 255 255
0.0757208 -0.977892
0 0 0 0
1.0 0.0 0.0 0.0
-153.998 82.7699 -23.3896
-0.852708 0.27803 -0.442254
255 255 255 255
0.0605318 -0.98125
0 0 0 0
1.0 0.0 0.0 0.0
-149.641 93.6797 -23.3896
-0.727223 0.524389 -0.442902
255 255 255 255
0.0382859 -0.980966
0 0 0 0
1.0 0.0 0.0 0.0
-86.8451 64.8764 -23.3896
0.472614 -0.0882909 -0.876836
255 255 255 255
0.0509581 -0.869643
0 0 0 0
1.0 0.0 0.0 0.0
-93.5257 38.7982 -23.3896
0.53787 -0.359912 -0.762338
255 255 255 255
0.0908606 -0.865248
0 0 0 0
1.0 0.0 0.0 0.0
-84.8164 74.5306 -23.3896
0.515985 -0.101476 -0.850566
255 255 255 255
0.0358742 -0.873606
0 0 0 0
1.0 0.0 0.0 0.0
-85.3207 95.1597 -23.3896
0.534211 0.303668 -0.788926
255 255 255 255
0.00438678 -0.881932
0 0 0 0
1.0 0.0 0.0 0.0
-144.389 98.7806 -23.3896
-0.372306 0.749831 -0.546938
255 255 255 255
0.0273758 -0.971552
0 0 0 0
1.0 0.0 0.0 0.0
-92.6219 98.7806 -23.3896
0.224406 0.745731 -0.627317
255 255 255 255
0.00148713 -0.895805
0 0 0 0
1.0 0.0 0.0 0.0
-190.277 -3.54291 -23.3895
-0.644018 0.286668 -0.709269
255 255 255 255
0.197053 -0.983492
0 0 0 0
1.0 0.0 0.0 0.0
-102.186 -40.748 6.6387e-006
0.34773 -0.937595 0.0
255 255 255 255
0.20604 -0.814067
0 0 0 0
1.0 0.0 0.0 0.0
-243.217 88.0102 -1.43387e-005
0.584666 0.811274 0.0
255 255 255 255
0.602388 -0.0472432
0 0 0 0
1.0 0.0 0.0 0.0
-248.058 93.2882 -1.51986e-005
-0.280657 0.959808 0.0
255 255 255 255
0.602388 -0.0560095
0 0 0 0
1.0 0.0 0.0 0.0
-246.592 86.161 5.57335
-0.380575 0.493801 0.781872
255 255 255 255
0.608475 -0.0507063
0 0 0 0
1.0 0.0 0.0 0.0
-249.093 83.9847 -1.36829e-005
-0.985952 -0.167031 0.0
255 255 255 255
0.611601 -0.0560095
0 0 0 0
1.0 0.0 0.0 0.0
-247.604 83.8528 5.57335
-0.73551 -0.0452903 0.675998
255 255 255 255
0.610897 -0.0523344
0 0 0 0
1.0 0.0 0.0 0.0
-240.362 69.6844 -1.1353e-005
-0.680215 -0.733013 0.0
255 255 255 255
0.624111 -0.0560095
0 0 0 0
1.0 0.0 0.0 0.0
-235.652 80.6184 7.0033
0.116646 0.569707 0.813528
255 255 255 255
0.610677 -0.0424801
0 0 0 0
1.0 0.0 0.0 0.0
-243.551 86.1317 5.57335
0.204388 0.710917 0.672921
255 255 255 255
0.607338 -0.0479107
0 0 0 0
1.0 0.0 0.0 0.0
-238.773 70.6044 7.0033
-0.49084 -0.488643 0.721321
255 255 255 255
0.621078 -0.0497064
0 0 0 0
1.0 0.0 0.0 0.0
-236.876 75.7172 7.0033
-0.116798 0.0345481 0.992555
255 255 255 255
0.615885 -0.0459862
0 0 0 0
1.0 0.0 0.0 0.0
-234.939 81.9267 -1.33476e-005
0.37981 0.925064 0.0
255 255 255 255
0.602388 -0.0378513
0 0 0 0
1.0 0.0 0.0 0.0
-223.287 79.7031 -1.29853e-005
-0.0597865 0.998211 0.0
255 255 255 255
0.602388 -0.0269956
0 0 0 0
1.0 0.0 0.0 0.0
-224.264 70.4354 8.71539
-0.248729 -0.0520043 0.967176
255 255 255 255
0.626914 -0.0390251
0 0 0 0
1.0 0.0 0.0 0.0
-223.672 78.7024 8.71539
-0.250072 0.654508 0.713501
255 255 255 255
0.615873 -0.0315895
0 0 0 0
1.0 0.0 0.0 0.0
-221.186 60.1663 -9.80233e-006
-0.407585 -0.913167 0.0
255 255 255 255
0.644413 -0.0560095
0 0 0 0
1.0 0.0 0.0 0.0
-191.479 36.6932 7.21982
-0.843969 -0.171242 0.508323
255 255 255 255
0.698477 -0.0446381
0 0 0 0
1.0 0.0 0.0 0.0
-193.875 36.6932 -5.97808e-006
-0.975477 -0.220103 0.0
255 255 255 255
0.697307 -0.0560095
0 0 0 0
1.0 0.0 0.0 0.0
-193.544 22.8859 -3.72859e-006
-0.968564 0.248764 0.0
255 255 255 255
0.717605 -0.0560095
0 0 0 0
1.0 0.0 0.0 0.0
-201.476 7.03557 -1.14624e-006
-0.855049 0.518547 0.0
255 255 255 255
0.740708 -0.0560095
0 0 0 0
1.0 0.0 0.0 0.0
-214.037 -10.7518 1.75169e-006
-0.988237 -0.152931 0.0
255 255 255 255
0.759892 -0.0560095
0 0 0 0
1.0 0.0 0.0 0.0
-212.369 -10.7518 8.7154
-0.831166 -0.107184 0.545596
255 255 255 255
0.759909 -0.0482004
0 0 0 0
1.0 0.0 0.0 0.0
-199.808 7.03556 8.42626
-0.693821 0.396962 0.60086
255 255 255 255
0.740621 -0.0458713
0 0 0 0
1.0 0.0 0.0 0.0
-219.509 61.2264 8.71539
-0.408409 -0.665748 0.624486
255 255 255 255
0.641691 -0.0448079
0 0 0 0
1.0 0.0 0.0 0.0
-209.842 55.8376 -9.0971e-006
-0.4562 -0.889877 0.0
255 255 255 255
0.659101 -0.0560095
0 0 0 0
1.0 0.0 0.0 0.0
-208.344 56.5139 8.71539
-0.394618 -0.773 0.496737
255 255 255 255
0.658886 -0.0436212
0 0 0 0
1.0 0.0 0.0 0.0
-198.363 48.3835 -7.88268e-006
-0.762487 -0.647003 0.0
255 255 255 255
0.6784 -0.0560095
0 0 0 0
1.0 0.0 0.0 0.0
-196.504 48.3835 7.91755
-0.676888 -0.534118 0.506498
255 255 255 255
0.680234 -0.0439667
0 0 0 0
1.0 0.0 0.0 0.0
-184.929 34.514 14.2598
-0.734146 -0.0658305 0.675793
255 255 255 255
0.702832 -0.0321147
0 0 0 0
1.0 0.0 0.0 0.0
-191.876 22.8859 7.69843
-0.833731 0.187786 0.519258
255 255 255 255
0.717677 -0.0448296
0 0 0 0
1.0 0.0 0.0 0.0
-199.378 -20.1058 14.2598
-0.608158 -0.351461 0.711772
255 255 255 255
0.773626 -0.0321147
0 0 0 0
1.0 0.0 0.0 0.0
-189.332 5.4167 14.2598
-0.492032 0.209027 0.845111
255 255 255 255
0.738885 -0.0321147
0 0 0 0
1.0 0.0 0.0 0.0
-212.814 72.9003 14.2598
-0.393604 -0.0190744 0.919082
255 255 255 255
0.634703 -0.0230551
0 0 0 0
1.0 0.0 0.0 0.0
-207.252 62.82 14.2598
-0.312241 -0.486994 0.815685
255 255 255 255
0.654248 -0.0321147
0 0 0 0
1.0 0.0 0.0 0.0
-196.356 57.8809 14.2598
-0.401661 -0.523982 0.751074
255 255 255 255
0.67186 -0.0321147
0 0 0 0
1.0 0.0 0.0 0.0
-188.257 45.9754 14.2598
-0.668128 -0.322528 0.670508
255 255 255 255
0.689586 -0.0321147
0 0 0 0
1.0 0.0 0.0 0.0
-201.045 -20.1058 3.27565e-006
-0.597663 -0.801747 0.0
255 255 255 255
0.773626 -0.0560095
0 0 0 0
1.0 0.0 0.0 0.0
-209.282 83.4793 -1.36005e-005
-0.274125 0.961694 0.0
255 255 255 255
0.602388 -0.0123566
0 0 0 0
1.0 0.0 0.0 0.0
-246.592 86.161 -5.57338
-0.380575 0.493801 -0.781872
255 255 255 255
0.608475 -0.0613129
0 0 0 0
1.0 0.0 0.0 0.0
-243.217 88.0102 -1.43387e-005
0.584666 0.811274 0.0
255 255 255 255
0.602388 -0.0647758
0 0 0 0
1.0 0.0 0.0 0.0
-247.604 83.8528 -5.57338
-0.73551 -0.0452903 -0.675998
255 255 255 255
0.610897 -0.0596845
0 0 0 0
1.0 0.0 0.0 0.0
-235.652 80.6184 -7.00332
0.116646 0.569707 -0.813528
255 255 255 255
0.610677 -0.069539
0 0 0 0
1.0 0.0 0.0 0.0
-236.876 75.7172 -7.00332
-0.116798 0.0345481 -0.992555
255 255 255 255
0.615884 -0.0660329
0 0 0 0
1.0 0.0 0.0 0.0
-238.773 70.6044 -7.00332
-0.49084 -0.488643 -0.721321
255 255 255 255
0.621078 -0.0623126
0 0 0 0
1.0 0.0 0.0 0.0
-234.939 81.9267 -1.33476e-005
0.37981 0.925064 0.0
255 255 255 255
0.602388 -0.0741677
0 0 0 0
1.0 0.0 0.0 0.0
-243.551 86.1317 -5.57338
0.204388 0.710917 -0.672921
255 255 255 255
0.607338 -0.0641084
0 0 0 0
1.0 0.0 0.0 0.0
-223.287 79.7031 -1.29853e-005
-0.0597865 0.998211 0.0
255 255 255 255
0.602388 -0.0850234
0 0 0 0
1.0 0.0 0.0 0.0
-223.672 78.7024 -8.71541
-0.250072 0.654508 -0.713501
255 255 255 255
0.615873 -0.0804295
0 0 0 0
1.0 0.0 0.0 0.0
-224.264 70.4354 -8.71541
-0.248758 -0.0520039 -0.967169
255 255 255 255
0.626914 -0.072994
0 0 0 0
1.0 0.0 0.0 0.0
-219.509 61.2264 -8.71541
-0.408409 -0.665748 -0.624486
255 255 255 255
0.641691 -0.067211
0 0 0 0
1.0 0.0 0.0 0.0
-191.479 36.6932 -7.21983
-0.843969 -0.171242 -0.508323
255 255 255 255
0.698477 -0.0673809
0 0 0 0
1.0 0.0 0.0 0.0
-191.876 22.8859 -7.69843
-0.833731 0.187786 -0.519258
255 255 255 255
0.717677 -0.0671894
0 0 0 0
1.0 0.0 0.0 0.0
-212.369 -10.7518 -8.7154
-0.831166 -0.107184 -0.545596
255 255 255 255
0.759909 -0.0638186
0 0 0 0
1.0 0.0 0.0 0.0
-199.808 7.03556 -8.42627
-0.693821 0.396962 -0.60086
255 255 255 255
0.740621 -0.0661479
0 0 0 0
1.0 0.0 0.0 0.0
-208.344 56.5139 -8.71541
-0.394618 -0.773 -0.496737
255 255 255 255
0.658886 -0.0683979
0 0 0 0
1.0 0.0 0.0 0.0
-196.504 48.3835 -7.91757
-0.676888 -0.534118 -0.506498
255 255 255 255
0.680234 -0.0680524
0 0 0 0
1.0 0.0 0.0 0.0
-184.929 34.514 -14.2598
-0.734146 -0.0658305 -0.675793
255 255 255 255
0.702832 -0.0799043
0 0 0 0
1.0 0.0 0.0 0.0
-185.204 22.2982 -14.2598
-0.694254 0.0901542 -0.714061
255 255 255 255
0.717027 -0.0799043
0 0 0 0
1.0 0.0 0.0 0.0
-199.378 -20.1058 -14.2598
-0.608158 -0.351461 -0.711772
255 255 255 255
0.773626 -0.0799043
0 0 0 0
1.0 0.0 0.0 0.0
-189.332 5.4167 -14.2598
-0.492032 0.209027 -0.845111
255 255 255 255
0.738885 -0.0799043
0 0 0 0
1.0 0.0 0.0 0.0
-212.814 72.9003 -14.2598
-0.393604 -0.0190744 -0.919082
255 255 255 255
0.634703 -0.0889641
0 0 0 0
1.0 0.0 0.0 0.0
-207.252 62.82 -14.2598
-0.312241 -0.486994 -0.815685
255 255 255 255
0.654248 -0.0799043
0 0 0 0
1.0 0.0 0.0 0.0
-196.356 57.8809 -14.2598
-0.401661 -0.523982 -0.751074
255 255 255 255
0.67186 -0.0799043
0 0 0 0
1.0 0.0 0.0 0.0
-188.257 45.9754 -14.2598
-0.668128 -0.322528 -0.670508
255 255 255 255
0.689586 -0.0799043
0 0 0 0
1.0 0.0 0.0 0.0
-209.282 83.4793 -1.36005e-005
-0.274125 0.961694 0.0
255 255 255 255
0.602388 -0.0996622
0 0 0 0
1.0 0.0 0.0 0.0
-207.784 82.98 -14.2598
-0.387566 0.756301 -0.52707
255 255 255 255
0.62062 -0.0996622
0 0 0 0
1.0 0.0 0.0 0.0
-204.141 125.45 -2.04384e-005
0.850808 0.525476 0.0
255 255 255 255
0.920705 -0.596185
0 0 0 0
1.0 0.0 0.0 0.0
-205.908 124.887 5.92441
0.398517 0.226054 0.888866
255 255 255 255
0.929968 -0.596185
0 0 0 0
1.0 0.0 0.0 0.0
-168.92 101.226 5.92442
0.459528 0.713082 0.529478
255 255 255 255
0.929968 -0.636331
0 0 0 0
1.0 0.0 0.0 0.0
-181.907 100.918 5.92442
-0.344284 -0.421435 0.838964
255 255 255 255
0.936438 -0.623293
0 0 0 0
1.0 0.0 0.0 0.0
-181.888 101.038 -1.64612e-005
-0.629214 -0.777232 0.0
255 255 255 255
0.94311 -0.623101
0 0 0 0
1.0 0.0 0.0 0.0
-209.163 123.185 5.92441
-0.603002 -0.346395 0.718609
255 255 255 255
0.936438 -0.596185
0 0 0 0
1.0 0.0 0.0 0.0
-210.514 122.477 -1.9954e-005
-0.870184 -0.492727 0.0
255 255 255 255
0.94311 -0.596185
0 0 0 0
1.0 0.0 0.0 0.0
-210.37 134.154 5.9759
-0.645358 0.326952 0.690374
255 255 255 255
0.936438 -0.58021
0 0 0 0
1.0 0.0 0.0 0.0
-206.604 132.21 5.9759
0.365159 -0.174843 0.914379
255 255 255 255
0.929968 -0.58021
0 0 0 0
1.0 0.0 0.0 0.0
-204.473 130.835 -2.13158e-005
0.921018 -0.38952 0.0
255 255 255 255
0.920705 -0.58021
0 0 0 0
1.0 0.0 0.0 0.0
-201.322 133.218 -2.1704e-005
0.172495 -0.98501 0.0
255 255 255 255
0.920705 -0.56057
0 0 0 0
1.0 0.0 0.0 0.0
-201.477 139.677 6.02722
-0.0626556 0.723271 0.687716
255 255 255 255
0.936438 -0.56057
0 0 0 0
1.0 0.0 0.0 0.0
-201.477 140.83 -2.2944e-005
-0.0754735 0.997148 0.0
255 255 255 255
0.943111 -0.56057
0 0 0 0
1.0 0.0 0.0 0.0
-211.714 134.634 -2.19346e-005
-0.89803 0.439935 0.0
255 255 255 255
0.94311 -0.58021
0 0 0 0
1.0 0.0 0.0 0.0
-192.983 137.307 -2.23701e-005
0.408046 0.912961 0.0
255 255 255 255
0.943111 -0.544713
0 0 0 0
1.0 0.0 0.0 0.0
-193.183 136.138 6.02722
0.26445 0.58524 0.766525
255 255 255 255
0.936438 -0.544713
0 0 0 0
1.0 0.0 0.0 0.0
-201.427 136.105 6.02722
0.0416282 -0.383443 0.922626
255 255 255 255
0.929968 -0.56057
0 0 0 0
1.0 0.0 0.0 0.0
-194.168 133.196 6.02723
-0.224344 -0.519156 0.82471
255 255 255 255
0.929968 -0.544713
0 0 0 0
1.0 0.0 0.0 0.0
-164.809 117.649 6.02723
-0.298327 -0.559848 0.773027
255 255 255 255
0.929968 -0.514123
0 0 0 0
1.0 0.0 0.0 0.0
-195.131 131.513 -2.14262e-005
-0.366228 -0.930525 0.0
255 255 255 255
0.920705 -0.544713
0 0 0 0
1.0 0.0 0.0 0.0
-163.824 121.69 6.02723
0.238785 0.485231 0.84115
255 255 255 255
0.936438 -0.514123
0 0 0 0
1.0 0.0 0.0 0.0
-163.854 123.505 -2.01216e-005
0.440021 0.897987 0.0
255 255 255 255
0.943111 -0.514123
0 0 0 0
1.0 0.0 0.0 0.0
-168.92 101.226 -5.92445
0.459528 0.713082 -0.529478
255 255 255 255
0.956654 -0.636331
0 0 0 0
1.0 0.0 0.0 0.0
-205.908 124.887 -5.92445
0.398517 0.226054 -0.888866
255 255 255 255
0.956654 -0.596185
0 0 0 0
1.0 0.0 0.0 0.0
-204.141 125.45 -2.04384e-005
0.850808 0.525476 0.0
255 255 255 255
0.965916 -0.596185
0 0 0 0
1.0 0.0 0.0 0.0
-181.907 100.918 -5.92445
-0.344284 -0.421435 -0.838964
255 255 255 255
0.950174 -0.623297
0 0 0 0
1.0 0.0 0.0 0.0
-209.163 123.185 -5.92445
-0.603002 -0.346395 -0.718609
255 255 255 255
0.950174 -0.596185
0 0 0 0
1.0 0.0 0.0 0.0
-210.37 134.154 -5.97595
-0.645358 0.326952 -0.690374
255 255 255 255
0.950174 -0.58021
0 0 0 0
1.0 0.0 0.0 0.0
-206.604 132.21 -5.97595
0.365159 -0.174843 -0.914379
255 255 255 255
0.956654 -0.58021
0 0 0 0
1.0 0.0 0.0 0.0
-204.473 130.835 -2.13158e-005
0.921018 -0.38952 0.0
255 255 255 255
0.965916 -0.58021
0 0 0 0
1.0 0.0 0.0 0.0
-204.141 125.45 -2.04384e-005
0.850808 0.525476 0.0
255 255 255 255
0.965916 -0.596185
0 0 0 0
1.0 0.0 0.0 0.0
-201.322 133.218 -2.1704e-005
0.172495 -0.98501 0.0
255 255 255 255
0.965916 -0.56057
0 0 0 0
1.0 0.0 0.0 0.0
-204.473 130.835 -2.13158e-005
0.921018 -0.38952 0.0
255 255 255 255
0.965916 -0.58021
0 0 0 0
1.0 0.0 0.0 0.0
-201.477 139.677 -6.02727
-0.0626556 0.723271 -0.687716
255 255 255 255
0.950174 -0.56057
0 0 0 0
1.0 0.0 0.0 0.0
-201.427 136.105 -6.02727
0.0416282 -0.383443 -0.922626
255 255 255 255
0.956654 -0.56057
0 0 0 0
1.0 0.0 0.0 0.0
-193.183 136.138 -6.02727
0.26445 0.58524 -0.766525
255 255 255 255
0.950174 -0.544713
0 0 0 0
1.0 0.0 0.0 0.0
-194.168 133.196 -6.02727
-0.224344 -0.519156 -0.82471
255 255 255 255
0.956654 -0.544713
0 0 0 0
1.0 0.0 0.0 0.0
-195.131 131.513 -2.14262e-005
-0.366228 -0.930525 0.0
255 255 255 255
0.965916 -0.544713
0 0 0 0
1.0 0.0 0.0 0.0
-201.322 133.218 -2.1704e-005
0.172495 -0.98501 0.0
255 255 255 255
0.965916 -0.56057
0 0 0 0
1.0 0.0 0.0 0.0
-164.809 117.649 -6.02727
-0.298327 -0.559848 -0.773027
255 255 255 255
0.956654 -0.514123
0 0 0 0
1.0 0.0 0.0 0.0
-165.704 115.818 -1.88691e-005
-0.470607 -0.882343 0.0
255 255 255 255
0.965916 -0.514123
0 0 0 0
1.0 0.0 0.0 0.0
-195.131 131.513 -2.14262e-005
-0.366228 -0.930525 0.0
255 255 255 255
0.965916 -0.544713
0 0 0 0
1.0 0.0 0.0 0.0
-163.824 121.69 -6.02727
0.238785 0.485231 -0.84115
255 255 255 255
0.950174 -0.514123
0 0 0 0
1.0 0.0 0.0 0.0
-78.342 85.8556 -10.8677
-0.488913 -0.514396 0.704529
255 255 255 255
0.887935 -0.125301
0 0 0 0
1.0 0.0 0.0 0.0
-70.5831 84.4438 -1.37576e-005
-0.921767 -0.387745 0.0
255 255 255 255
0.887935 -0.131668
0 0 0 0
1.0 0.0 0.0 0.0
-145.187 98.0185 -1.59692e-005
0.540919 -0.841074 0.0
255 255 255 255
0.929078 -0.131668
0 0 0 0
1.0 0.0 0.0 0.0
-144.094 97.8197 -10.8677
0.385486 -0.693698 0.608428
255 255 255 255
0.929078 -0.125301
0 0 0 0
1.0 0.0 0.0 0.0
-213.846 -120.379 -10.8677
0.152932 -0.943503 0.293962
255 255 255 255
0.929078 -0.0432389
0 0 0 0
1.0 0.0 0.0 0.0
-147.791 -130.334 -10.8677
-0.363117 -0.76127 0.537229
255 255 255 255
0.887935 -0.0432389
0 0 0 0
1.0 0.0 0.0 0.0
-145.187 98.0185 -1.59692e-005
0.540919 -0.841074 0.0
255 255 255 255
0.934988 -0.125301
0 0 0 0
1.0 0.0 0.0 0.0
-214.944 -120.214 1.95853e-005
0.499173 -0.866502 0.0
255 255 255 255
0.934988 -0.0432389
0 0 0 0
1.0 0.0 0.0 0.0
-139.997 -131.508 2.14255e-005
-0.676549 -0.736397 0.0
255 255 255 255
0.879421 -0.0432389
0 0 0 0
1.0 0.0 0.0 0.0
-70.5831 84.4438 -1.37576e-005
-0.921767 -0.387745 0.0
255 255 255 255
0.879421 -0.125301
0 0 0 0
1.0 0.0 0.0 0.0
-145.187 98.0185 -1.59692e-005
0.540919 -0.841074 0.0
255 255 255 255
0.940569 -0.131721
0 0 0 0
1.0 0.0 0.0 0.0
-70.5831 84.4438 -1.37576e-005
-0.921767 -0.387745 0.0
255 255 255 255
0.982065 -0.131721
0 0 0 0
1.0 0.0 0.0 0.0
-78.342 85.8556 10.8677
-0.488913 -0.514396 -0.704529
255 255 255 255
0.982065 -0.125301
0 0 0 0
1.0 0.0 0.0 0.0
-144.094 97.8197 10.8677
0.385486 -0.693698 -0.608428
255 255 255 255
0.940569 -0.125301
0 0 0 0
1.0 0.0 0.0 0.0
-147.791 -130.334 10.8677
-0.363117 -0.76127 -0.537229
255 255 255 255
0.982065 -0.0432389
0 0 0 0
1.0 0.0 0.0 0.0
-145.187 98.0185 -1.59692e-005
0.540919 -0.841074 0.0
255 255 255 255
0.934988 -0.125301
0 0 0 0
1.0 0.0 0.0 0.0
-213.846 -120.379 10.8677
0.152932 -0.943503 -0.293962
255 255 255 255
0.940569 -0.0432389
0 0 0 0
1.0 0.0 0.0 0.0
-139.997 -131.508 2.14255e-005
-0.676549 -0.736397 0.0
255 255 255 255
0.990569 -0.0432389
0 0 0 0
1.0 0.0 0.0 0.0
-42.9301 10.9895 -0.245349
0.180126 0.983644 0.0
255 255 255 255
0.844008 -0.0161319
0 0 0 0
1.0 0.0 0.0 0.0
-42.9598 10.7704 8.20326
0.124093 0.644421 0.754535
255 255 255 255
0.844036 -0.0065648
0 0 0 0
1.0 0.0 0.0 0.0
-32.4426 10.4985 8.20326
-0.0161751 0.672822 0.739628
255 255 255 255
0.854699 -0.0065648
0 0 0 0
1.0 0.0 0.0 0.0
-32.4287 11.2086 -0.245349
-0.0330516 0.999454 0.0
255 255 255 255
0.854728 -0.0161332
0 0 0 0
1.0 0.0 0.0 0.0
-32.4426 10.4985 -8.69395
-0.0161751 0.672822 -0.739628
255 255 255 255
0.854697 -0.0257159
0 0 0 0
1.0 0.0 0.0 0.0
-46.5457 62.3256 -0.245358
0.276019 -0.961152 0.0
255 255 255 255
0.989386 -0.016153
0 0 0 0
1.0 0.0 0.0 0.0
-31.8304 61.1435 -0.245357
-0.0654636 -0.997855 0.0
255 255 255 255
0.9744 -0.0161509
0 0 0 0
1.0 0.0 0.0 0.0
-31.8304 63.8466 8.20325
-0.0202342 -0.907183 0.420249
255 255 255 255
0.9744 -0.0065648
0 0 0 0
1.0 0.0 0.0 0.0
-46.5457 63.8466 -8.69396
0.250838 -0.887777 -0.385917
255 255 255 255
0.989565 -0.0257159
0 0 0 0
1.0 0.0 0.0 0.0
-31.8304 63.8466 -8.69396
-0.0202648 -0.904012 -0.427026
255 255 255 255
0.9744 -0.0257159
0 0 0 0
1.0 0.0 0.0 0.0
-56.0434 15.8689 -0.24535
0.598661 0.801002 0.0
255 255 255 255
0.829604 -0.016131
0 0 0 0
1.0 0.0 0.0 0.0
-42.9598 10.7704 -8.69395
0.124093 0.644421 -0.754535
255 255 255 255
0.844034 -0.0257159
0 0 0 0
1.0 0.0 0.0 0.0
-56.2125 15.6464 8.20325
0.368334 0.49514 0.786871
255 255 255 255
0.829644 -0.0065648
0 0 0 0
1.0 0.0 0.0 0.0
-63.2119 25.4806 -0.245352
0.916844 0.399246 0.0
255 255 255 255
0.81703 -0.0161312
0 0 0 0
1.0 0.0 0.0 0.0
-56.2125 15.6464 -8.69395
0.368334 0.49514 -0.786871
255 255 255 255
0.829644 -0.0257159
0 0 0 0
1.0 0.0 0.0 0.0
-63.7137 25.523 8.20325
0.902352 0.187752 0.387956
255 255 255 255
0.81703 -0.0065648
0 0 0 0
1.0 0.0 0.0 0.0
-65.9152 41.5591 -0.245354
0.99401 -0.109289 0.0
255 255 255 255
0.800047 -0.0161312
0 0 0 0
1.0 0.0 0.0 0.0
-63.7137 25.523 -8.69395
0.899655 0.188031 -0.394038
255 255 255 255
0.81703 -0.0257159
0 0 0 0
1.0 0.0 0.0 0.0
-66.1914 41.914 8.20325
0.962596 -0.118169 0.243815
255 255 255 255
0.799773 -0.0065648
0 0 0 0
1.0 0.0 0.0 0.0
-60.9366 53.7745 -0.245356
0.760537 -0.649295 0.0
255 255 255 255
0.786025 -0.0161313
0 0 0 0
1.0 0.0 0.0 0.0
-66.1914 41.914 -8.69395
0.960431 -0.116521 -0.252972
255 255 255 255
0.799773 -0.0257159
0 0 0 0
1.0 0.0 0.0 0.0
-61.3629 54.1641 8.20325
0.756465 -0.586347 0.289755
255 255 255 255
0.786025 -0.0065648
0 0 0 0
1.0 0.0 0.0 0.0
-46.5457 62.3256 -0.245358
0.276019 -0.961152 0.0
255 255 255 255
0.767816 -0.0161313
0 0 0 0
1.0 0.0 0.0 0.0
-46.5457 62.3256 -0.245358
0.276019 -0.961152 0.0
255 255 255 255
0.767816 -0.0161313
0 0 0 0
1.0 0.0 0.0 0.0
-61.3629 54.1641 -8.69396
0.754245 -0.583705 -0.300672
255 255 255 255
0.786025 -0.0257159
0 0 0 0
1.0 0.0 0.0 0.0
-11.2617 60.0889 -0.245357
-0.188545 -0.982065 0.0
255 255 255 255
0.950403 -0.016148
0 0 0 0
1.0 0.0 0.0 0.0
-8.08475 63.8466 -8.69396
-0.110112 -0.813784 -0.570641
255 255 255 255
0.950403 -0.0257159
0 0 0 0
1.0 0.0 0.0 0.0
-10.3828 12.2055 -0.245349
-0.229531 0.973301 0.0
255 255 255 255
0.877317 -0.0161368
0 0 0 0
1.0 0.0 0.0 0.0
-10.2337 11.7256 -8.69395
-0.149146 0.622038 -0.768651
255 255 255 255
0.877335 -0.0257159
0 0 0 0
1.0 0.0 0.0 0.0
0.0782455 16.2643 8.20325
-0.37551 0.50473 0.777329
255 255 255 255
0.888775 -0.0065648
0 0 0 0
1.0 0.0 0.0 0.0
-0.0732333 16.6425 -0.24535
-0.607299 0.794473 0.0
255 255 255 255
0.888891 -0.0161387
0 0 0 0
1.0 0.0 0.0 0.0
0.0782455 16.2643 -8.69395
-0.37551 0.50473 -0.777329
255 255 255 255
0.888772 -0.0257159
0 0 0 0
1.0 0.0 0.0 0.0
7.09828 24.6377 8.20325
-0.549104 0.280839 0.787155
255 255 255 255
0.899767 -0.0065648
0 0 0 0
1.0 0.0 0.0 0.0
6.27058 25.0708 -0.245352
-0.897687 0.440634 0.0
255 255 255 255
0.899844 -0.0161406
0 0 0 0
1.0 0.0 0.0 0.0
7.09828 24.6377 -8.69395
-0.549104 0.280839 -0.787155
255 255 255 255
0.899765 -0.0257159
0 0 0 0
1.0 0.0 0.0 0.0
8.98937 34.9671 -0.245353
-0.998189 0.0601532 0.0
255 255 255 255
0.910738 -0.0161424
0 0 0 0
1.0 0.0 0.0 0.0
10.2349 35.1983 -8.69395
-0.592947 0.038545 -0.804319
255 255 255 255
0.910857 -0.0257159
0 0 0 0
1.0 0.0 0.0 0.0
7.1406 45.7336 -0.245355
-0.935837 -0.352434 0.0
255 255 255 255
0.922843 -0.0161441
0 0 0 0
1.0 0.0 0.0 0.0
10.2349 35.1983 8.20325
-0.592947 0.038545 0.804319
255 255 255 255
0.91086 -0.0065648
0 0 0 0
1.0 0.0 0.0 0.0
8.79116 47.1165 -8.69396
-0.522799 -0.191052 -0.830771
255 255 255 255
0.923225 -0.0257159
0 0 0 0
1.0 0.0 0.0 0.0
1.26795 54.2244 -0.245356
-0.696081 -0.717963 0.0
255 255 255 255
0.934977 -0.0161458
0 0 0 0
1.0 0.0 0.0 0.0
8.79116 47.1165 8.20325
-0.522799 -0.191052 0.830771
255 255 255 255
0.923227 -0.0065648
0 0 0 0
1.0 0.0 0.0 0.0
3.54962 56.6892 -8.69396
-0.355215 -0.340108 -0.870718
255 255 255 255
0.934794 -0.0257159
0 0 0 0
1.0 0.0 0.0 0.0
-8.08475 63.8466 8.20325
-0.110143 -0.818151 0.564356
255 255 255 255
0.950403 -0.0065648
0 0 0 0
1.0 0.0 0.0 0.0
16.2084 56.6892 8.20325
0.471823 -0.266858 0.840339
255 255 255 255
0.979583 -0.933849
0 0 0 0
1.0 0.0 0.0 0.0
17.9033 54.3874 -0.245356
0.869854 -0.49331 0.0
255 255 255 255
0.979583 -0.956167
0 0 0 0
1.0 0.0 0.0 0.0
22.6892 59.8259 -0.245357
0.675241 -0.737592 -0.0029909
255 255 255 255
0.996426 -0.956167
0 0 0 0
1.0 0.0 0.0 0.0
16.2084 56.6892 -8.69396
0.471823 -0.266858 -0.840339
255 255 255 255
0.979583 -0.979497
0 0 0 0
1.0 0.0 0.0 0.0
21.7357 63.8466 -8.69396
0.371817 -0.693552 -0.61704
255 255 255 255
0.996426 -0.979497
0 0 0 0
1.0 0.0 0.0 0.0
13.0924 47.1165 8.20325
0.577994 -0.113102 0.808165
255 255 255 255
0.96615 -0.933849
0 0 0 0
1.0 0.0 0.0 0.0
14.6402 46.1209 -0.245355
0.980843 -0.194801 0.0
255 255 255 255
0.96615 -0.956167
0 0 0 0
1.0 0.0 0.0 0.0
13.0924 47.1165 -8.69396
0.577994 -0.113102 -0.808165
255 255 255 255
0.96615 -0.979497
0 0 0 0
1.0 0.0 0.0 0.0
12.7739 34.5491 8.20325
0.668764 -0.112798 0.734868
255 255 255 255
0.948092 -0.933849
0 0 0 0
1.0 0.0 0.0 0.0
14.0963 34.4826 -0.245353
0.987253 -0.159156 0.0
255 255 255 255
0.948092 -0.956167
0 0 0 0
1.0 0.0 0.0 0.0
12.7739 34.549 -8.69395
0.668764 -0.112798 -0.734868
255 255 255 255
0.948092 -0.979497
0 0 0 0
1.0 0.0 0.0 0.0
9.42888 23.4675 8.20325
0.597443 -0.306626 0.740974
255 255 255 255
0.931445 -0.933849
0 0 0 0
1.0 0.0 0.0 0.0
10.9638 22.2134 -0.245351
0.894097 -0.447873 0.0
255 255 255 255
0.931445 -0.956167
0 0 0 0
1.0 0.0 0.0 0.0
9.42888 23.4675 -8.69395
0.597443 -0.306626 -0.740974
255 255 255 255
0.931445 -0.979497
0 0 0 0
1.0 0.0 0.0 0.0
1.84171 14.3783 8.20325
0.409902 -0.473535 0.77958
255 255 255 255
0.915319 -0.933849
0 0 0 0
1.0 0.0 0.0 0.0
3.71972 12.1413 -0.245349
0.673793 -0.73892 0.0
255 255 255 255
0.915319 -0.956167
0 0 0 0
1.0 0.0 0.0 0.0
1.84171 14.3783 -8.69395
0.409902 -0.473535 -0.77958
255 255 255 255
0.915319 -0.979497
0 0 0 0
1.0 0.0 0.0 0.0
-9.09469 9.01975 8.20326
0.138955 -0.57053 0.809436
255 255 255 255
0.898924 -0.933849
0 0 0 0
1.0 0.0 0.0 0.0
-7.70106 5.37582 -0.245348
0.265789 -0.964031 0.0
255 255 255 255
0.898924 -0.956167
0 0 0 0
1.0 0.0 0.0 0.0
-9.09469 9.01975 -8.69395
0.138955 -0.57053 -0.809436
255 255 255 255
0.898924 -0.979497
0 0 0 0
1.0 0.0 0.0 0.0
-32.4426 8.21561 8.20326
0.00781285 -0.550012 0.83512
255 255 255 255
0.869828 -0.933849
0 0 0 0
1.0 0.0 0.0 0.0
-32.2475 4.46216 -0.245348
0.0126043 -0.999921 0.0
255 255 255 255
0.869828 -0.956167
0 0 0 0
1.0 0.0 0.0 0.0
-32.4426 8.21561 -8.69395
0.00781285 -0.550012 -0.83512
255 255 255 255
0.869828 -0.979497
0 0 0 0
1.0 0.0 0.0 0.0
-42.8348 8.21561 8.20326
0.00430321 -0.546782 0.837264
255 255 255 255
0.852767 -0.933849
0 0 0 0
1.0 0.0 0.0 0.0
-42.811 4.57093 -0.245348
0.00988812 -0.999951 0.0
255 255 255 255
0.852767 -0.956167
0 0 0 0
1.0 0.0 0.0 0.0
-42.8348 8.21561 -8.69395
0.00430321 -0.546782 -0.837264
255 255 255 255
0.852767 -0.979497
0 0 0 0
1.0 0.0 0.0 0.0
-57.7877 8.21561 8.20326
0.0049746 -0.532161 0.846629
255 255 255 255
0.831739 -0.936668
0 0 0 0
1.0 0.0 0.0 0.0
-57.5847 4.20838 -0.245348
0.0102238 -0.999948 0.0
255 255 255 255
0.831739 -0.956167
0 0 0 0
1.0 0.0 0.0 0.0
-57.7877 8.21561 -8.69395
0.0049746 -0.532161 -0.846629
255 255 255 255
0.831739 -0.975387
0 0 0 0
1.0 0.0 0.0 0.0
-72.355 7.94561 8.20326
0.191873 -0.807685 0.557521
255 255 255 255
0.807065 -0.940749
0 0 0 0
1.0 0.0 0.0 0.0
-75.2041 4.20838 -0.245348
0.129126 -0.991408 0.020875
255 255 255 255
0.802433 -0.956167
0 0 0 0
1.0 0.0 0.0 0.0
-72.355 7.94561 -8.69395
0.235122 -0.798145 -0.554691
255 255 255 255
0.806774 -0.969709
0 0 0 0
1.0 0.0 0.0 0.0
-65.634 15.6841 8.20325
0.392634 -0.20088 0.897489
255 255 255 255
0.817874 -0.928896
0 0 0 0
1.0 0.0 0.0 0.0
-65.634 15.6841 -8.69395
0.387503 -0.198436 -0.900258
255 255 255 255
0.817343 -0.981775
0 0 0 0
1.0 0.0 0.0 0.0
-63.7137 25.523 8.20325
0.902352 0.187752 0.387956
255 255 255 255
0.821249 -0.91957
0 0 0 0
1.0 0.0 0.0 0.0
-56.2125 15.6464 8.20325
0.368334 0.49514 0.786871
255 255 255 255
0.831739 -0.91957
0 0 0 0
1.0 0.0 0.0 0.0
-56.2125 15.6464 -8.69395
0.368334 0.49514 -0.786871
255 255 255 255
0.831739 -0.993335
0 0 0 0
1.0 0.0 0.0 0.0
-63.7137 25.523 -8.69395
0.899655 0.188031 -0.394038
255 255 255 255
0.820413 -0.993335
0 0 0 0
1.0 0.0 0.0 0.0
-56.2125 15.6464 8.20325
0.368334 0.49514 0.786871
255 255 255 255
0.831739 -0.91957
0 0 0 0
1.0 0.0 0.0 0.0
-56.2125 15.6464 -8.69395
0.368334 0.49514 -0.786871
255 255 255 255
0.831739 -0.993335
0 0 0 0
1.0 0.0 0.0 0.0
-42.9598 10.7704 8.20326
0.124093 0.644421 0.754535
255 255 255 255
0.852767 -0.91957
0 0 0 0
1.0 0.0 0.0 0.0
-56.2125 15.6464 8.20325
0.368334 0.49514 0.786871
255 255 255 255
0.831739 -0.91957
0 0 0 0
1.0 0.0 0.0 0.0
-42.9598 10.7704 -8.69395
0.124093 0.644421 -0.754535
255 255 255 255
0.852767 -0.993335
0 0 0 0
1.0 0.0 0.0 0.0
-32.4426 10.4985 8.20326
-0.0161751 0.672822 0.739628
255 255 255 255
0.869828 -0.91957
0 0 0 0
1.0 0.0 0.0 0.0
-42.9598 10.7704 8.20326
0.124093 0.644421 0.754535
255 255 255 255
0.852767 -0.91957
0 0 0 0
1.0 0.0 0.0 0.0
-32.4426 10.4985 -8.69395
-0.0161751 0.672822 -0.739628
255 255 255 255
0.869828 -0.993335
0 0 0 0
1.0 0.0 0.0 0.0
-10.2337 11.7256 8.20326
-0.149146 0.622038 0.768651
255 255 255 255
0.898924 -0.91957
0 0 0 0
1.0 0.0 0.0 0.0
-32.4426 10.4985 8.20326
-0.0161751 0.672822 0.739628
255 255 255 255
0.869828 -0.91957
0 0 0 0
1.0 0.0 0.0 0.0
-10.2337 11.7256 -8.69395
-0.149146 0.622038 -0.768651
255 255 255 255
0.898924 -0.993335
0 0 0 0
1.0 0.0 0.0 0.0
0.0782455 16.2643 8.20325
-0.37551 0.50473 0.777329
255 255 255 255
0.915319 -0.91957
0 0 0 0
1.0 0.0 0.0 0.0
0.0782455 16.2643 -8.69395
-0.37551 0.50473 -0.777329
255 255 255 255
0.915319 -0.993335
0 0 0 0
1.0 0.0 0.0 0.0
7.09828 24.6377 8.20325
-0.549104 0.280839 0.787155
255 255 255 255
0.931445 -0.91957
0 0 0 0
1.0 0.0 0.0 0.0
0.0782455 16.2643 8.20325
-0.37551 0.50473 0.777329
255 255 255 255
0.915319 -0.91957
0 0 0 0
1.0 0.0 0.0 0.0
7.09828 24.6377 -8.69395
-0.549104 0.280839 -0.787155
255 255 255 255
0.931445 -0.993335
0 0 0 0
1.0 0.0 0.0 0.0
10.2349 35.1983 8.20325
-0.592947 0.038545 0.804319
255 255 255 255
0.948092 -0.91957
0 0 0 0
1.0 0.0 0.0 0.0
7.09828 24.6377 8.20325
-0.549104 0.280839 0.787155
255 255 255 255
0.931445 -0.91957
0 0 0 0
1.0 0.0 0.0 0.0
7.09828 24.6377 -8.69395
-0.549104 0.280839 -0.787155
255 255 255 255
0.931445 -0.993335
0 0 0 0
1.0 0.0 0.0 0.0
10.2349 35.1983 -8.69395
-0.592947 0.038545 -0.804319
255 255 255 255
0.948092 -0.993335
0 0 0 0
1.0 0.0 0.0 0.0
8.79116 47.1165 8.20325
-0.522799 -0.191052 0.830771
255 255 255 255
0.96615 -0.91957
0 0 0 0
1.0 0.0 0.0 0.0
10.2349 35.1983 8.20325
-0.592947 0.038545 0.804319
255 255 255 255
0.948092 -0.91957
0 0 0 0
1.0 0.0 0.0 0.0
10.2349 35.1983 -8.69395
-0.592947 0.038545 -0.804319
255 255 255 255
0.948092 -0.993335
0 0 0 0
1.0 0.0 0.0 0.0
8.79116 47.1165 -8.69396
-0.522799 -0.191052 -0.830771
255 255 255 255
0.96615 -0.993335
0 0 0 0
1.0 0.0 0.0 0.0
3.54962 56.6892 8.20325
-0.355215 -0.340108 0.870718
255 255 255 255
0.979583 -0.91957
0 0 0 0
1.0 0.0 0.0 0.0
8.79116 47.1165 8.20325
-0.522799 -0.191052 0.830771
255 255 255 255
0.96615 -0.91957
0 0 0 0
1.0 0.0 0.0 0.0
8.79116 47.1165 -8.69396
-0.522799 -0.191052 -0.830771
255 255 255 255
0.96615 -0.993335
0 0 0 0
1.0 0.0 0.0 0.0
3.54962 56.6892 -8.69396
-0.355215 -0.340108 -0.870718
255 255 255 255
0.979583 -0.993335
0 0 0 0
1.0 0.0 0.0 0.0
21.7357 63.8466 8.20325
0.359821 -0.704474 0.611756
255 255 255 255
0.996426 -0.933849
0 0 0 0
1.0 0.0 0.0 0.0
-8.08475 63.8466 8.20325
-0.110143 -0.818151 0.564356
255 255 255 255
0.996426 -0.91957
0 0 0 0
1.0 0.0 0.0 0.0
3.54962 56.6892 -8.69396
-0.355215 -0.340108 -0.870718
255 255 255 255
0.979583 -0.993335
0 0 0 0
1.0 0.0 0.0 0.0
-8.08475 63.8466 -8.69396
-0.110112 -0.813784 -0.570641
255 255 255 255
0.996426 -0.993335
0 0 0 0
1.0 0.0 0.0 0.0
126.999 68.1385 8.4486
0.670472 -0.625976 0.398273
255 255 255 255
0.0882928 -0.415178
0 0 0 0
1.0 0.0 0.0 0.0
126.999 64.6585 -1.05342e-005
0.63058 -0.776124 0.0
255 255 255 255
0.0961661 -0.434294
0 0 0 0
1.0 0.0 0.0 0.0
126.999 81.9207 -1.33466e-005
1.0 0.0 0.0
255 255 255 255
0.0571104 -0.434294
0 0 0 0
1.0 0.0 0.0 0.0
126.999 68.1385 -8.44862
0.670472 -0.625976 -0.398273
255 255 255 255
0.0882928 -0.453409
0 0 0 0
1.0 0.0 0.0 0.0
126.999 81.9207 -23.3896
0.627442 -0.3116 -0.713598
255 255 255 255
0.0571104 -0.487213
0 0 0 0
1.0 0.0 0.0 0.0
126.999 81.9207 23.3895
0.627442 -0.3116 0.713598
255 255 255 255
0.0571104 -0.381374
0 0 0 0
1.0 0.0 0.0 0.0
126.999 98.7806 -1.60934e-005
0.707107 0.707107 0.0
255 255 255 255
0.0189646 -0.434294
0 0 0 0
1.0 0.0 0.0 0.0
126.999 98.7806 -23.3896
0.57735 0.57735 -0.57735
255 255 255 255
0.0189646 -0.487213
0 0 0 0
1.0 0.0 0.0 0.0
-141.361 -131.303 -17.4101
-0.149021 -0.988834 1.64998e-007
255 255 255 255
0.194081 -0.13637
0 0 0 0
1.0 0.0 0.0 0.0
-129.655 -133.067 2.16794e-005
-0.149021 -0.988834 1.64998e-007
255 255 255 255
0.215398 -0.168077
0 0 0 0
1.0 0.0 0.0 0.0
-139.997 -131.508 2.14255e-005
-0.149021 -0.988834 1.64998e-007
255 255 255 255
0.196565 -0.168077
0 0 0 0
1.0 0.0 0.0 0.0
-213.846 -120.379 -10.8677
-0.149023 -0.988834 8.02068e-007
255 255 255 255
0.0620753 -0.148285
0 0 0 0
1.0 0.0 0.0 0.0
-214.944 -120.214 1.95853e-005
-0.149023 -0.988834 8.02068e-007
255 255 255 255
0.0600759 -0.168077
0 0 0 0
1.0 0.0 0.0 0.0
-242.208 -116.105 1.89158e-005
-0.149023 -0.988834 8.02068e-007
255 255 255 255
0.010423 -0.168077
0 0 0 0
1.0 0.0 0.0 0.0
-141.361 -131.303 -17.4101
-0.149022 -0.988834 2.74969e-006
255 255 255 255
0.194081 -0.13637
0 0 0 0
1.0 0.0 0.0 0.0
-147.791 -130.334 -10.8677
-0.149022 -0.988834 2.74969e-006
255 255 255 255
0.18237 -0.148285
0 0 0 0
1.0 0.0 0.0 0.0
-213.846 -120.379 -10.8677
-0.149022 -0.988834 2.74969e-006
255 255 255 255
0.0620753 -0.148285
0 0 0 0
1.0 0.0 0.0 0.0
-239.123 -116.57 -22.6202
-0.842613 -0.495209 -0.211592
255 255 255 255
0.016042 -0.126882
0 0 0 0
1.0 0.0 0.0 0.0
-238.911 -116.602 -23.3895
-0.632566 -0.439289 -0.637876
255 255 255 255
0.0164283 -0.125481
0 0 0 0
1.0 0.0 0.0 0.0
-161.596 -128.253 -23.3895
-0.0128793 -0.691421 -0.722337
255 255 255 255
0.15723 -0.125481
0 0 0 0
1.0 0.0 0.0 0.0
-184.929 34.514 -17.4101
-0.973903 -0.129433 -0.186443
255 255 255 255
0.769926 -0.372103
0 0 0 0
1.0 0.0 0.0 0.0
-185.204 22.2982 -17.4101
-0.974709 0.129369 -0.182228
255 255 255 255
0.769954 -0.356658
0 0 0 0
1.0 0.0 0.0 0.0
-186.871 22.2982 -3.63284e-006
-0.993531 0.113563 0.0
255 255 255 255
0.789992 -0.358029
0 0 0 0
1.0 0.0 0.0 0.0
-240.56 -116.353 -17.4101
-0.871932 -0.467675 -0.144966
255 255 255 255
0.856758 -0.168815
0 0 0 0
1.0 0.0 0.0 0.0
-242.208 -116.105 1.89158e-005
-0.886882 -0.461996 0.0
255 255 255 255
0.878804 -0.17913
0 0 0 0
1.0 0.0 0.0 0.0
-223.42 -72.287 1.17771e-005
-0.919202 0.393787 0.0
255 255 255 255
0.849246 -0.238533
0 0 0 0
1.0 0.0 0.0 0.0
-199.378 -20.1058 -17.4101
-0.911566 0.374465 -0.169776
255 255 255 255
0.792098 -0.299945
0 0 0 0
1.0 0.0 0.0 0.0
-201.045 -20.1058 3.27565e-006
-0.924888 0.38024 0.0
255 255 255 255
0.814047 -0.309274
0 0 0 0
1.0 0.0 0.0 0.0
-190.999 5.4167 -8.82492e-007
-0.952749 0.303758 0.0
255 255 255 255
0.796549 -0.341336
0 0 0 0
1.0 0.0 0.0 0.0
-189.332 5.41669 -17.4101
-0.938079 0.298969 -0.174999
255 255 255 255
0.77546 -0.334889
0 0 0 0
1.0 0.0 0.0 0.0
-198.201 86.245 -17.4101
-0.596596 0.784993 -0.166911
255 255 255 255
0.789148 -0.451706
0 0 0 0
1.0 0.0 0.0 0.0
-199.599 86.245 -1.40511e-005
-0.606572 0.795029 0.0
255 255 255 255
0.816395 -0.466014
0 0 0 0
1.0 0.0 0.0 0.0
-192.211 98.7806 -1.60934e-005
-0.861503 0.507752 0.0
255 255 255 255
0.800776 -0.487435
0 0 0 0
1.0 0.0 0.0 0.0
-207.784 82.98 -17.4101
-0.662967 0.716039 -0.218547
255 255 255 255
0.799622 -0.441175
0 0 0 0
1.0 0.0 0.0 0.0
-209.282 83.4793 -1.36005e-005
-0.652549 0.757747 0.0
255 255 255 255
0.826029 -0.448471
0 0 0 0
1.0 0.0 0.0 0.0
-212.814 72.9003 -17.4101
-0.958628 -0.009705 -0.284497
255 255 255 255
0.804052 -0.426666
0 0 0 0
1.0 0.0 0.0 0.0
-214.312 72.9154 -1.18794e-005
-0.999953 -0.00967451 0.0
255 255 255 255
0.828395 -0.424764
0 0 0 0
1.0 0.0 0.0 0.0
-207.252 62.82 -17.4101
-0.669968 -0.705615 -0.230759
255 255 255 255
0.798237 -0.412742
0 0 0 0
1.0 0.0 0.0 0.0
-208.75 61.8213 -1.0072e-005
-0.68402 -0.729463 0.0
255 255 255 255
0.82038 -0.402692
0 0 0 0
1.0 0.0 0.0 0.0
-196.356 57.8809 -17.4101
-0.628665 -0.756601 -0.179819
255 255 255 255
0.785796 -0.401992
0 0 0 0
1.0 0.0 0.0 0.0
-197.854 57.1512 -9.31111e-006
-0.630343 -0.776317 0.0
255 255 255 255
0.806669 -0.388396
0 0 0 0
1.0 0.0 0.0 0.0
-188.257 45.9754 -17.4101
-0.887385 -0.415096 -0.200605
255 255 255 255
0.774459 -0.386494
0 0 0 0
1.0 0.0 0.0 0.0
-190.116 45.9754 -7.49034e-006
-0.910864 -0.412706 0.0
255 255 255 255
0.794487 -0.376895
0 0 0 0
1.0 0.0 0.0 0.0
-187.326 34.514 -5.62304e-006
-0.989108 -0.147191 0.0
255 255 255 255
0.789823 -0.367972
0 0 0 0
1.0 0.0 0.0 0.0
-139.997 -131.508 2.14255e-005
-0.149021 -0.988834 -1.64998e-007
255 255 255 255
0.196565 -0.168077
0 0 0 0
1.0 0.0 0.0 0.0
-129.655 -133.067 2.16794e-005
-0.149021 -0.988834 -1.64998e-007
255 255 255 255
0.215398 -0.168077
0 0 0 0
1.0 0.0 0.0 0.0
-141.361 -131.303 17.4101
-0.149021 -0.988834 -1.64998e-007
255 255 255 255
0.194081 -0.199783
0 0 0 0
1.0 0.0 0.0 0.0
-242.208 -116.105 1.89158e-005
-0.149023 -0.988834 -6.76745e-007
255 255 255 255
0.010423 -0.168077
0 0 0 0
1.0 0.0 0.0 0.0
-214.944 -120.214 1.95853e-005
-0.149023 -0.988834 -6.76745e-007
255 255 255 255
0.0600759 -0.168077
0 0 0 0
1.0 0.0 0.0 0.0
-213.846 -120.379 10.8677
-0.149023 -0.988834 -6.76745e-007
255 255 255 255
0.0620753 -0.187868
0 0 0 0
1.0 0.0 0.0 0.0
-141.361 -131.303 17.4101
-0.149022 -0.988834 -2.01406e-006
255 255 255 255
0.194081 -0.199783
0 0 0 0
1.0 0.0 0.0 0.0
-240.56 -116.353 17.4101
-0.149022 -0.988834 -2.01406e-006
255 255 255 255
0.0134258 -0.199783
0 0 0 0
1.0 0.0 0.0 0.0
-213.846 -120.379 10.8677
-0.149022 -0.988834 -2.01406e-006
255 255 255 255
0.0620753 -0.187868
0 0 0 0
1.0 0.0 0.0 0.0
-161.596 -128.253 23.3896
-0.012879 -0.691437 0.722322
255 255 255 255
0.15723 -0.210672
0 0 0 0
1.0 0.0 0.0 0.0
-238.911 -116.602 23.3896
-0.632631 -0.439232 0.63785
255 255 255 255
0.0164283 -0.210672
0 0 0 0
1.0 0.0 0.0 0.0
-239.519 -116.51 21.1855
-0.842642 -0.495147 0.211622
255 255 255 255
0.0153208 -0.206656
0 0 0 0
1.0 0.0 0.0 0.0
-184.929 34.514 17.4101
-0.974181 -0.130349 0.184338
255 255 255 255
0.129006 -0.445946
0 0 0 0
1.0 0.0 0.0 0.0
-187.326 34.514 -5.62304e-006
-0.989108 -0.147191 0.0
255 255 255 255
0.109103 -0.44181
0 0 0 0
1.0 0.0 0.0 0.0
-186.871 22.2982 -3.63284e-006
-0.993531 0.113563 0.0
255 255 255 255
0.108944 -0.431866
0 0 0 0
1.0 0.0 0.0 0.0
-223.42 -72.287 1.17771e-005
-0.919202 0.393787 0.0
255 255 255 255
0.0496923 -0.312383
0 0 0 0
1.0 0.0 0.0 0.0
-242.208 -116.105 1.89158e-005
-0.886882 -0.461996 0.0
255 255 255 255
0.0201258 -0.252973
0 0 0 0
1.0 0.0 0.0 0.0
-240.56 -116.353 17.4101
-0.871932 -0.467675 0.144966
255 255 255 255
0.0421751 -0.242655
0 0 0 0
1.0 0.0 0.0 0.0
-190.999 5.4167 -8.82492e-007
-0.952749 0.303758 0.0
255 255 255 255
0.102395 -0.415179
0 0 0 0
1.0 0.0 0.0 0.0
-201.045 -20.1058 3.27565e-006
-0.924888 0.38024 0.0
255 255 255 255
0.0849023 -0.383132
0 0 0 0
1.0 0.0 0.0 0.0
-199.378 -20.1058 17.4101
-0.911555 0.374504 0.169749
255 255 255 255
0.106843 -0.373786
0 0 0 0
1.0 0.0 0.0 0.0
-186.871 22.2982 -3.63284e-006
-0.993531 0.113563 0.0
255 255 255 255
0.108944 -0.431866
0 0 0 0
1.0 0.0 0.0 0.0
-190.999 5.4167 -8.82492e-007
-0.952749 0.303758 0.0
255 255 255 255
0.102395 -0.415179
0 0 0 0
1.0 0.0 0.0 0.0
-189.332 5.4167 17.4101
-0.938079 0.298969 0.174999
255 255 255 255
0.123475 -0.408728
0 0 0 0
1.0 0.0 0.0 0.0
-192.211 98.7806 -1.60934e-005
-0.861503 0.507752 0.0
255 255 255 255
0.103905 -0.554028
0 0 0 0
1.0 0.0 0.0 0.0
-199.599 86.245 -1.40511e-005
-0.606572 0.795029 0.0
255 255 255 255
0.0865348 -0.534355
0 0 0 0
1.0 0.0 0.0 0.0
-198.201 86.245 17.4101
-0.596256 0.785445 0.165995
255 255 255 255
0.108783 -0.525798
0 0 0 0
1.0 0.0 0.0 0.0
-199.599 86.245 -1.40511e-005
-0.606572 0.795029 0.0
255 255 255 255
0.0865348 -0.534355
0 0 0 0
1.0 0.0 0.0 0.0
-209.282 83.4793 -1.36005e-005
-0.652549 0.757747 0.0
255 255 255 255
0.0774015 -0.516561
0 0 0 0
1.0 0.0 0.0 0.0
-207.784 82.98 17.4101
-0.662768 0.716482 0.217698
255 255 255 255
0.0988089 -0.515266
0 0 0 0
1.0 0.0 0.0 0.0
-209.282 83.4793 -1.36005e-005
-0.652549 0.757747 0.0
255 255 255 255
0.0774015 -0.516561
0 0 0 0
1.0 0.0 0.0 0.0
-214.312 72.9154 -1.18794e-005
-0.999953 -0.00967451 0.0
255 255 255 255
0.0707859 -0.495354
0 0 0 0
1.0 0.0 0.0 0.0
-212.814 72.9003 17.4101
-0.958628 -0.009705 0.284497
255 255 255 255
0.0923799 -0.499756
0 0 0 0
1.0 0.0 0.0 0.0
-214.312 72.9154 -1.18794e-005
-0.999953 -0.00967451 0.0
255 255 255 255
0.0707859 -0.495354
0 0 0 0
1.0 0.0 0.0 0.0
-208.75 61.8213 -1.0072e-005
-0.68402 -0.729463 0.0
255 255 255 255
0.0785509 -0.476532
0 0 0 0
1.0 0.0 0.0 0.0
-207.252 62.82 17.4101
-0.669922 -0.70569 0.230662
255 255 255 255
0.100695 -0.486581
0 0 0 0
1.0 0.0 0.0 0.0
-208.75 61.8213 -1.0072e-005
-0.68402 -0.729463 0.0
255 255 255 255
0.0785509 -0.476532
0 0 0 0
1.0 0.0 0.0 0.0
-197.854 57.1512 -9.31111e-006
-0.630343 -0.776317 0.0
255 255 255 255
0.0922588 -0.462237
0 0 0 0
1.0 0.0 0.0 0.0
-196.356 57.8809 17.4101
-0.627341 -0.758297 0.177283
255 255 255 255
0.113137 -0.475833
0 0 0 0
1.0 0.0 0.0 0.0
-197.854 57.1512 -9.31111e-006
-0.630343 -0.776317 0.0
255 255 255 255
0.0922588 -0.462237
0 0 0 0
1.0 0.0 0.0 0.0
-190.116 45.9754 -7.49034e-006
-0.910864 -0.412706 0.0
255 255 255 255
0.104435 -0.450734
0 0 0 0
1.0 0.0 0.0 0.0
-188.257 45.9754 17.4101
-0.887225 -0.415764 0.199932
255 255 255 255
0.124473 -0.460335
0 0 0 0
1.0 0.0 0.0 0.0
-190.116 45.9754 -7.49034e-006
-0.910864 -0.412706 0.0
255 255 255 255
0.104435 -0.450734
0 0 0 0
1.0 0.0 0.0 0.0
-187.326 34.514 -5.62304e-006
-0.989108 -0.147191 0.0
255 255 255 255
0.109103 -0.44181
0 0 0 0
1.0 0.0 0.0 0.0
126.999 98.7806 -23.3896
0.57735 0.57735 -0.57735
255 255 255 255
0.326965 -0.463433
0 0 0 0
1.0 0.0 0.0 0.0
126.999 81.9207 -23.3896
0.627442 -0.3116 -0.713598
255 255 255 255
0.326965 -0.439836
0 0 0 0
1.0 0.0 0.0 0.0
92.7132 81.9207 -23.3896
-0.00561552 -0.402181 -0.915543
255 255 255 255
0.374952 -0.439836
0 0 0 0
1.0 0.0 0.0 0.0
34.2205 82.2362 -23.3896
0.0605805 -0.37389 -0.925493
255 255 255 255
0.456819 -0.440278
0 0 0 0
1.0 0.0 0.0 0.0
34.2205 98.7806 -23.3896
0.0 0.447201 -0.894433
255 255 255 255
0.456819 -0.463433
0 0 0 0
1.0 0.0 0.0 0.0
92.7132 98.7806 -23.3896
0.0 0.707107 -0.707107
255 255 255 255
0.374952 -0.463433
0 0 0 0
1.0 0.0 0.0 0.0
22.7038 78.45 -23.3896
0.163157 -0.358756 -0.919062
255 255 255 255
0.472937 -0.434978
0 0 0 0
1.0 0.0 0.0 0.0
22.7038 98.7806 -23.3896
0.0 0.0 -1.0
255 255 255 255
0.472937 -0.463433
0 0 0 0
1.0 0.0 0.0 0.0
15.0996 73.7171 -23.3896
0.118599 -0.489199 -0.864071
255 255 255 255
0.48358 -0.428354
0 0 0 0
1.0 0.0 0.0 0.0
15.0996 98.7806 -23.3896
0.0 0.0 -1.0
255 255 255 255
0.48358 -0.463433
0 0 0 0
1.0 0.0 0.0 0.0
-8.00601 73.7171 -23.3896
0.00115972 -0.470113 -0.882606
255 255 255 255
0.515919 -0.428354
0 0 0 0
1.0 0.0 0.0 0.0
-14.9886 98.7806 -23.3896
0.0 0.0 -1.0
255 255 255 255
0.525692 -0.463433
0 0 0 0
1.0 0.0 0.0 0.0
28.7624 66.9717 -8.44862
0.287822 -0.811799 -0.508076
255 255 255 255
0.463059 -0.408847
0 0 0 0
1.0 0.0 0.0 0.0
21.7357 63.8466 -8.69396
0.371817 -0.693552 -0.61704
255 255 255 255
0.473305 -0.404787
0 0 0 0
1.0 0.0 0.0 0.0
40.099 69.6974 -8.44862
0.0742529 -0.837474 -0.541409
255 255 255 255
0.447437 -0.412483
0 0 0 0
1.0 0.0 0.0 0.0
95.0122 67.9605 -8.44862
-0.00985769 -0.846968 -0.531552
255 255 255 255
0.371629 -0.411761
0 0 0 0
1.0 0.0 0.0 0.0
126.999 81.9207 -23.3896
0.627442 -0.3116 -0.713598
255 255 255 255
0.326965 -0.439836
0 0 0 0
1.0 0.0 0.0 0.0
126.999 68.1385 -8.44862
0.670472 -0.625976 -0.398273
255 255 255 255
0.327179 -0.411582
0 0 0 0
1.0 0.0 0.0 0.0
126.999 68.1385 -8.44862
0.670472 -0.625976 -0.398273
255 255 255 255
0.327179 -0.411582
0 0 0 0
1.0 0.0 0.0 0.0
126.999 64.6585 -1.05342e-005
0.63058 -0.776124 0.0
255 255 255 255
0.327286 -0.398902
0 0 0 0
1.0 0.0 0.0 0.0
95.9693 64.6585 -1.05342e-005
-0.0082097 -0.999966 0.0
255 255 255 255
0.370347 -0.399267
0 0 0 0
1.0 0.0 0.0 0.0
41.2626 65.9152 -1.0739e-005
0.0520959 -0.998642 0.0
255 255 255 255
0.444972 -0.399956
0 0 0 0
1.0 0.0 0.0 0.0
29.746 64.2112 -1.04613e-005
0.339431 -0.940622 0.00405901
255 255 255 255
0.459761 -0.397368
0 0 0 0
1.0 0.0 0.0 0.0
22.6892 59.8259 -0.245357
0.675241 -0.737592 -0.0029909
255 255 255 255
0.470208 -0.392913
0 0 0 0
1.0 0.0 0.0 0.0
21.7357 63.8466 -8.69396
0.371817 -0.693552 -0.61704
255 255 255 255
0.473305 -0.404787
0 0 0 0
1.0 0.0 0.0 0.0
21.7357 63.8466 -8.69396
0.371817 -0.693552 -0.61704
255 255 255 255
0.473305 -0.404787
0 0 0 0
1.0 0.0 0.0 0.0
-8.08475 63.8466 -8.69396
-0.110112 -0.813784 -0.570641
255 255 255 255
0.515962 -0.402952
0 0 0 0
1.0 0.0 0.0 0.0
-46.793 73.1142 -23.3896
0.0917103 -0.425591 -0.900256
255 255 255 255
0.570206 -0.42751
0 0 0 0
1.0 0.0 0.0 0.0
-50.2213 71.551 -23.3896
0.161629 -0.474693 -0.865184
255 255 255 255
0.575004 -0.425322
0 0 0 0
1.0 0.0 0.0 0.0
-50.2213 98.7806 -23.3896
0.0 0.0 -1.0
255 255 255 255
0.575004 -0.463433
0 0 0 0
1.0 0.0 0.0 0.0
-62.5103 72.5112 -23.3896
0.00247206 -0.0535918 -0.99856
255 255 255 255
0.592204 -0.426666
0 0 0 0
1.0 0.0 0.0 0.0
-70.5098 98.7806 -23.3896
0.0 0.0 -1.0
255 255 255 255
0.6034 -0.463433
0 0 0 0
1.0 0.0 0.0 0.0
-67.8994 98.7806 -23.3896
0.0 0.0 -1.0
255 255 255 255
0.599746 -0.463433
0 0 0 0
1.0 0.0 0.0 0.0
-195.285 86.245 -23.3896
-0.334521 0.352802 -0.873857
255 255 255 255
0.778035 -0.445888
0 0 0 0
1.0 0.0 0.0 0.0
-187.897 98.7806 -23.3896
-0.368281 0.217056 -0.904022
255 255 255 255
0.767695 -0.463433
0 0 0 0
1.0 0.0 0.0 0.0
-72.72 66.6829 -23.3896
0.140815 -0.134314 -0.980883
255 255 255 255
0.606493 -0.418509
0 0 0 0
1.0 0.0 0.0 0.0
-204.429 82.98 -23.3896
-0.393518 0.538485 -0.745102
255 255 255 255
0.790833 -0.441319
0 0 0 0
1.0 0.0 0.0 0.0
-79.1522 57.3686 -23.3896
0.168344 -0.0686989 -0.983331
255 255 255 255
0.615496 -0.405473
0 0 0 0
1.0 0.0 0.0 0.0
-209.458 72.4161 -23.3896
-0.602398 -0.0351892 -0.797419
255 255 255 255
0.797873 -0.426533
0 0 0 0
1.0 0.0 0.0 0.0
-81.1942 47.1249 -23.3896
0.203991 0.00378439 -0.978966
255 255 255 255
0.618354 -0.391136
0 0 0 0
1.0 0.0 0.0 0.0
-204.625 63.5947 -23.3896
-0.418542 -0.47012 -0.777052
255 255 255 255
0.791108 -0.414187
0 0 0 0
1.0 0.0 0.0 0.0
-70.8585 66.3462 -22.6202
0.298541 -0.360954 -0.883508
255 255 255 255
0.603707 -0.417693
0 0 0 0
1.0 0.0 0.0 0.0
-58.252 64.0665 -17.4101
0.354817 -0.61002 -0.708506
255 255 255 255
0.584844 -0.412169
0 0 0 0
1.0 0.0 0.0 0.0
-65.3679 55.2208 -17.4101
0.594367 -0.346488 -0.725723
255 255 255 255
0.594852 -0.400861
0 0 0 0
1.0 0.0 0.0 0.0
-77.3787 57.0923 -22.6202
0.375534 -0.176765 -0.909796
255 255 255 255
0.61284 -0.404879
0 0 0 0
1.0 0.0 0.0 0.0
-69.8619 43.9736 -17.4101
0.721437 -0.0626859 -0.689637
255 255 255 255
0.600587 -0.38564
0 0 0 0
1.0 0.0 0.0 0.0
-46.5457 63.8466 -8.69396
0.250838 -0.887777 -0.385917
255 255 255 255
0.568218 -0.404774
0 0 0 0
1.0 0.0 0.0 0.0
-61.3629 54.1641 -8.69396
0.754245 -0.583705 -0.300672
255 255 255 255
0.584868 -0.395243
0 0 0 0
1.0 0.0 0.0 0.0
-61.3629 54.1641 -8.69396
0.754245 -0.583705 -0.300672
255 255 255 255
0.584868 -0.395243
0 0 0 0
1.0 0.0 0.0 0.0
-72.123 30.9654 -23.3895
0.515868 0.0943352 -0.851458
255 255 255 255
0.608137 -0.368284
0 0 0 0
1.0 0.0 0.0 0.0
-66.1914 41.914 -8.69395
0.960431 -0.116521 -0.252972
255 255 255 255
0.588487 -0.38164
0 0 0 0
1.0 0.0 0.0 0.0
-76.9345 35.442 -23.3895
0.173563 0.129676 -0.976248
255 255 255 255
0.612711 -0.374754
0 0 0 0
1.0 0.0 0.0 0.0
-86.5913 29.827 -23.3895
0.0 -4.06536e-007 -1.0
255 255 255 255
0.626384 -0.367216
0 0 0 0
1.0 0.0 0.0 0.0
-89.906 19.5176 -23.3895
0.0 -4.06536e-007 -1.0
255 255 255 255
0.630709 -0.352947
0 0 0 0
1.0 0.0 0.0 0.0
-91.44 20.32 -23.3895
0.0 -4.06536e-007 -1.0
255 255 255 255
0.632694 -0.353619
0 0 0 0
1.0 0.0 0.0 0.0
-86.5913 29.827 -23.3895
0.0 0.0 -1.0
255 255 255 255
0.626384 -0.367216
0 0 0 0
1.0 0.0 0.0 0.0
-88.7278 31.0805 -23.3895
0.0 0.0 -1.0
255 255 255 255
0.628898 -0.36868
0 0 0 0
1.0 0.0 0.0 0.0
-77.645 36.103 -23.3895
0.0435808 0.0387283 -0.998299
255 255 255 255
0.613386 -0.375709
0 0 0 0
1.0 0.0 0.0 0.0
-63.7137 25.523 -8.69395
0.899655 0.188031 -0.394038
255 255 255 255
0.588761 -0.359279
0 0 0 0
1.0 0.0 0.0 0.0
-65.634 15.6841 -8.69395
0.387503 -0.198436 -0.900258
255 255 255 255
0.592177 -0.345836
0 0 0 0
1.0 0.0 0.0 0.0
-72.123 21.3386 -23.3895
0.529134 -0.209511 -0.822267
255 255 255 255
0.60936 -0.357301
0 0 0 0
1.0 0.0 0.0 0.0
-72.355 7.94561 -8.69395
0.235122 -0.798145 -0.554691
255 255 255 255
0.600368 -0.334366
0 0 0 0
1.0 0.0 0.0 0.0
-79.5175 14.0836 -23.3895
0.265456 -0.475032 -0.838974
255 255 255 255
0.617271 -0.348393
0 0 0 0
1.0 0.0 0.0 0.0
-194.375 58.2844 -23.3896
-0.369652 -0.387719 -0.844412
255 255 255 255
0.776761 -0.406754
0 0 0 0
1.0 0.0 0.0 0.0
-186.281 45.9754 -23.3896
-0.507443 -0.21455 -0.834548
255 255 255 255
0.765433 -0.389527
0 0 0 0
1.0 0.0 0.0 0.0
-91.44 20.32 -23.3895
0.0 0.0 -1.0
255 255 255 255
0.632694 -0.353619
0 0 0 0
1.0 0.0 0.0 0.0
-183.491 34.514 -23.3895
-0.584385 -0.0677835 -0.808641
255 255 255 255
0.761529 -0.373485
0 0 0 0
1.0 0.0 0.0 0.0
-92.3552 -8.14078 1.3263e-006
0.882246 -0.470788 0.0
255 255 255 255
0.618995 -0.30287
0 0 0 0
1.0 0.0 0.0 0.0
-103.24 -8.28739 -17.4101
0.607689 -0.2277 -0.760832
255 255 255 255
0.646874 -0.311283
0 0 0 0
1.0 0.0 0.0 0.0
-97.5115 3.62481 -17.4101
0.41436 -0.513456 -0.751445
255 255 255 255
0.63747 -0.328008
0 0 0 0
1.0 0.0 0.0 0.0
-129.655 -133.067 2.16794e-005
0.649705 -0.760186 0.0
255 255 255 255
0.674608 -0.134324
0 0 0 0
1.0 0.0 0.0 0.0
-141.361 -131.303 -17.4101
0.316604 -0.727696 -0.608458
255 255 255 255
0.702262 -0.141035
0 0 0 0
1.0 0.0 0.0 0.0
-123.961 -75.1538 -17.4101
0.59146 -0.184854 -0.784859
255 255 255 255
0.676981 -0.218743
0 0 0 0
1.0 0.0 0.0 0.0
-139.125 -72.8418 -22.6202
0.306718 -0.106512 -0.945822
255 255 255 255
0.699276 -0.223069
0 0 0 0
1.0 0.0 0.0 0.0
-141.365 -72.5004 -23.3895
0.155767 -0.0559406 -0.986209
255 255 255 255
0.702569 -0.223707
0 0 0 0
1.0 0.0 0.0 0.0
-117.272 -6.10552 -23.3895
0.190135 -0.0667457 -0.979486
255 255 255 255
0.668849 -0.316634
0 0 0 0
1.0 0.0 0.0 0.0
-115.467 -6.38625 -22.6202
0.368829 -0.126595 -0.920836
255 255 255 255
0.666021 -0.315946
0 0 0 0
1.0 0.0 0.0 0.0
-112.805 6.84346 -23.3895
0.135869 -0.0854523 -0.987035
255 255 255 255
0.662596 -0.334758
0 0 0 0
1.0 0.0 0.0 0.0
-110.837 6.42934 -22.6202
0.307538 -0.242289 -0.920172
255 255 255 255
0.659363 -0.333889
0 0 0 0
1.0 0.0 0.0 0.0
-101.005 16.5607 -23.3895
-0.002411 -0.0211497 -0.999773
255 255 255 255
0.646081 -0.348358
0 0 0 0
1.0 0.0 0.0 0.0
-99.6359 15.8078 -23.3895
0.000762965 -0.149633 -0.988741
255 255 255 255
0.644001 -0.347541
0 0 0 0
1.0 0.0 0.0 0.0
-91.44 20.32 -23.3895
0.0 0.0 -1.0
255 255 255 255
0.632694 -0.353619
0 0 0 0
1.0 0.0 0.0 0.0
-220.105 -72.5572 -23.3895
-0.561283 0.239669 -0.792162
255 255 255 255
0.812774 -0.223628
0 0 0 0
1.0 0.0 0.0 0.0
-197.71 -20.1058 -23.3895
-0.563564 0.230541 -0.79325
255 255 255 255
0.78143 -0.297039
0 0 0 0
1.0 0.0 0.0 0.0
-187.664 5.41669 -23.3895
-0.565278 0.177317 -0.805617
255 255 255 255
0.76737 -0.332761
0 0 0 0
1.0 0.0 0.0 0.0
-183.536 22.2982 -23.3895
-0.571221 0.0691862 -0.817875
255 255 255 255
0.761592 -0.356388
0 0 0 0
1.0 0.0 0.0 0.0
-186.535 45.9754 -22.6202
-0.875024 -0.392359 -0.283526
255 255 255 255
0.766595 -0.389136
0 0 0 0
1.0 0.0 0.0 0.0
-183.676 34.514 -22.6202
-0.965546 -0.114875 -0.233505
255 255 255 255
0.762609 -0.373307
0 0 0 0
1.0 0.0 0.0 0.0
-194.629 58.2324 -22.6202
-0.64048 -0.722669 -0.259873
255 255 255 255
0.777924 -0.406142
0 0 0 0
1.0 0.0 0.0 0.0
-204.963 63.495 -22.6202
-0.637306 -0.681284 -0.360129
255 255 255 255
0.792025 -0.414001
0 0 0 0
1.0 0.0 0.0 0.0
-209.89 72.4784 -22.6202
-0.874104 -0.0291765 -0.484861
255 255 255 255
0.798668 -0.42655
0 0 0 0
1.0 0.0 0.0 0.0
-204.86 82.98 -22.6202
-0.612491 0.712899 -0.34151
255 255 255 255
0.791964 -0.4413
0 0 0 0
1.0 0.0 0.0 0.0
-195.66 86.245 -22.6202
-0.599675 0.744764 -0.292772
255 255 255 255
0.779465 -0.446637
0 0 0 0
1.0 0.0 0.0 0.0
-190.813 98.7806 -17.4101
-0.835446 0.492374 -0.244127
255 255 255 255
0.775047 -0.46892
0 0 0 0
1.0 0.0 0.0 0.0
-187.879 5.41669 -22.6202
-0.921127 0.292495 -0.256849
255 255 255 255
0.768411 -0.333034
0 0 0 0
1.0 0.0 0.0 0.0
-197.925 -20.1058 -22.6202
-0.895844 0.367487 -0.249834
255 255 255 255
0.782803 -0.297413
0 0 0 0
1.0 0.0 0.0 0.0
-239.123 -116.57 -22.6202
-0.842613 -0.495209 -0.211592
255 255 255 255
0.841367 -0.162862
0 0 0 0
1.0 0.0 0.0 0.0
-221.762 -72.4221 -17.4101
-0.905483 0.387445 -0.173168
255 255 255 255
0.827244 -0.228668
0 0 0 0
1.0 0.0 0.0 0.0
-183.751 22.2982 -22.6202
-0.956784 0.121223 -0.264329
255 255 255 255
0.762668 -0.356423
0 0 0 0
1.0 0.0 0.0 0.0
-32.4799 73.4156 -23.3896
0.00570711 -0.477261 -0.878743
255 255 255 255
0.550173 -0.427932
0 0 0 0
1.0 0.0 0.0 0.0
-35.406 98.7806 -23.3896
0.0 0.0 -1.0
255 255 255 255
0.554268 -0.463433
0 0 0 0
1.0 0.0 0.0 0.0
-8.08475 63.8466 -8.69396
-0.110112 -0.813784 -0.570641
255 255 255 255
0.515962 -0.402952
0 0 0 0
1.0 0.0 0.0 0.0
-31.8304 63.8466 -8.69396
-0.0202648 -0.904012 -0.427026
255 255 255 255
0.549231 -0.403703
0 0 0 0
1.0 0.0 0.0 0.0
-31.8304 63.8466 -8.69396
-0.0202648 -0.904012 -0.427026
255 255 255 255
0.549231 -0.403703
0 0 0 0
1.0 0.0 0.0 0.0
-46.5457 63.8466 -8.69396
0.250838 -0.887777 -0.385917
255 255 255 255
0.568218 -0.404774
0 0 0 0
1.0 0.0 0.0 0.0
-90.3641 10.7091 -23.3895
0.0833177 -0.505156 -0.858997
255 255 255 255
0.629917 -0.342007
0 0 0 0
1.0 0.0 0.0 0.0
-72.355 7.94561 -8.69395
0.235122 -0.798145 -0.554691
255 255 255 255
0.600368 -0.334366
0 0 0 0
1.0 0.0 0.0 0.0
-75.2041 4.20838 -0.245348
0.129126 -0.991408 0.020875
255 255 255 255
0.598244 -0.321591
0 0 0 0
1.0 0.0 0.0 0.0
-83.6485 1.52907 -2.49117e-007
0.509328 -0.859135 0.0497151
255 255 255 255
0.608035 -0.31539
0 0 0 0
1.0 0.0 0.0 0.0
34.2205 98.7806 -1.60934e-005
0.0 1.0 0.0
255 255 255 255
0.761688 -0.994731
0 0 0 0
1.0 0.0 0.0 0.0
92.7132 98.7806 -1.60934e-005
0.0 1.0 0.0
255 255 255 255
0.761688 -0.922244
0 0 0 0
1.0 0.0 0.0 0.0
92.7132 98.7806 -23.3896
0.0 0.707107 -0.707107
255 255 255 255
0.790673 -0.922244
0 0 0 0
1.0 0.0 0.0 0.0
126.999 98.7806 -1.60934e-005
0.707107 0.707107 0.0
255 255 255 255
0.761688 -0.879755
0 0 0 0
1.0 0.0 0.0 0.0
126.999 98.7806 -23.3896
0.57735 0.57735 -0.57735
255 255 255 255
0.790673 -0.879755
0 0 0 0
1.0 0.0 0.0 0.0
-52.8681 79.939 -23.3896
-0.0547213 -0.851858 -0.520906
255 255 255 255
0.662641 -0.961921
0 0 0 0
1.0 0.0 0.0 0.0
-83.1424 82.3544 -23.3896
-0.64176 -0.627294 -0.441187
255 255 255 255
0.712341 -0.961921
0 0 0 0
1.0 0.0 0.0 0.0
-82.1628 83.6808 -26.7003
-0.631013 -0.593536 -0.499537
255 255 255 255
0.706564 -0.966712
0 0 0 0
1.0 0.0 0.0 0.0
-83.1424 95.796 -23.3896
-0.629371 0.654977 -0.418207
255 255 255 255
0.711588 -0.988822
0 0 0 0
1.0 0.0 0.0 0.0
-82.1628 94.6233 -26.7003
-0.587863 0.625524 -0.512969
255 255 255 255
0.705452 -0.983932
0 0 0 0
1.0 0.0 0.0 0.0
-51.59 95.3048 -23.3896
-9.15568e-005 0.927806 -0.373063
255 255 255 255
0.662641 -0.988822
0 0 0 0
1.0 0.0 0.0 0.0
-52.173 94.3773 -25.7602
0.137122 0.64322 -0.753303
255 255 255 255
0.662641 -0.983932
0 0 0 0
1.0 0.0 0.0 0.0
-13.6002 97.2141 -23.3896
0.2462 0.620947 -0.744184
255 255 255 255
0.612965 -0.988822
0 0 0 0
1.0 0.0 0.0 0.0
-7.91879 91.9519 -23.3896
0.565021 0.224952 -0.793819
255 255 255 255
0.603194 -0.982446
0 0 0 0
1.0 0.0 0.0 0.0
-10.8152 90.8998 -25.7602
0.368885 0.150795 -0.917161
255 255 255 255
0.607388 -0.980742
0 0 0 0
1.0 0.0 0.0 0.0
-8.41262 81.4908 -23.3896
0.532413 -0.262925 -0.804616
255 255 255 255
0.603194 -0.969618
0 0 0 0
1.0 0.0 0.0 0.0
-11.2738 82.9517 -25.7602
0.344404 -0.1659 -0.924047
255 255 255 255
0.607388 -0.971884
0 0 0 0
1.0 0.0 0.0 0.0
-14.5909 76.2285 -23.3896
0.19868 -0.590609 -0.782117
255 255 255 255
0.612965 -0.961921
0 0 0 0
1.0 0.0 0.0 0.0
-15.7156 78.9536 -25.7602
0.119391 -0.38857 -0.913652
255 255 255 255
0.612965 -0.966712
0 0 0 0
1.0 0.0 0.0 0.0
-14.7956 94.898 -25.7602
0.147288 0.415312 -0.897676
255 255 255 255
0.612965 -0.983932
0 0 0 0
1.0 0.0 0.0 0.0
-53.5207 81.4197 -25.7602
0.0949452 -0.604768 -0.790722
255 255 255 255
0.662641 -0.966712
0 0 0 0
1.0 0.0 0.0 0.0
-58.2032 85.9318 -30.9337
0.306292 -0.345449 -0.887046
255 255 255 255
0.670796 -0.973414
0 0 0 0
1.0 0.0 0.0 0.0
-58.2032 90.6098 -30.9337
0.29234 0.347671 -0.890877
255 255 255 255
0.670796 -0.978627
0 0 0 0
1.0 0.0 0.0 0.0
-81.1225 90.7861 -30.9337
-0.531006 0.31203 -0.787826
255 255 255 255
0.701509 -0.978627
0 0 0 0
1.0 0.0 0.0 0.0
-81.1225 86.7145 -30.9337
-0.531003 -0.347095 -0.773021
255 255 255 255
0.701509 -0.973414
0 0 0 0
1.0 0.0 0.0 0.0
-90.4092 19.8115 -23.3895
-0.646303 -0.646303 -0.40569
255 255 255 255
0.479479 -0.823895
0 0 0 0
1.0 0.0 0.0 0.0
-89.2984 20.9224 -26.9288
-0.443447 -0.443447 -0.778916
255 255 255 255
0.482454 -0.814778
0 0 0 0
1.0 0.0 0.0 0.0
-84.3698 18.8809 -26.9288
0.0 -0.627137 -0.778909
255 255 255 255
0.492904 -0.814731
0 0 0 0
1.0 0.0 0.0 0.0
-92.9108 25.8509 -23.3895
-0.914012 0.0 -0.405688
255 255 255 255
0.465672 -0.811393
0 0 0 0
1.0 0.0 0.0 0.0
-91.3399 25.8509 -26.9288
-0.627119 0.0 -0.778924
255 255 255 255
0.475399 -0.807573
0 0 0 0
1.0 0.0 0.0 0.0
-90.4092 31.8903 -23.3895
-0.646303 0.646303 -0.40569
255 255 255 255
0.467057 -0.792706
0 0 0 0
1.0 0.0 0.0 0.0
-89.2984 30.7795 -26.9288
-0.443447 0.443447 -0.778916
255 255 255 255
0.47571 -0.797376
0 0 0 0
1.0 0.0 0.0 0.0
-84.3698 34.392 -23.3895
0.0 0.914012 -0.405688
255 255 255 255
0.480452 -0.781039
0 0 0 0
1.0 0.0 0.0 0.0
-84.3698 32.821 -26.9288
0.0 0.627137 -0.778909
255 255 255 255
0.483337 -0.790038
0 0 0 0
1.0 0.0 0.0 0.0
-78.3304 31.8903 -23.3895
0.646303 0.646303 -0.40569
255 255 255 255
0.49765 -0.781665
0 0 0 0
1.0 0.0 0.0 0.0
-79.4412 30.7795 -26.9288
0.443447 0.443447 -0.778916
255 255 255 255
0.49353 -0.789712
0 0 0 0
1.0 0.0 0.0 0.0
-75.8288 25.8509 -23.3895
0.914012 0.0 -0.405688
255 255 255 255
0.508766 -0.793825
0 0 0 0
1.0 0.0 0.0 0.0
-77.3998 25.8509 -26.9288
0.627119 0.0 -0.778924
255 255 255 255
0.500667 -0.796888
0 0 0 0
1.0 0.0 0.0 0.0
-78.3304 19.8115 -23.3895
0.646303 -0.646303 -0.40569
255 255 255 255
0.508766 -0.81072
0 0 0 0
1.0 0.0 0.0 0.0
-79.4412 20.9224 -26.9288
0.443447 -0.443447 -0.778916
255 255 255 255
0.499933 -0.806947
0 0 0 0
1.0 0.0 0.0 0.0
-84.3698 17.3099 -23.3895
0.0 -0.914012 -0.405688
255 255 255 255
0.49658 -0.822887
0 0 0 0
1.0 0.0 0.0 0.0
217.603 138.237 8.54318
0.220015 0.818226 0.53113
255 255 255 255
0.0959895 -0.777203
0 0 0 0
1.0 0.0 0.0 0.0
217.603 140.63 -2.29116e-005
0.216749 0.976227 0.0
255 255 255 255
0.0959895 -0.799789
0 0 0 0
1.0 0.0 0.0 0.0
94.7968 140.63 -2.29116e-005
0.0 1.0 0.0
255 255 255 255
0.0198272 -0.799789
0 0 0 0
1.0 0.0 0.0 0.0
217.603 138.237 -8.54323
0.220015 0.818226 -0.53113
255 255 255 255
0.0959895 -0.593959
0 0 0 0
1.0 0.0 0.0 0.0
94.7968 138.237 -8.54323
0.0 0.839712 -0.543032
255 255 255 255
0.0198272 -0.593959
0 0 0 0
1.0 0.0 0.0 0.0
94.7968 140.63 -2.29116e-005
0.0 1.0 0.0
255 255 255 255
0.0198272 -0.571371
0 0 0 0
1.0 0.0 0.0 0.0
217.603 131.397 14.2563
0.226055 0.347827 0.909899
255 255 255 255
0.0959895 -0.754342
0 0 0 0
1.0 0.0 0.0 0.0
94.7968 138.237 8.54318
0.0 0.839712 0.543032
255 255 255 255
0.0198272 -0.777203
0 0 0 0
1.0 0.0 0.0 0.0
217.603 131.397 -14.2563
0.226055 0.347827 -0.909899
255 255 255 255
0.0959895 -0.61682
0 0 0 0
1.0 0.0 0.0 0.0
94.7968 131.397 -14.2563
0.0 0.358384 -0.933574
255 255 255 255
0.0198272 -0.61682
0 0 0 0
1.0 0.0 0.0 0.0
217.603 122.721 14.5801
0.226515 -0.280839 0.932642
255 255 255 255
0.0959895 -0.731449
0 0 0 0
1.0 0.0 0.0 0.0
94.7968 131.397 14.2563
0.0 0.358384 0.933574
255 255 255 255
0.0198272 -0.754342
0 0 0 0
1.0 0.0 0.0 0.0
217.603 122.721 -14.5802
0.226515 -0.280839 -0.932642
255 255 255 255
0.0959895 -0.639713
0 0 0 0
1.0 0.0 0.0 0.0
94.7968 122.721 -14.5802
0.0 -0.289469 -0.957187
255 255 255 255
0.0198272 -0.639713
0 0 0 0
1.0 0.0 0.0 0.0
217.603 115.524 9.39105
0.220104 -0.788982 0.573639
255 255 255 255
0.0959895 -0.708496
0 0 0 0
1.0 0.0 0.0 0.0
94.7968 122.721 14.5801
0.0 -0.289469 0.957187
255 255 255 255
0.0198272 -0.731449
0 0 0 0
1.0 0.0 0.0 0.0
217.603 115.524 -9.39108
0.220104 -0.788982 -0.573639
255 255 255 255
0.0959895 -0.662666
0 0 0 0
1.0 0.0 0.0 0.0
94.7968 115.524 -9.39108
0.0 -0.810288 -0.586032
255 255 255 255
0.0198272 -0.662666
0 0 0 0
1.0 0.0 0.0 0.0
217.603 112.555 -1.83375e-005
0.215832 -0.976431 0.0
255 255 255 255
0.0959895 -0.685581
0 0 0 0
1.0 0.0 0.0 0.0
94.7968 115.524 9.39105
0.0 -0.810288 0.586032
255 255 255 255
0.0198272 -0.708496
0 0 0 0
1.0 0.0 0.0 0.0
94.7968 112.555 -1.83375e-005
0.0 -1.0 0.0
255 255 255 255
0.0198272 -0.685581
0 0 0 0
1.0 0.0 0.0 0.0
217.603 120.813 4.97365
0.24095 0.789472 -0.564515
255 255 255 255
0.144185 -0.708496
0 0 0 0
1.0 0.0 0.0 0.0
217.603 119.263 -1.94304e-005
0.234938 0.97201 0.0
255 255 255 255
0.144185 -0.685581
0 0 0 0
1.0 0.0 0.0 0.0
94.7968 119.263 -1.94304e-005
0.0588705 0.998266 0.0
255 255 255 255
0.204279 -0.685581
0 0 0 0
1.0 0.0 0.0 0.0
217.603 120.813 -4.97369
0.24095 0.789472 0.564515
255 255 255 255
0.144185 -0.662666
0 0 0 0
1.0 0.0 0.0 0.0
94.7968 120.813 -4.97369
0.0606423 0.80947 0.584022
255 255 255 255
0.204279 -0.662666
0 0 0 0
1.0 0.0 0.0 0.0
217.603 124.571 7.68303
0.249217 0.281964 -0.926492
255 255 255 255
0.144185 -0.731449
0 0 0 0
1.0 0.0 0.0 0.0
94.7968 120.813 4.97365
0.0606423 0.80947 -0.584022
255 255 255 255
0.204279 -0.708496
0 0 0 0
1.0 0.0 0.0 0.0
217.603 124.571 -7.68307
0.249217 0.281964 0.926492
255 255 255 255
0.144185 -0.639713
0 0 0 0
1.0 0.0 0.0 0.0
94.7968 124.571 -7.68307
0.062625 0.28871 0.955366
255 255 255 255
0.204279 -0.639713
0 0 0 0
1.0 0.0 0.0 0.0
217.603 129.101 7.51393
0.248518 -0.349048 -0.903551
255 255 255 255
0.144185 -0.754342
0 0 0 0
1.0 0.0 0.0 0.0
94.7968 124.571 7.68303
0.062625 0.28871 -0.955366
255 255 255 255
0.204279 -0.731449
0 0 0 0
1.0 0.0 0.0 0.0
217.603 129.101 -7.51398
0.248518 -0.349048 0.903551
255 255 255 255
0.144185 -0.61682
0 0 0 0
1.0 0.0 0.0 0.0
94.7968 129.101 -7.51398
0.0616498 -0.356989 0.932072
255 255 255 255
0.204279 -0.61682
0 0 0 0
1.0 0.0 0.0 0.0
217.603 132.673 4.53095
0.239602 -0.817474 -0.523762
255 255 255 255
0.144185 -0.777203
0 0 0 0
1.0 0.0 0.0 0.0
94.7968 129.101 7.51393
0.0616498 -0.356989 -0.932072
255 255 255 255
0.204279 -0.754342
0 0 0 0
1.0 0.0 0.0 0.0
217.603 132.673 -4.53099
0.239602 -0.817474 0.523762
255 255 255 255
0.144185 -0.593959
0 0 0 0
1.0 0.0 0.0 0.0
94.7968 132.673 -4.53099
0.0584438 -0.838905 0.541131
255 255 255 255
0.204279 -0.593959
0 0 0 0
1.0 0.0 0.0 0.0
217.603 133.922 -2.18187e-005
0.233808 -0.972283 0.0
255 255 255 255
0.144185 -0.799789
0 0 0 0
1.0 0.0 0.0 0.0
94.7968 132.673 4.53095
0.0584438 -0.838905 -0.541131
255 255 255 255
0.204279 -0.777203
0 0 0 0
1.0 0.0 0.0 0.0
217.603 133.922 -2.18187e-005
0.233808 -0.972283 0.0
255 255 255 255
0.144185 -0.571371
0 0 0 0
1.0 0.0 0.0 0.0
126.999 98.7806 23.3895
0.57735 0.57735 0.57735
255 255 255 255
0.571807 -0.537274
0 0 0 0
1.0 0.0 0.0 0.0
92.7132 98.7806 23.3895
0.0 0.707107 0.707107
255 255 255 255
0.52398 -0.537274
0 0 0 0
1.0 0.0 0.0 0.0
92.7132 81.9207 23.3895
-0.00561552 -0.402181 0.915543
255 255 255 255
0.52398 -0.513677
0 0 0 0
1.0 0.0 0.0 0.0
34.2205 98.7806 23.3895
0.0 0.447201 0.894433
255 255 255 255
0.442113 -0.537274
0 0 0 0
1.0 0.0 0.0 0.0
34.2205 82.2362 23.3895
0.0605805 -0.37389 0.925493
255 255 255 255
0.442113 -0.514118
0 0 0 0
1.0 0.0 0.0 0.0
20.0219 98.7806 23.3895
0.0 0.0 1.0
255 255 255 255
0.422241 -0.537274
0 0 0 0
1.0 0.0 0.0 0.0
-0.613395 98.7806 23.3895
0.0 0.0 1.0
255 255 255 255
0.39336 -0.537274
0 0 0 0
1.0 0.0 0.0 0.0
15.0996 73.7171 23.3895
0.120796 -0.496153 0.859791
255 255 255 255
0.415352 -0.502195
0 0 0 0
1.0 0.0 0.0 0.0
-14.9886 98.7806 23.3895
0.0 0.0 1.0
255 255 255 255
0.37324 -0.537274
0 0 0 0
1.0 0.0 0.0 0.0
-8.00601 73.7171 23.3895
0.00119023 -0.476763 0.879031
255 255 255 255
0.383013 -0.502195
0 0 0 0
1.0 0.0 0.0 0.0
22.7038 78.45 23.3895
0.16221 -0.362296 0.91784
255 255 255 255
0.425995 -0.508819
0 0 0 0
1.0 0.0 0.0 0.0
21.7357 63.8466 8.20325
0.359821 -0.704474 0.611756
255 255 255 255
0.425521 -0.478618
0 0 0 0
1.0 0.0 0.0 0.0
28.7624 66.9717 8.4486
0.272601 -0.81579 0.510074
255 255 255 255
0.435838 -0.482667
0 0 0 0
1.0 0.0 0.0 0.0
40.099 69.6974 8.4486
0.0742529 -0.837474 0.541409
255 255 255 255
0.451503 -0.486306
0 0 0 0
1.0 0.0 0.0 0.0
126.999 81.9207 23.3895
0.627442 -0.3116 0.713598
255 255 255 255
0.571807 -0.513677
0 0 0 0
1.0 0.0 0.0 0.0
95.0122 67.9605 8.4486
-0.00985769 -0.846968 0.531552
255 255 255 255
0.527309 -0.485606
0 0 0 0
1.0 0.0 0.0 0.0
126.999 68.1385 8.4486
0.670472 -0.625976 0.398273
255 255 255 255
0.571807 -0.485428
0 0 0 0
1.0 0.0 0.0 0.0
95.9693 64.6585 -1.05342e-005
-0.0082097 -0.999966 0.0
255 255 255 255
0.528594 -0.473114
0 0 0 0
1.0 0.0 0.0 0.0
41.2626 65.9152 -1.0739e-005
0.0520959 -0.998642 0.0
255 255 255 255
0.453978 -0.47376
0 0 0 0
1.0 0.0 0.0 0.0
29.746 64.2112 -1.04613e-005
0.339431 -0.940622 0.00405901
255 255 255 255
0.439144 -0.471144
0 0 0 0
1.0 0.0 0.0 0.0
21.7357 63.8466 8.20325
0.359821 -0.704474 0.611756
255 255 255 255
0.425521 -0.478618
0 0 0 0
1.0 0.0 0.0 0.0
22.6892 59.8259 -0.245357
0.675241 -0.737592 -0.0029909
255 255 255 255
0.42863 -0.466669
0 0 0 0
1.0 0.0 0.0 0.0
29.746 64.2112 -1.04613e-005
0.339431 -0.940622 0.00405901
255 255 255 255
0.439144 -0.471144
0 0 0 0
1.0 0.0 0.0 0.0
-8.08475 63.8466 8.20325
-0.110143 -0.818151 0.564356
255 255 255 255
0.382969 -0.476815
0 0 0 0
1.0 0.0 0.0 0.0
-46.793 73.1142 23.3895
0.0940296 -0.430412 0.897722
255 255 255 255
0.328726 -0.501351
0 0 0 0
1.0 0.0 0.0 0.0
-46.793 98.7806 23.3895
0.0 0.0 1.0
255 255 255 255
0.328726 -0.537274
0 0 0 0
1.0 0.0 0.0 0.0
-52.8227 98.7806 23.3895
0.0 0.0 1.0
255 255 255 255
0.320287 -0.537274
0 0 0 0
1.0 0.0 0.0 0.0
-63.9901 98.7806 23.3895
0.0 0.0 1.0
255 255 255 255
0.304657 -0.537274
0 0 0 0
1.0 0.0 0.0 0.0
-70.5098 98.7806 23.3895
0.0 0.0 1.0
255 255 255 255
0.295532 -0.537274
0 0 0 0
1.0 0.0 0.0 0.0
-62.5103 72.5112 23.3895
0.0134283 -0.136023 0.990615
255 255 255 255
0.306728 -0.500507
0 0 0 0
1.0 0.0 0.0 0.0
-187.897 98.7806 23.3895
-0.36827 0.21705 0.904028
255 255 255 255
0.131237 -0.537274
0 0 0 0
1.0 0.0 0.0 0.0
-195.285 86.245 23.3895
-0.35823 0.346511 0.866949
255 255 255 255
0.120897 -0.519729
0 0 0 0
1.0 0.0 0.0 0.0
-202.451 82.7353 23.3895
-0.262832 0.428277 0.86458
255 255 255 255
0.112123 -0.511882
0 0 0 0
1.0 0.0 0.0 0.0
-72.72 66.6829 23.3895
0.141518 -0.136635 0.980461
255 255 255 255
0.292439 -0.49235
0 0 0 0
1.0 0.0 0.0 0.0
-207.502 72.1902 23.3895
-0.37569 -0.0353106 0.926072
255 255 255 255
0.107542 -0.498938
0 0 0 0
1.0 0.0 0.0 0.0
-79.1522 57.3686 23.3895
0.170477 -0.0723598 0.982701
255 255 255 255
0.283436 -0.479313
0 0 0 0
1.0 0.0 0.0 0.0
-201.249 63.1442 23.3895
-0.234786 -0.366538 0.900292
255 255 255 255
0.115033 -0.488016
0 0 0 0
1.0 0.0 0.0 0.0
-67.3869 65.7185 21.1854
0.28102 -0.373554 0.884017
255 255 255 255
0.300413 -0.490004
0 0 0 0
1.0 0.0 0.0 0.0
-74.0712 56.5769 21.1854
0.370624 -0.18635 0.909896
255 255 255 255
0.291033 -0.477594
0 0 0 0
1.0 0.0 0.0 0.0
-65.3679 55.2208 17.4101
0.600896 -0.350912 0.718182
255 255 255 255
0.304045 -0.47465
0 0 0 0
1.0 0.0 0.0 0.0
-77.0169 45.9633 21.1854
0.461822 0.0399196 0.886074
255 255 255 255
0.28709 -0.462931
0 0 0 0
1.0 0.0 0.0 0.0
-69.8619 43.9736 17.4101
0.733399 -0.0648831 0.676695
255 255 255 255
0.298244 -0.459426
0 0 0 0
1.0 0.0 0.0 0.0
-50.2213 71.551 23.3895
0.161631 -0.474729 0.865164
255 255 255 255
0.323928 -0.499163
0 0 0 0
1.0 0.0 0.0 0.0
-58.252 64.0665 17.4101
0.367484 -0.62458 0.689098
255 255 255 255
0.314071 -0.485985
0 0 0 0
1.0 0.0 0.0 0.0
-61.3629 54.1641 8.20325
0.756465 -0.586347 0.289755
255 255 255 255
0.314041 -0.468981
0 0 0 0
1.0 0.0 0.0 0.0
-66.1914 41.914 8.20325
0.962596 -0.118169 0.243815
255 255 255 255
0.310245 -0.455312
0 0 0 0
1.0 0.0 0.0 0.0
-61.3629 54.1641 8.20325
0.756465 -0.586347 0.289755
255 255 255 255
0.314041 -0.468981
0 0 0 0
1.0 0.0 0.0 0.0
-66.1914 41.914 8.20325
0.962596 -0.118169 0.243815
255 255 255 255
0.310245 -0.455312
0 0 0 0
1.0 0.0 0.0 0.0
-72.123 30.9655 23.3895
0.521362 0.0935418 0.848193
255 255 255 255
0.290634 -0.442221
0 0 0 0
1.0 0.0 0.0 0.0
-75.6095 34.2092 23.3895
0.171519 0.148446 0.973933
255 255 255 255
0.287402 -0.446857
0 0 0 0
1.0 0.0 0.0 0.0
-82.607 27.4895 23.3895
0.0 0.0 1.0
255 255 255 255
0.277164 -0.438416
0 0 0 0
1.0 0.0 0.0 0.0
-88.7278 31.0805 23.3895
0.0 0.0 1.0
255 255 255 255
0.270034 -0.44252
0 0 0 0
1.0 0.0 0.0 0.0
-89.8997 20.0311 23.3895
-0.027528 -0.10529 0.99406
255 255 255 255
0.268394 -0.427056
0 0 0 0
1.0 0.0 0.0 0.0
-77.645 36.103 23.3895
0.102147 0.0839269 0.991223
255 255 255 255
0.285546 -0.44955
0 0 0 0
1.0 0.0 0.0 0.0
-63.7137 25.523 8.20325
0.902352 0.187752 0.387956
255 255 255 255
0.309633 -0.433229
0 0 0 0
1.0 0.0 0.0 0.0
-72.123 21.3386 23.3895
0.534874 -0.212106 0.817876
255 255 255 255
0.289376 -0.431386
0 0 0 0
1.0 0.0 0.0 0.0
-72.355 7.94561 8.20326
0.191873 -0.807685 0.557521
255 255 255 255
0.297733 -0.409052
0 0 0 0
1.0 0.0 0.0 0.0
-65.634 15.6841 8.20325
0.392634 -0.20088 0.897489
255 255 255 255
0.306121 -0.420151
0 0 0 0
1.0 0.0 0.0 0.0
-81.1942 47.125 23.3895
0.203991 0.00378439 0.978966
255 255 255 255
0.280578 -0.464976
0 0 0 0
1.0 0.0 0.0 0.0
-191.181 57.6776 23.3895
-0.222025 -0.189889 0.956372
255 255 255 255
0.126454 -0.479621
0 0 0 0
1.0 0.0 0.0 0.0
-186.281 45.9754 23.3895
-0.544829 -0.180765 0.818831
255 255 255 255
0.133498 -0.463367
0 0 0 0
1.0 0.0 0.0 0.0
-183.491 34.514 23.3895
-0.584385 -0.0677835 0.808641
255 255 255 255
0.137403 -0.447326
0 0 0 0
1.0 0.0 0.0 0.0
-97.5115 3.62481 17.4101
0.503237 -0.391444 0.770405
255 255 255 255
0.260457 -0.401808
0 0 0 0
1.0 0.0 0.0 0.0
-103.24 -8.28739 17.4101
0.608401 -0.228711 0.75996
255 255 255 255
0.25169 -0.385316
0 0 0 0
1.0 0.0 0.0 0.0
-92.3552 -8.14078 1.3263e-006
0.882246 -0.470788 0.0
255 255 255 255
0.279765 -0.377617
0 0 0 0
1.0 0.0 0.0 0.0
-123.961 -75.1538 17.4101
0.591193 -0.183849 0.785296
255 255 255 255
0.221842 -0.292688
0 0 0 0
1.0 0.0 0.0 0.0
-141.361 -131.303 17.4101
0.316304 -0.727128 0.609292
255 255 255 255
0.196778 -0.214906
0 0 0 0
1.0 0.0 0.0 0.0
-129.655 -133.067 2.16794e-005
0.649705 -0.760186 0.0
255 255 255 255
0.22454 -0.208253
0 0 0 0
1.0 0.0 0.0 0.0
-134.949 -73.4785 21.1854
0.308151 -0.104863 0.94554
255 255 255 255
0.205755 -0.295756
0 0 0 0
1.0 0.0 0.0 0.0
-112.1 -6.90979 21.1854
0.367572 -0.128333 0.921098
255 255 255 255
0.238048 -0.388573
0 0 0 0
1.0 0.0 0.0 0.0
-117.272 -6.10552 23.3895
0.189677 -0.0653418 0.97967
255 255 255 255
0.230083 -0.390474
0 0 0 0
1.0 0.0 0.0 0.0
-112.805 6.84347 23.3895
0.13691 -0.0877128 0.986692
255 255 255 255
0.236336 -0.408598
0 0 0 0
1.0 0.0 0.0 0.0
-101.005 16.5607 23.3895
0.118079 -0.187937 0.975057
255 255 255 255
0.252851 -0.422199
0 0 0 0
1.0 0.0 0.0 0.0
-107.167 5.65703 21.1854
0.314442 -0.241684 0.917995
255 255 255 255
0.245227 -0.406095
0 0 0 0
1.0 0.0 0.0 0.0
-97.0827 14.4037 21.1854
0.205154 -0.447817 0.870271
255 255 255 255
0.259346 -0.41842
0 0 0 0
1.0 0.0 0.0 0.0
-141.365 -72.5004 23.3896
0.155371 -0.0547812 0.986336
255 255 255 255
0.196363 -0.297548
0 0 0 0
1.0 0.0 0.0 0.0
-197.71 -20.1058 23.3895
-0.563564 0.230541 0.79325
255 255 255 255
0.117502 -0.37088
0 0 0 0
1.0 0.0 0.0 0.0
-187.664 5.4167 23.3895
-0.565278 0.177317 0.805617
255 255 255 255
0.131562 -0.406601
0 0 0 0
1.0 0.0 0.0 0.0
-183.536 22.2982 23.3895
-0.571683 0.0703464 0.817453
255 255 255 255
0.13734 -0.430229
0 0 0 0
1.0 0.0 0.0 0.0
-187.009 45.9754 21.1854
-0.880669 -0.351431 0.317677
255 255 255 255
0.130172 -0.46225
0 0 0 0
1.0 0.0 0.0 0.0
-195.105 58.1356 21.1854
-0.546729 -0.684342 0.482455
255 255 255 255
0.118841 -0.478839
0 0 0 0
1.0 0.0 0.0 0.0
-205.593 63.3091 21.1854
-0.556184 -0.600803 0.57419
255 255 255 255
0.10709 -0.488284
0 0 0 0
1.0 0.0 0.0 0.0
-210.695 72.5946 21.1854
-0.768743 -0.0272535 0.638977
255 255 255 255
0.100385 -0.499515
0 0 0 0
1.0 0.0 0.0 0.0
-205.665 82.98 21.1854
-0.54712 0.649359 0.528198
255 255 255 255
0.105622 -0.51283
0 0 0 0
1.0 0.0 0.0 0.0
-190.813 98.7806 17.4101
-0.835446 0.492374 0.244127
255 255 255 255
0.123886 -0.54276
0 0 0 0
1.0 0.0 0.0 0.0
-196.36 86.245 21.1854
-0.617129 0.717628 0.322741
255 255 255 255
0.116431 -0.521967
0 0 0 0
1.0 0.0 0.0 0.0
-185.204 22.2982 17.4101
-0.974709 0.129369 0.182228
255 255 255 255
0.128977 -0.430494
0 0 0 0
1.0 0.0 0.0 0.0
-188.279 5.4167 21.1854
-0.921127 0.292495 0.256849
255 255 255 255
0.128581 -0.407385
0 0 0 0
1.0 0.0 0.0 0.0
-198.325 -20.1058 21.1854
-0.895834 0.367514 0.249831
255 255 255 255
0.113573 -0.371951
0 0 0 0
1.0 0.0 0.0 0.0
-221.762 -72.4221 17.4101
-0.905472 0.387471 0.173166
255 255 255 255
0.0716921 -0.302508
0 0 0 0
1.0 0.0 0.0 0.0
-240.56 -116.353 17.4101
-0.871932 -0.467675 0.144966
255 255 255 255
0.0421751 -0.242655
0 0 0 0
1.0 0.0 0.0 0.0
-239.519 -116.51 21.1855
-0.842642 -0.495147 0.211622
255 255 255 255
0.0533268 -0.238342
0 0 0 0
1.0 0.0 0.0 0.0
-184.151 22.2982 21.1854
-0.956442 0.122779 0.264846
255 255 255 255
0.134257 -0.430326
0 0 0 0
1.0 0.0 0.0 0.0
-35.406 98.7806 23.3895
0.0 0.0 1.0
255 255 255 255
0.344664 -0.537274
0 0 0 0
1.0 0.0 0.0 0.0
-32.4799 73.4157 23.3895
0.00582915 -0.483789 0.875165
255 255 255 255
0.348759 -0.501773
0 0 0 0
1.0 0.0 0.0 0.0
-31.8304 63.8466 8.20325
-0.0202342 -0.907183 0.420249
255 255 255 255
0.349716 -0.477549
0 0 0 0
1.0 0.0 0.0 0.0
-46.5457 63.8466 8.20325
0.253404 -0.890806 0.377161
255 255 255 255
0.330739 -0.478592
0 0 0 0
1.0 0.0 0.0 0.0
-72.355 7.94561 8.20326
0.191873 -0.807685 0.557521
255 255 255 255
0.297733 -0.409052
0 0 0 0
1.0 0.0 0.0 0.0
-79.5175 14.0836 23.3895
0.150736 -0.555455 0.81777
255 255 255 255
0.282369 -0.422687
0 0 0 0
1.0 0.0 0.0 0.0
-90.3641 10.7091 17.4101
0.22712 -0.679133 0.697993
255 255 255 255
0.270471 -0.411947
0 0 0 0
1.0 0.0 0.0 0.0
-83.6485 1.52907 -2.49117e-007
0.509328 -0.859135 0.0497151
255 255 255 255
0.29043 -0.391097
0 0 0 0
1.0 0.0 0.0 0.0
222.186 114.791 -1.87018e-005
0.802957 -0.596037 0.0
255 255 255 255
0.113107 -0.685581
0 0 0 0
1.0 0.0 0.0 0.0
222.186 117.287 7.91859
0.803912 -0.484465 0.344991
255 255 255 255
0.113107 -0.708496
0 0 0 0
1.0 0.0 0.0 0.0
222.186 117.287 -7.91862
0.803912 -0.484465 -0.344991
255 255 255 255
0.113107 -0.662666
0 0 0 0
1.0 0.0 0.0 0.0
222.186 117.027 -1.90661e-005
0.8937 0.448666 0.0
255 255 255 255
0.124566 -0.685581
0 0 0 0
1.0 0.0 0.0 0.0
222.186 119.05 6.44611
0.898272 0.354878 -0.259169
255 255 255 255
0.124566 -0.708496
0 0 0 0
1.0 0.0 0.0 0.0
222.186 119.05 -6.44615
0.898272 0.354878 0.259169
255 255 255 255
0.124566 -0.662666
0 0 0 0
1.0 0.0 0.0 0.0
222.186 123.337 12.2811
0.807209 -0.172832 0.564396
255 255 255 255
0.113107 -0.731449
0 0 0 0
1.0 0.0 0.0 0.0
222.186 123.337 -12.2811
0.807209 -0.172832 -0.564396
255 255 255 255
0.113107 -0.639713
0 0 0 0
1.0 0.0 0.0 0.0
222.186 123.954 9.98206
0.902554 0.123543 -0.412472
255 255 255 255
0.124566 -0.731449
0 0 0 0
1.0 0.0 0.0 0.0
222.186 123.954 -9.9821
0.902554 0.123543 0.412472
255 255 255 255
0.124566 -0.639713
0 0 0 0
1.0 0.0 0.0 0.0
222.186 130.631 12.0088
0.807079 0.213939 0.550321
255 255 255 255
0.113107 -0.754342
0 0 0 0
1.0 0.0 0.0 0.0
222.186 130.631 -12.0089
0.807079 0.213939 -0.550321
255 255 255 255
0.113107 -0.61682
0 0 0 0
1.0 0.0 0.0 0.0
222.186 129.866 9.76137
0.902103 -0.153362 -0.403349
255 255 255 255
0.124566 -0.754342
0 0 0 0
1.0 0.0 0.0 0.0
222.186 129.866 -9.76142
0.902109 -0.153358 0.403338
255 255 255 255
0.124566 -0.61682
0 0 0 0
1.0 0.0 0.0 0.0
222.186 136.382 7.20578
0.806184 0.498432 0.318799
255 255 255 255
0.113107 -0.777203
0 0 0 0
1.0 0.0 0.0 0.0
222.186 136.382 -7.20582
0.806184 0.498432 -0.318799
255 255 255 255
0.113107 -0.593959
0 0 0 0
1.0 0.0 0.0 0.0
222.186 134.528 5.86837
0.895246 -0.373462 -0.243023
255 255 255 255
0.124566 -0.777203
0 0 0 0
1.0 0.0 0.0 0.0
222.186 134.528 -5.86841
0.895246 -0.373462 0.243023
255 255 255 255
0.124566 -0.593959
0 0 0 0
1.0 0.0 0.0 0.0
217.603 140.63 -2.29116e-005
0.216749 0.976227 0.0
255 255 255 255
0.0959895 -0.571371
0 0 0 0
1.0 0.0 0.0 0.0
222.186 138.394 -2.25473e-005
0.807679 0.589622 0.0
255 255 255 255
0.113107 -0.799789
0 0 0 0
1.0 0.0 0.0 0.0
222.186 138.394 -2.25473e-005
0.807679 0.589622 0.0
255 255 255 255
0.113107 -0.571371
0 0 0 0
1.0 0.0 0.0 0.0
222.186 136.158 -2.2183e-005
0.88881 -0.458276 0.0
255 255 255 255
0.124566 -0.799789
0 0 0 0
1.0 0.0 0.0 0.0
222.186 136.158 -2.2183e-005
0.88881 -0.458276 0.0
255 255 255 255
0.124566 -0.571371
0 0 0 0
1.0 0.0 0.0 0.0
92.7132 98.7806 23.3895
0.0 0.707107 0.707107
255 255 255 255
0.732702 -0.922244
0 0 0 0
1.0 0.0 0.0 0.0
126.999 98.7806 23.3895
0.57735 0.57735 0.57735
255 255 255 255
0.732702 -0.879755
0 0 0 0
1.0 0.0 0.0 0.0
126.999 98.7806 -1.60934e-005
0.707107 0.707107 0.0
255 255 255 255
0.761688 -0.879755
0 0 0 0
1.0 0.0 0.0 0.0
94.7968 119.263 -1.94304e-005
0.0588705 0.998266 0.0
255 255 255 255
0.514354 -0.598343
0 0 0 0
1.0 0.0 0.0 0.0
94.7968 120.813 -4.97369
0.0606423 0.80947 0.584022
255 255 255 255
0.537101 -0.605433
0 0 0 0
1.0 0.0 0.0 0.0
32.2602 126.75 -2.06502e-005
0.999998 -0.00210584 0.0
255 255 255 255
0.514354 -0.632586
0 0 0 0
1.0 0.0 0.0 0.0
94.7968 120.813 4.97365
0.0606423 0.80947 -0.584022
255 255 255 255
0.491607 -0.605433
0 0 0 0
1.0 0.0 0.0 0.0
94.7968 119.263 -1.94304e-005
0.0588705 0.998266 0.0
255 255 255 255
0.514354 -0.598343
0 0 0 0
1.0 0.0 0.0 0.0
94.7968 120.813 -4.97369
0.0606423 0.80947 0.584022
255 255 255 255
0.537101 -0.605433
0 0 0 0
1.0 0.0 0.0 0.0
94.7968 124.571 -7.68307
0.062625 0.28871 0.955366
255 255 255 255
0.549493 -0.622619
0 0 0 0
1.0 0.0 0.0 0.0
94.7968 124.571 7.68303
0.062625 0.28871 -0.955366
255 255 255 255
0.479215 -0.622619
0 0 0 0
1.0 0.0 0.0 0.0
94.7968 120.813 4.97365
0.0606423 0.80947 -0.584022
255 255 255 255
0.491607 -0.605433
0 0 0 0
1.0 0.0 0.0 0.0
94.7968 124.571 -7.68307
0.062625 0.28871 0.955366
255 255 255 255
0.549493 -0.622619
0 0 0 0
1.0 0.0 0.0 0.0
94.7968 129.101 -7.51398
0.0616498 -0.356989 0.932072
255 255 255 255
0.548719 -0.643337
0 0 0 0
1.0 0.0 0.0 0.0
94.7968 129.101 7.51393
0.0616498 -0.356989 -0.932072
255 255 255 255
0.479988 -0.643337
0 0 0 0
1.0 0.0 0.0 0.0
94.7968 124.571 7.68303
0.062625 0.28871 -0.955366
255 255 255 255
0.479215 -0.622619
0 0 0 0
1.0 0.0 0.0 0.0
94.7968 129.101 -7.51398
0.0616498 -0.356989 0.932072
255 255 255 255
0.548719 -0.643337
0 0 0 0
1.0 0.0 0.0 0.0
94.7968 132.673 -4.53099
0.0584438 -0.838905 0.541131
255 255 255 255
0.535076 -0.659673
0 0 0 0
1.0 0.0 0.0 0.0
94.7968 132.673 4.53095
0.0584438 -0.838905 -0.541131
255 255 255 255
0.493631 -0.659673
0 0 0 0
1.0 0.0 0.0 0.0
94.7968 129.101 7.51393
0.0616498 -0.356989 -0.932072
255 255 255 255
0.479988 -0.643337
0 0 0 0
1.0 0.0 0.0 0.0
94.7968 132.673 -4.53099
0.0584438 -0.838905 0.541131
255 255 255 255
0.535076 -0.659673
0 0 0 0
1.0 0.0 0.0 0.0
94.7968 133.922 -2.18187e-005
0.0564909 -0.998403 0.0
255 255 255 255
0.514354 -0.665387
0 0 0 0
1.0 0.0 0.0 0.0
94.7968 132.673 4.53095
0.0584438 -0.838905 -0.541131
255 255 255 255
0.493631 -0.659673
0 0 0 0
1.0 0.0 0.0 0.0
-157.636 84.1955 -27.3086
0.687996 -0.105353 -0.718027
255 255 255 255
0.0518338 -0.110897
0 0 0 0
1.0 0.0 0.0 0.0
-161.037 94.5724 -27.3086
0.539553 0.407221 -0.736922
255 255 255 255
0.0756589 -0.112247
0 0 0 0
1.0 0.0 0.0 0.0
-160.019 94.9542 -23.3896
0.788467 0.560549 -0.253188
255 255 255 255
0.0768464 -0.121428
0 0 0 0
1.0 0.0 0.0 0.0
-164.855 97.3725 -27.3086
0.0723913 0.723608 -0.686405
255 255 255 255
0.0848903 -0.106834
0 0 0 0
1.0 0.0 0.0 0.0
-164.473 98.1361 -23.3896
0.138251 0.966961 -0.214182
255 255 255 255
0.0897143 -0.115964
0 0 0 0
1.0 0.0 0.0 0.0
-164.473 98.1361 -23.3896
0.138251 0.966961 -0.214182
255 255 255 255
0.0948319 -0.10819
0 0 0 0
1.0 0.0 0.0 0.0
-200.39 82.98 -27.3086
-0.315142 0.492429 -0.811295
255 255 255 255
0.0848386 -0.0301617
0 0 0 0
1.0 0.0 0.0 0.0
-204.429 82.98 -23.3896
-0.597698 0.535834 -0.596355
255 255 255 255
0.0948319 -0.0209487
0 0 0 0
1.0 0.0 0.0 0.0
-203.93 76.3715 -27.3086
-0.413533 -0.0158394 -0.910352
255 255 255 255
0.0773583 -0.0175584
0 0 0 0
1.0 0.0 0.0 0.0
-193.238 69.3712 -27.3086
-0.185921 -0.247172 -0.950968
255 255 255 255
0.0546939 -0.0292619
0 0 0 0
1.0 0.0 0.0 0.0
-195.784 64.9168 -23.3896
-0.366746 -0.43929 -0.820074
255 255 255 255
0.0476717 -0.0174112
0 0 0 0
1.0 0.0 0.0 0.0
-187.129 64.0254 -27.3086
-0.19593 -0.183997 -0.963201
255 255 255 255
0.0392718 -0.0358564
0 0 0 0
1.0 0.0 0.0 0.0
-188.911 55.4982 -23.3896
-0.347921 -0.325337 -0.879265
255 255 255 255
0.0234337 -0.0232051
0 0 0 0
1.0 0.0 0.0 0.0
-181.581 58.9858 -27.3086
-0.0490746 -0.267652 -0.962265
255 255 255 255
0.0249605 -0.0420475
0 0 0 0
1.0 0.0 0.0 0.0
-171.608 63.6371 -27.3086
0.208569 -0.197094 -0.957942
255 255 255 255
0.0246767 -0.065314
0 0 0 0
1.0 0.0 0.0 0.0
-167.412 56.0025 -23.3896
0.308672 -0.309954 -0.89925
255 255 255 255
0.0042963 -0.0657009
0 0 0 0
1.0 0.0 0.0 0.0
-165.625 67.8392 -27.3086
0.536865 -0.354695 -0.765485
255 255 255 255
0.0279068 -0.0795166
0 0 0 0
1.0 0.0 0.0 0.0
-164.603 66.6856 -23.3896
0.753128 -0.397668 -0.524079
255 255 255 255
0.0199618 -0.0827896
0 0 0 0
1.0 0.0 0.0 0.0
-163.076 76.7418 -27.3086
0.512395 -0.249682 -0.821651
255 255 255 255
0.0413108 -0.0936964
0 0 0 0
1.0 0.0 0.0 0.0
-162.184 76.359 -23.3896
0.869333 -0.423939 -0.25404
255 255 255 255
0.0340754 -0.0991527
0 0 0 0
1.0 0.0 0.0 0.0
-156.492 98.2116 -28.1031
-0.153543 0.935509 -0.318195
255 255 255 255
0.880599 -0.872941
0 0 0 0
1.0 0.0 0.0 0.0
-156.06 96.7112 -32.3967
-0.0951291 0.596869 -0.796679
255 255 255 255
0.880599 -0.887201
0 0 0 0
1.0 0.0 0.0 0.0
-177.578 89.8121 -31.6994
-0.532135 0.329548 -0.779891
255 255 255 255
0.806062 -0.887201
0 0 0 0
1.0 0.0 0.0 0.0
-128.052 96.9194 -27.4871
0.562161 0.82316 -0.0798988
255 255 255 255
0.965503 -0.872941
0 0 0 0
1.0 0.0 0.0 0.0
-128.533 96.8427 -31.6635
0.595292 0.537518 -0.597245
255 255 255 255
0.965503 -0.887201
0 0 0 0
1.0 0.0 0.0 0.0
-128.792 93.7254 -30.1604
0.765569 -0.642302 -0.0367754
255 255 255 255
0.974262 -0.902001
0 0 0 0
1.0 0.0 0.0 0.0
-128.669 93.7506 -31.6635
0.615723 -0.558408 -0.555936
255 255 255 255
0.965503 -0.902001
0 0 0 0
1.0 0.0 0.0 0.0
-128.792 93.7254 -30.1604
0.765569 -0.642302 -0.0367754
255 255 255 255
0.965503 -0.911981
0 0 0 0
1.0 0.0 0.0 0.0
-154.332 90.2947 -26.8438
0.18638 -0.943648 -0.273481
255 255 255 255
0.880599 -0.911981
0 0 0 0
1.0 0.0 0.0 0.0
-154.764 91.7951 -32.3966
0.108741 -0.562168 -0.819843
255 255 255 255
0.880599 -0.902001
0 0 0 0
1.0 0.0 0.0 0.0
-177.458 83.306 -27.2797
-0.342522 -0.733693 -0.586833
255 255 255 255
0.806062 -0.911981
0 0 0 0
1.0 0.0 0.0 0.0
-174.875 85.6731 -31.6994
-0.1193 -0.604468 -0.787646
255 255 255 255
0.806062 -0.902001
0 0 0 0
1.0 0.0 0.0 0.0
-177.458 83.306 -27.2797
-0.342522 -0.733693 -0.586833
255 255 255 255
0.793922 -0.902001
0 0 0 0
1.0 0.0 0.0 0.0
-181.524 89.5323 -27.102
-0.752025 0.177988 -0.634648
255 255 255 255
0.793922 -0.887201
0 0 0 0
1.0 0.0 0.0 0.0
18.5806 133.662 20.5819
0.909358 -0.411311 0.0623818
255 255 255 255
0.751241 -0.00397301
0 0 0 0
1.0 0.0 0.0 0.0
8.79517 124.96 20.5134
0.628251 -0.708976 0.320397
255 255 255 255
0.742608 -0.00397301
0 0 0 0
1.0 0.0 0.0 0.0
19.4291 125.112 -2.03833e-005
0.95551 -0.256357 0.145879
255 255 255 255
0.742608 -0.0138116
0 0 0 0
1.0 0.0 0.0 0.0
19.4291 143.059 13.6344
0.991522 -0.122197 -0.0441911
255 255 255 255
0.756555 -0.013782
0 0 0 0
1.0 0.0 0.0 0.0
19.9755 136.907 20.5819
0.846509 -0.363788 -0.388692
255 255 255 255
0.75387 -0.00397301
0 0 0 0
1.0 0.0 0.0 0.0
-44.3693 124.96 20.5134
-0.704942 -0.709245 -0.00524937
255 255 255 255
0.895381 -0.153952
0 0 0 0
1.0 0.0 0.0 0.0
-44.3693 133.662 20.5134
-1.0 0.0 0.0
255 255 255 255
0.895381 -0.166568
0 0 0 0
1.0 0.0 0.0 0.0
-44.3693 131.927 17.2832
-1.0 0.0 0.0
255 255 255 255
0.887984 -0.166568
0 0 0 0
1.0 0.0 0.0 0.0
-44.3693 136.907 20.5819
-1.0 0.0 0.0
255 255 255 255
0.895381 -0.177385
0 0 0 0
1.0 0.0 0.0 0.0
-44.3693 134.514 17.3409
-1.0 0.0 0.0
255 255 255 255
0.887984 -0.177385
0 0 0 0
1.0 0.0 0.0 0.0
-44.3693 143.955 -2.34532e-005
-0.69187 0.0 -0.722023
255 255 255 255
0.895381 -0.215294
0 0 0 0
1.0 0.0 0.0 0.0
-44.3693 140.131 -2.28303e-005
-1.0 0.0 0.0
255 255 255 255
0.887984 -0.215294
0 0 0 0
1.0 0.0 0.0 0.0
-44.3693 139.418 11.4874
-1.0 0.0 0.0
255 255 255 255
0.887984 -0.194749
0 0 0 0
1.0 0.0 0.0 0.0
-44.3693 143.059 13.6344
-1.0 0.0 -9.43425e-007
255 255 255 255
0.895381 -0.194749
0 0 0 0
1.0 0.0 0.0 0.0
-44.3693 139.418 11.4874
-1.0 0.0 -9.43425e-007
255 255 255 255
0.887984 -0.194749
0 0 0 0
1.0 0.0 0.0 0.0
-44.3693 134.514 17.3409
-1.0 0.0 -9.43425e-007
255 255 255 255
0.887984 -0.177385
0 0 0 0
1.0 0.0 0.0 0.0
-97.774 143.059 13.6344
0.641004 0.708391 0.29546
255 255 255 255
0.989303 -0.835335
0 0 0 0
1.0 0.0 0.0 0.0
-97.774 136.907 20.5819
0.623641 0.313377 0.716147
255 255 255 255
0.989303 -0.81064
0 0 0 0
1.0 0.0 0.0 0.0
-97.774 135.223 17.4385
1.0 0.0 0.0
255 255 255 255
0.997771 -0.81064
0 0 0 0
1.0 0.0 0.0 0.0
-97.774 143.955 -2.34532e-005
0.691873 0.72047 0.0472744
255 255 255 255
0.989303 -0.868355
0 0 0 0
1.0 0.0 0.0 0.0
-97.774 140.497 11.5521
1.0 0.0 0.0
255 255 255 255
0.997771 -0.835335
0 0 0 0
1.0 0.0 0.0 0.0
-97.774 133.662 20.5134
0.709479 -0.00741616 0.704688
255 255 255 255
0.989303 -0.801712
0 0 0 0
1.0 0.0 0.0 0.0
-97.774 132.441 17.3805
1.0 0.0 0.0
255 255 255 255
0.997771 -0.801712
0 0 0 0
1.0 0.0 0.0 0.0
-97.774 124.96 20.5134
0.705549 0.0 0.708662
255 255 255 255
0.989303 -0.781225
0 0 0 0
1.0 0.0 0.0 0.0
-97.774 124.981 17.3805
1.0 0.0 0.0
255 255 255 255
0.997771 -0.780739
0 0 0 0
1.0 0.0 0.0 0.0
-108.584 125.112 -2.03833e-005
-0.577734 -0.575018 -0.579291
255 255 255 255
0.666718 -0.0138116
0 0 0 0
1.0 0.0 0.0 0.0
-108.584 124.96 20.5134
-0.576961 -0.579677 0.575405
255 255 255 255
0.666718 -0.00397301
0 0 0 0
1.0 0.0 0.0 0.0
-108.584 133.662 20.5134
-0.709479 -0.00741616 0.704688
255 255 255 255
0.658487 -0.00397301
0 0 0 0
1.0 0.0 0.0 0.0
-108.584 136.907 20.5819
-0.62366 0.313371 0.716133
255 255 255 255
0.655437 -0.00397301
0 0 0 0
1.0 0.0 0.0 0.0
-108.584 143.059 13.6344
-0.64099 0.708406 0.295454
255 255 255 255
0.653032 -0.0138685
0 0 0 0
1.0 0.0 0.0 0.0
-108.584 143.059 13.6344
-0.64099 0.708406 0.295454
255 255 255 255
0.962308 -0.835335
0 0 0 0
1.0 0.0 0.0 0.0
-108.584 136.907 20.5819
-0.62366 0.313371 0.716133
255 255 255 255
0.962308 -0.81064
0 0 0 0
1.0 0.0 0.0 0.0
-108.584 143.955 -2.34532e-005
-0.573984 0.597698 -0.559731
255 255 255 255
0.962309 -0.868355
0 0 0 0
1.0 0.0 0.0 0.0
-108.584 143.059 13.6344
-0.64099 0.708406 0.295454
255 255 255 255
0.962308 -0.835335
0 0 0 0
1.0 0.0 0.0 0.0
-108.584 136.907 20.5819
-0.62366 0.313371 0.716133
255 255 255 255
0.962308 -0.81064
0 0 0 0
1.0 0.0 0.0 0.0
-108.584 133.662 20.5134
-0.709479 -0.00741616 0.704688
255 255 255 255
0.962308 -0.801712
0 0 0 0
1.0 0.0 0.0 0.0
-108.584 133.662 20.5134
-0.709479 -0.00741616 0.704688
255 255 255 255
0.962308 -0.801712
0 0 0 0
1.0 0.0 0.0 0.0
-108.584 124.96 20.5134
-0.576961 -0.579677 0.575405
255 255 255 255
0.962308 -0.781225
0 0 0 0
1.0 0.0 0.0 0.0
-44.3693 125.112 -2.03833e-005
0.0 -0.704477 -0.709727
255 255 255 255
0.706511 -0.0138117
0 0 0 0
1.0 0.0 0.0 0.0
-108.584 143.955 -2.34532e-005
-0.573984 0.597698 -0.559731
255 255 255 255
0.658487 -0.0264473
0 0 0 0
1.0 0.0 0.0 0.0
-44.3693 124.96 20.5134
-0.704942 -0.709245 -0.00524937
255 255 255 255
0.706511 -0.00397301
0 0 0 0
1.0 0.0 0.0 0.0
15.6103 133.662 20.5787
-0.000701942 -0.00387594 0.999992
255 255 255 255
0.984675 -0.166568
0 0 0 0
1.0 0.0 0.0 0.0
6.2866 124.96 20.5134
-0.000518831 -0.711927 0.702253
255 255 255 255
0.970694 -0.153952
0 0 0 0
1.0 0.0 0.0 0.0
8.79517 124.96 20.5134
-6.10392e-005 -0.652662 0.757649
255 255 255 255
0.974423 -0.153952
0 0 0 0
1.0 0.0 0.0 0.0
18.5806 133.662 20.5819
-0.000732465 -0.00198376 0.999998
255 255 255 255
0.989097 -0.166568
0 0 0 0
1.0 0.0 0.0 0.0
19.9755 136.907 20.5819
0.0 0.462977 0.88637
255 255 255 255
0.993996 -0.177385
0 0 0 0
1.0 0.0 0.0 0.0
16.9394 136.907 20.5819
-0.000152595 0.410266 0.911966
255 255 255 255
0.989343 -0.177385
0 0 0 0
1.0 0.0 0.0 0.0
-44.3693 143.955 -2.34532e-005
0.0 0.729906 -0.683547
255 255 255 255
0.895381 -0.215294
0 0 0 0
1.0 0.0 0.0 0.0
-44.3693 143.059 13.6344
0.0 0.922941 0.384943
255 255 255 255
0.895381 -0.194749
0 0 0 0
1.0 0.0 0.0 0.0
16.4188 143.059 13.6344
0.0 0.922941 0.384943
255 255 255 255
0.989343 -0.194749
0 0 0 0
1.0 0.0 0.0 0.0
-44.3693 143.059 13.6344
0.0 0.922941 0.384943
255 255 255 255
0.895381 -0.194749
0 0 0 0
1.0 0.0 0.0 0.0
-44.3693 136.907 20.5819
-0.000549338 0.4012 0.91599
255 255 255 255
0.895381 -0.177385
0 0 0 0
1.0 0.0 0.0 0.0
19.4291 143.955 -2.34532e-005
0.0 0.729906 -0.683547
255 255 255 255
0.751241 -0.0264473
0 0 0 0
1.0 0.0 0.0 0.0
19.4291 125.112 -2.03833e-005
0.0 -0.568999 -0.822338
255 255 255 255
0.742608 -0.0138116
0 0 0 0
1.0 0.0 0.0 0.0
16.4188 125.112 -2.03833e-005
0.0 -0.704477 -0.709727
255 255 255 255
0.740905 -0.0138116
0 0 0 0
1.0 0.0 0.0 0.0
19.4291 125.112 -2.03833e-005
0.0 -0.568999 -0.822338
255 255 255 255
0.742608 -0.0138116
0 0 0 0
1.0 0.0 0.0 0.0
8.79517 124.96 20.5134
-6.10392e-005 -0.652662 0.757649
255 255 255 255
0.742608 -0.00397301
0 0 0 0
1.0 0.0 0.0 0.0
-44.3693 125.112 -2.03833e-005
0.0 -0.704477 -0.709727
255 255 255 255
0.706511 -0.0138117
0 0 0 0
1.0 0.0 0.0 0.0
6.2866 124.96 20.5134
-0.000518831 -0.711927 0.702253
255 255 255 255
0.740905 -0.00397301
0 0 0 0
1.0 0.0 0.0 0.0
16.4188 143.955 -2.34532e-005
0.0 0.729906 -0.683547
255 255 255 255
0.749134 -0.0264473
0 0 0 0
1.0 0.0 0.0 0.0
-44.3693 125.112 -2.03833e-005
0.0 -0.704477 -0.709727
255 255 255 255
0.706511 -0.0138117
0 0 0 0
1.0 0.0 0.0 0.0
19.4291 143.059 13.6344
0.0 0.920505 0.390731
255 255 255 255
0.993996 -0.194749
0 0 0 0
1.0 0.0 0.0 0.0
16.4188 143.955 -2.34532e-005
0.0 0.729906 -0.683547
255 255 255 255
0.989343 -0.215294
0 0 0 0
1.0 0.0 0.0 0.0
-44.3693 136.907 20.5819
-0.000549338 0.4012 0.91599
255 255 255 255
0.895381 -0.177385
0 0 0 0
1.0 0.0 0.0 0.0
-44.3693 133.662 20.5134
-0.000579853 -0.0108646 0.999941
255 255 255 255
0.895381 -0.166568
0 0 0 0
1.0 0.0 0.0 0.0
-44.3693 124.96 20.5134
0.0 -0.709727 0.704477
255 255 255 255
0.895381 -0.153952
0 0 0 0
1.0 0.0 0.0 0.0
-220.716 -72.5074 21.1854
-0.889148 0.379995 0.254988
255 255 255 255
0.0808256 -0.299326
0 0 0 0
1.0 0.0 0.0 0.0
-161.596 -128.253 23.3896
-0.012879 -0.691437 0.722322
255 255 255 255
0.168048 -0.219516
0 0 0 0
1.0 0.0 0.0 0.0
-220.105 -72.5572 23.3896
-0.561288 0.239732 0.792139
255 255 255 255
0.0861579 -0.297469
0 0 0 0
1.0 0.0 0.0 0.0
-154.137 -129.377 21.1855
0.083562 -0.746809 0.659768
255 255 255 255
0.178638 -0.217817
0 0 0 0
1.0 0.0 0.0 0.0
-112.63 -76.0458 1.23894e-005
0.956882 -0.290477 0.0
255 255 255 255
0.249747 -0.285557
0 0 0 0
1.0 0.0 0.0 0.0
-220.318 -72.5398 -22.6202
-0.889206 0.379902 -0.254926
255 255 255 255
0.814636 -0.224276
0 0 0 0
1.0 0.0 0.0 0.0
-161.596 -128.253 -23.3895
-0.0128793 -0.691421 -0.722337
255 255 255 255
0.730884 -0.145675
0 0 0 0
1.0 0.0 0.0 0.0
-238.911 -116.602 -23.3895
-0.632566 -0.439289 -0.637876
255 255 255 255
0.839095 -0.161983
0 0 0 0
1.0 0.0 0.0 0.0
-158.992 -128.646 -22.6202
0.0826468 -0.747178 -0.659465
255 255 255 255
0.727201 -0.145078
0 0 0 0
1.0 0.0 0.0 0.0
-161.596 -128.253 -23.3895
-0.0128793 -0.691421 -0.722337
255 255 255 255
0.730884 -0.145675
0 0 0 0
1.0 0.0 0.0 0.0
-112.63 -76.0458 1.23894e-005
0.956882 -0.290477 0.0
255 255 255 255
0.649224 -0.211255
0 0 0 0
1.0 0.0 0.0 0.0
-201.045 -20.1058 3.27565e-006
-0.924888 0.38024 0.0
255 255 255 255
0.0849023 -0.383132
0 0 0 0
1.0 0.0 0.0 0.0
-223.42 -72.287 1.17771e-005
-0.919202 0.393787 0.0
255 255 255 255
0.0496923 -0.312383
0 0 0 0
1.0 0.0 0.0 0.0
-141.361 -131.303 -17.4101
0.316604 -0.727696 -0.608458
255 255 255 255
0.702262 -0.141035
0 0 0 0
1.0 0.0 0.0 0.0
-238.911 -116.602 -23.3895
-0.632566 -0.439289 -0.637876
255 255 255 255
0.839095 -0.161983
0 0 0 0
1.0 0.0 0.0 0.0
-239.123 -116.57 -22.6202
-0.842613 -0.495209 -0.211592
255 255 255 255
0.841367 -0.162862
0 0 0 0
1.0 0.0 0.0 0.0
-188.272 98.7806 -22.6202
-0.794257 0.4681 -0.387347
255 255 255 255
0.768641 -0.464139
0 0 0 0
1.0 0.0 0.0 0.0
-89.906 19.5176 -23.3895
0.0 0.0 -1.0
255 255 255 255
0.630709 -0.352947
0 0 0 0
1.0 0.0 0.0 0.0
-86.5913 29.827 -23.3895
0.0 0.0 -1.0
255 255 255 255
0.626384 -0.367216
0 0 0 0
1.0 0.0 0.0 0.0
-89.906 19.5176 -23.3895
0.0 0.0 -1.0
255 255 255 255
0.630709 -0.352947
0 0 0 0
1.0 0.0 0.0 0.0
-86.5913 29.827 -23.3895
0.0 0.0 -1.0
255 255 255 255
0.626384 -0.367216
0 0 0 0
1.0 0.0 0.0 0.0
-79.7361 46.7195 -22.6202
0.469626 0.0362566 -0.882121
255 255 255 255
0.616068 -0.390429
0 0 0 0
1.0 0.0 0.0 0.0
-60.9291 72.3876 -23.3896
0.0441605 -0.246835 -0.968051
255 255 255 255
0.589991 -0.426493
0 0 0 0
1.0 0.0 0.0 0.0
-240.56 -116.353 -17.4101
-0.871932 -0.467675 -0.144966
255 255 255 255
0.0134258 -0.13637
0 0 0 0
1.0 0.0 0.0 0.0
-158.992 -128.646 -22.6202
0.0826468 -0.747178 -0.659465
255 255 255 255
0.161972 -0.126882
0 0 0 0
1.0 0.0 0.0 0.0
-141.361 -131.303 17.4101
0.316304 -0.727128 0.609292
255 255 255 255
0.196778 -0.214906
0 0 0 0
1.0 0.0 0.0 0.0
-184.021 34.514 21.1854
-0.964823 -0.116399 0.235728
255 255 255 255
0.134308 -0.446817
0 0 0 0
1.0 0.0 0.0 0.0
-239.519 -116.51 21.1855
-0.842642 -0.495147 0.211622
255 255 255 255
0.0533268 -0.238342
0 0 0 0
1.0 0.0 0.0 0.0
-238.911 -116.602 23.3896
-0.632631 -0.439232 0.63785
255 255 255 255
0.0598375 -0.235824
0 0 0 0
1.0 0.0 0.0 0.0
-188.972 98.7806 21.1854
-0.794257 0.4681 0.387347
255 255 255 255
0.128527 -0.539296
0 0 0 0
1.0 0.0 0.0 0.0
-86.0727 17.8388 23.3895
-0.0862169 -0.249495 0.96453
255 255 255 255
0.273546 -0.425445
0 0 0 0
1.0 0.0 0.0 0.0
-57.9805 72.1573 23.3895
0.0198066 -0.277415 0.960546
255 255 255 255
0.313069 -0.500012
0 0 0 0
1.0 0.0 0.0 0.0
-154.137 -129.377 21.1855
0.083562 -0.746809 0.659768
255 255 255 255
0.170732 -0.206682
0 0 0 0
1.0 0.0 0.0 0.0
-240.56 -116.353 17.4101
-0.871932 -0.467675 0.144966
255 255 255 255
0.0134258 -0.199783
0 0 0 0
1.0 0.0 0.0 0.0
-152.282 97.0649 -10.4419
0.178259 0.98392 0.0112037
255 255 255 255
0.0060755 -0.563519
0 0 0 0
1.0 0.0 0.0 0.0
-153.256 97.125 -0.228439
0.178259 0.98392 0.0112037
255 255 255 255
0.00504213 -0.552028
0 0 0 0
1.0 0.0 0.0 0.0
-87.4633 85.3166 -10.0139
0.178259 0.98392 0.0112037
255 255 255 255
0.0801525 -0.563403
0 0 0 0
1.0 0.0 0.0 0.0
-80.2142 84.06 0.137895
0.176065 0.984376 0.00206691
255 255 255 255
0.0884819 -0.552028
0 0 0 0
1.0 0.0 0.0 0.0
-153.256 97.125 -0.228439
0.176065 0.984376 0.00206691
255 255 255 255
0.00504213 -0.552028
0 0 0 0
1.0 0.0 0.0 0.0
-87.5584 85.3524 10.2166
0.176065 0.984376 0.00206691
255 255 255 255
0.0801526 -0.540654
0 0 0 0
1.0 0.0 0.0 0.0
-220.367 -118.064 23.3896
-0.328509 -0.26921 0.905322
255 255 255 255
0.381611 -0.970428
0 0 0 0
1.0 0.0 0.0 0.0
-232.995 -102.368 23.3896
-0.393001 -0.170818 0.903533
255 255 255 255
0.403361 -0.994552
0 0 0 0
1.0 0.0 0.0 0.0
-89.3578 -4.56172 7.43199e-007
0.783233 0.621728 0.0
255 255 255 255
0.58257 -0.786457
0 0 0 0
1.0 0.0 0.0 0.0
-93.5257 38.7982 23.3895
0.53787 -0.359912 0.762338
255 255 255 255
0.640173 -0.825209
0 0 0 0
1.0 0.0 0.0 0.0
-232.995 -102.368 -23.3895
-0.393001 -0.170818 -0.903533
255 255 255 255
0.356581 -0.992379
0 0 0 0
1.0 0.0 0.0 0.0
-89.3578 -4.56172 7.43199e-007
0.783233 0.621728 0.0
255 255 255 255
0.14145 -0.816514
0 0 0 0
1.0 0.0 0.0 0.0
-85.5921 -9.30575 1.5161e-006
0.996639 0.0819139 0.0
255 255 255 255
0.149378 -0.812328
0 0 0 0
1.0 0.0 0.0 0.0
-85.5921 -9.30575 1.5161e-006
0.996639 0.0819139 0.0
255 255 255 255
0.149378 -0.812328
0 0 0 0
1.0 0.0 0.0 0.0
-93.9899 -38.2571 6.23287e-006
0.751259 -0.660007 0.0
255 255 255 255
0.194332 -0.809047
0 0 0 0
1.0 0.0 0.0 0.0
-93.9899 -38.2571 6.23287e-006
0.751259 -0.660007 0.0
255 255 255 255
0.194332 -0.809047
0 0 0 0
1.0 0.0 0.0 0.0
-102.186 -40.748 6.6387e-006
0.34773 -0.937595 0.0
255 255 255 255
0.20604 -0.814067
0 0 0 0
1.0 0.0 0.0 0.0
-185.204 22.2982 14.2598
-0.694254 0.0901542 0.714061
255 255 255 255
0.717027 -0.0321147
0 0 0 0
1.0 0.0 0.0 0.0
-207.784 82.98 14.2598
-0.387566 0.756301 0.52707
255 255 255 255
0.620621 -0.0123566
0 0 0 0
1.0 0.0 0.0 0.0
-243.217 88.0102 -1.43387e-005
0.584666 0.811274 0.0
255 255 255 255
0.602388 -0.0647758
0 0 0 0
1.0 0.0 0.0 0.0
-243.217 88.0102 -1.43387e-005
0.584666 0.811274 0.0
255 255 255 255
0.602388 -0.0647758
0 0 0 0
1.0 0.0 0.0 0.0
-234.939 81.9267 -1.33476e-005
0.37981 0.925064 0.0
255 255 255 255
0.602388 -0.0741677
0 0 0 0
1.0 0.0 0.0 0.0
-234.939 81.9267 -1.33476e-005
0.37981 0.925064 0.0
255 255 255 255
0.602388 -0.0741677
0 0 0 0
1.0 0.0 0.0 0.0
-223.287 79.7031 -1.29853e-005
-0.0597865 0.998211 0.0
255 255 255 255
0.602388 -0.0850234
0 0 0 0
1.0 0.0 0.0 0.0
-223.287 79.7031 -1.29853e-005
-0.0597865 0.998211 0.0
255 255 255 255
0.602388 -0.0850234
0 0 0 0
1.0 0.0 0.0 0.0
-209.282 83.4793 -1.36005e-005
-0.274125 0.961694 0.0
255 255 255 255
0.602388 -0.0996622
0 0 0 0
1.0 0.0 0.0 0.0
-168.658 102.566 -1.67101e-005
0.541994 0.840382 0.0
255 255 255 255
0.920705 -0.636331
0 0 0 0
1.0 0.0 0.0 0.0
-165.704 115.818 -1.88691e-005
-0.470607 -0.882343 0.0
255 255 255 255
0.920705 -0.514123
0 0 0 0
1.0 0.0 0.0 0.0
-168.658 102.566 -1.67101e-005
0.541994 0.840382 0.0
255 255 255 255
0.965916 -0.636331
0 0 0 0
1.0 0.0 0.0 0.0
-204.141 125.45 -2.04384e-005
0.850808 0.525476 0.0
255 255 255 255
0.965916 -0.596185
0 0 0 0
1.0 0.0 0.0 0.0
-204.473 130.835 -2.13158e-005
0.921018 -0.38952 0.0
255 255 255 255
0.965916 -0.58021
0 0 0 0
1.0 0.0 0.0 0.0
-201.322 133.218 -2.1704e-005
0.172495 -0.98501 0.0
255 255 255 255
0.965916 -0.56057
0 0 0 0
1.0 0.0 0.0 0.0
-201.322 133.218 -2.1704e-005
0.172495 -0.98501 0.0
255 255 255 255
0.965916 -0.56057
0 0 0 0
1.0 0.0 0.0 0.0
-195.131 131.513 -2.14262e-005
-0.366228 -0.930525 0.0
255 255 255 255
0.965916 -0.544713
0 0 0 0
1.0 0.0 0.0 0.0
-145.187 98.0185 -1.59692e-005
0.540919 -0.841074 0.0
255 255 255 255
0.934988 -0.125301
0 0 0 0
1.0 0.0 0.0 0.0
-145.187 98.0185 -1.59692e-005
0.540919 -0.841074 0.0
255 255 255 255
0.940569 -0.131721
0 0 0 0
1.0 0.0 0.0 0.0
-145.187 98.0185 -1.59692e-005
0.540919 -0.841074 0.0
255 255 255 255
0.934988 -0.125301
0 0 0 0
1.0 0.0 0.0 0.0
-70.5831 84.4438 -1.37576e-005
-0.921767 -0.387745 0.0
255 255 255 255
0.990569 -0.125301
0 0 0 0
1.0 0.0 0.0 0.0
-139.997 -131.508 2.14255e-005
-0.676549 -0.736397 0.0
255 255 255 255
0.990569 -0.0432389
0 0 0 0
1.0 0.0 0.0 0.0
-46.5457 63.8466 8.20325
0.253404 -0.890806 0.377161
255 255 255 255
0.989568 -0.0065648
0 0 0 0
1.0 0.0 0.0 0.0
-46.5457 63.8466 8.20325
0.253404 -0.890806 0.377161
255 255 255 255
0.767816 -0.0065648
0 0 0 0
1.0 0.0 0.0 0.0
-46.5457 62.3256 -0.245358
0.276019 -0.961152 0.0
255 255 255 255
0.767816 -0.0161313
0 0 0 0
1.0 0.0 0.0 0.0
-46.5457 63.8466 -8.69396
0.250838 -0.887777 -0.385917
255 255 255 255
0.767816 -0.0257159
0 0 0 0
1.0 0.0 0.0 0.0
-46.5457 62.3256 -0.245358
0.276019 -0.961152 0.0
255 255 255 255
0.767816 -0.0161313
0 0 0 0
1.0 0.0 0.0 0.0
-10.2337 11.7256 8.20326
-0.149146 0.622038 0.768651
255 255 255 255
0.877339 -0.0065648
0 0 0 0
1.0 0.0 0.0 0.0
-10.2337 11.7256 8.20326
-0.149146 0.622038 0.768651
255 255 255 255
0.877339 -0.0065648
0 0 0 0
1.0 0.0 0.0 0.0
3.54962 56.6892 8.20325
-0.355215 -0.340108 0.870718
255 255 255 255
0.934796 -0.0065648
0 0 0 0
1.0 0.0 0.0 0.0
3.54962 56.6892 8.20325
-0.355215 -0.340108 0.870718
255 255 255 255
0.934796 -0.0065648
0 0 0 0
1.0 0.0 0.0 0.0
-42.9598 10.7704 8.20326
0.124093 0.644421 0.754535
255 255 255 255
0.852767 -0.91957
0 0 0 0
1.0 0.0 0.0 0.0
-56.2125 15.6464 -8.69395
0.368334 0.49514 -0.786871
255 255 255 255
0.831739 -0.993335
0 0 0 0
1.0 0.0 0.0 0.0
-42.9598 10.7704 -8.69395
0.124093 0.644421 -0.754535
255 255 255 255
0.852767 -0.993335
0 0 0 0
1.0 0.0 0.0 0.0
-32.4426 10.4985 8.20326
-0.0161751 0.672822 0.739628
255 255 255 255
0.869828 -0.91957
0 0 0 0
1.0 0.0 0.0 0.0
-42.9598 10.7704 -8.69395
0.124093 0.644421 -0.754535
255 255 255 255
0.852767 -0.993335
0 0 0 0
1.0 0.0 0.0 0.0
-32.4426 10.4985 -8.69395
-0.0161751 0.672822 -0.739628
255 255 255 255
0.869828 -0.993335
0 0 0 0
1.0 0.0 0.0 0.0
-32.4426 10.4985 -8.69395
-0.0161751 0.672822 -0.739628
255 255 255 255
0.869828 -0.993335
0 0 0 0
1.0 0.0 0.0 0.0
-10.2337 11.7256 -8.69395
-0.149146 0.622038 -0.768651
255 255 255 255
0.898924 -0.993335
0 0 0 0
1.0 0.0 0.0 0.0
0.0782455 16.2643 8.20325
-0.37551 0.50473 0.777329
255 255 255 255
0.915319 -0.91957
0 0 0 0
1.0 0.0 0.0 0.0
-10.2337 11.7256 -8.69395
-0.149146 0.622038 -0.768651
255 255 255 255
0.898924 -0.993335
0 0 0 0
1.0 0.0 0.0 0.0
0.0782455 16.2643 -8.69395
-0.37551 0.50473 -0.777329
255 255 255 255
0.915319 -0.993335
0 0 0 0
1.0 0.0 0.0 0.0
7.09828 24.6377 8.20325
-0.549104 0.280839 0.787155
255 255 255 255
0.931445 -0.91957
0 0 0 0
1.0 0.0 0.0 0.0
0.0782455 16.2643 -8.69395
-0.37551 0.50473 -0.777329
255 255 255 255
0.915319 -0.993335
0 0 0 0
1.0 0.0 0.0 0.0
7.09828 24.6377 -8.69395
-0.549104 0.280839 -0.787155
255 255 255 255
0.931445 -0.993335
0 0 0 0
1.0 0.0 0.0 0.0
7.09828 24.6377 8.20325
-0.549104 0.280839 0.787155
255 255 255 255
0.931445 -0.91957
0 0 0 0
1.0 0.0 0.0 0.0
7.09828 24.6377 -8.69395
-0.549104 0.280839 -0.787155
255 255 255 255
0.931445 -0.993335
0 0 0 0
1.0 0.0 0.0 0.0
10.2349 35.1983 8.20325
-0.592947 0.038545 0.804319
255 255 255 255
0.948092 -0.91957
0 0 0 0
1.0 0.0 0.0 0.0
10.2349 35.1983 -8.69395
-0.592947 0.038545 -0.804319
255 255 255 255
0.948092 -0.993335
0 0 0 0
1.0 0.0 0.0 0.0
8.79116 47.1165 8.20325
-0.522799 -0.191052 0.830771
255 255 255 255
0.96615 -0.91957
0 0 0 0
1.0 0.0 0.0 0.0
8.79116 47.1165 -8.69396
-0.522799 -0.191052 -0.830771
255 255 255 255
0.96615 -0.993335
0 0 0 0
1.0 0.0 0.0 0.0
3.54962 56.6892 -8.69396
-0.355215 -0.340108 -0.870718
255 255 255 255
0.979583 -0.993335
0 0 0 0
1.0 0.0 0.0 0.0
126.999 98.7806 23.3895
0.57735 0.57735 0.57735
255 255 255 255
0.0189646 -0.381374
0 0 0 0
1.0 0.0 0.0 0.0
-147.791 -130.334 -10.8677
-0.149026 -0.988833 1.13665e-006
255 255 255 255
0.18237 -0.148285
0 0 0 0
1.0 0.0 0.0 0.0
-141.361 -131.303 -17.4101
-0.149026 -0.988833 1.13665e-006
255 255 255 255
0.194081 -0.13637
0 0 0 0
1.0 0.0 0.0 0.0
-139.997 -131.508 2.14255e-005
-0.149026 -0.988833 1.13665e-006
255 255 255 255
0.196565 -0.168077
0 0 0 0
1.0 0.0 0.0 0.0
-240.56 -116.353 -17.4101
-0.149023 -0.988834 9.98817e-007
255 255 255 255
0.0134258 -0.13637
0 0 0 0
1.0 0.0 0.0 0.0
-213.846 -120.379 -10.8677
-0.149023 -0.988834 9.98817e-007
255 255 255 255
0.0620753 -0.148285
0 0 0 0
1.0 0.0 0.0 0.0
-242.208 -116.105 1.89158e-005
-0.149023 -0.988834 9.98817e-007
255 255 255 255
0.010423 -0.168077
0 0 0 0
1.0 0.0 0.0 0.0
-240.56 -116.353 -17.4101
-0.149022 -0.988834 2.19716e-006
255 255 255 255
0.0134258 -0.13637
0 0 0 0
1.0 0.0 0.0 0.0
-141.361 -131.303 -17.4101
-0.149022 -0.988834 2.19716e-006
255 255 255 255
0.194081 -0.13637
0 0 0 0
1.0 0.0 0.0 0.0
-213.846 -120.379 -10.8677
-0.149022 -0.988834 2.19716e-006
255 255 255 255
0.0620753 -0.148285
0 0 0 0
1.0 0.0 0.0 0.0
-158.992 -128.646 -22.6202
0.0826468 -0.747178 -0.659465
255 255 255 255
0.161972 -0.126882
0 0 0 0
1.0 0.0 0.0 0.0
-147.791 -130.334 10.8677
-0.149026 -0.988833 -1.13665e-006
255 255 255 255
0.18237 -0.187868
0 0 0 0
1.0 0.0 0.0 0.0
-139.997 -131.508 2.14255e-005
-0.149026 -0.988833 -1.13665e-006
255 255 255 255
0.196565 -0.168077
0 0 0 0
1.0 0.0 0.0 0.0
-141.361 -131.303 17.4101
-0.149026 -0.988833 -1.13665e-006
255 255 255 255
0.194081 -0.199783
0 0 0 0
1.0 0.0 0.0 0.0
-240.56 -116.353 17.4101
-0.149023 -0.988834 -9.98817e-007
255 255 255 255
0.0134258 -0.199783
0 0 0 0
1.0 0.0 0.0 0.0
-242.208 -116.105 1.89158e-005
-0.149023 -0.988834 -9.98817e-007
255 255 255 255
0.010423 -0.168077
0 0 0 0
1.0 0.0 0.0 0.0
-213.846 -120.379 10.8677
-0.149023 -0.988834 -9.98817e-007
255 255 255 255
0.0620753 -0.187868
0 0 0 0
1.0 0.0 0.0 0.0
-147.791 -130.334 10.8677
-0.149022 -0.988834 -2.74969e-006
255 255 255 255
0.18237 -0.187868
0 0 0 0
1.0 0.0 0.0 0.0
-141.361 -131.303 17.4101
-0.149022 -0.988834 -2.74969e-006
255 255 255 255
0.194081 -0.199783
0 0 0 0
1.0 0.0 0.0 0.0
-213.846 -120.379 10.8677
-0.149022 -0.988834 -2.74969e-006
255 255 255 255
0.0620753 -0.187868
0 0 0 0
1.0 0.0 0.0 0.0
-154.137 -129.377 21.1855
0.083562 -0.746809 0.659768
255 255 255 255
0.170732 -0.206682
0 0 0 0
1.0 0.0 0.0 0.0
-186.871 22.2982 -3.63284e-006
-0.993531 0.113563 0.0
255 255 255 255
0.108944 -0.431866
0 0 0 0
1.0 0.0 0.0 0.0
-223.42 -72.287 1.17771e-005
-0.919202 0.393787 0.0
255 255 255 255
0.0496923 -0.312383
0 0 0 0
1.0 0.0 0.0 0.0
-240.56 -116.353 17.4101
-0.871932 -0.467675 0.144966
255 255 255 255
0.0421751 -0.242655
0 0 0 0
1.0 0.0 0.0 0.0
-190.999 5.4167 -8.82492e-007
-0.952749 0.303758 0.0
255 255 255 255
0.102395 -0.415179
0 0 0 0
1.0 0.0 0.0 0.0
-186.871 22.2982 -3.63284e-006
-0.993531 0.113563 0.0
255 255 255 255
0.108944 -0.431866
0 0 0 0
1.0 0.0 0.0 0.0
-192.211 98.7806 -1.60934e-005
-0.861503 0.507752 0.0
255 255 255 255
0.103905 -0.554028
0 0 0 0
1.0 0.0 0.0 0.0
-199.599 86.245 -1.40511e-005
-0.606572 0.795029 0.0
255 255 255 255
0.0865348 -0.534355
0 0 0 0
1.0 0.0 0.0 0.0
-209.282 83.4793 -1.36005e-005
-0.652549 0.757747 0.0
255 255 255 255
0.0774015 -0.516561
0 0 0 0
1.0 0.0 0.0 0.0
-208.75 61.8213 -1.0072e-005
-0.68402 -0.729463 0.0
255 255 255 255
0.0785509 -0.476532
0 0 0 0
1.0 0.0 0.0 0.0
-197.854 57.1512 -9.31111e-006
-0.630343 -0.776317 0.0
255 255 255 255
0.0922588 -0.462237
0 0 0 0
1.0 0.0 0.0 0.0
-190.116 45.9754 -7.49034e-006
-0.910864 -0.412706 0.0
255 255 255 255
0.104435 -0.450734
0 0 0 0
1.0 0.0 0.0 0.0
-187.326 34.514 -5.62304e-006
-0.989108 -0.147191 0.0
255 255 255 255
0.109103 -0.44181
0 0 0 0
1.0 0.0 0.0 0.0
126.999 98.7806 -23.3896
0.57735 0.57735 -0.57735
255 255 255 255
0.326965 -0.463433
0 0 0 0
1.0 0.0 0.0 0.0
21.7357 63.8466 -8.69396
0.371817 -0.693552 -0.61704
255 255 255 255
0.473305 -0.404787
0 0 0 0
1.0 0.0 0.0 0.0
126.999 81.9207 -23.3896
0.627442 -0.3116 -0.713598
255 255 255 255
0.326965 -0.439836
0 0 0 0
1.0 0.0 0.0 0.0
126.999 68.1385 -8.44862
0.670472 -0.625976 -0.398273
255 255 255 255
0.327179 -0.411582
0 0 0 0
1.0 0.0 0.0 0.0
21.7357 63.8466 -8.69396
0.371817 -0.693552 -0.61704
255 255 255 255
0.473305 -0.404787
0 0 0 0
1.0 0.0 0.0 0.0
-8.08475 63.8466 -8.69396
-0.110112 -0.813784 -0.570641
255 255 255 255
0.515962 -0.402952
0 0 0 0
1.0 0.0 0.0 0.0
-46.793 98.7806 -23.3896
0.0 0.0 -1.0
255 255 255 255
0.570206 -0.463433
0 0 0 0
1.0 0.0 0.0 0.0
-46.5457 63.8466 -8.69396
0.250838 -0.887777 -0.385917
255 255 255 255
0.568218 -0.404774
0 0 0 0
1.0 0.0 0.0 0.0
-61.3629 54.1641 -8.69396
0.754245 -0.583705 -0.300672
255 255 255 255
0.584868 -0.395243
0 0 0 0
1.0 0.0 0.0 0.0
-66.1914 41.914 -8.69395
0.960431 -0.116521 -0.252972
255 255 255 255
0.588487 -0.38164
0 0 0 0
1.0 0.0 0.0 0.0
-61.3629 54.1641 -8.69396
0.754245 -0.583705 -0.300672
255 255 255 255
0.584868 -0.395243
0 0 0 0
1.0 0.0 0.0 0.0
-63.7137 25.523 -8.69395
0.899655 0.188031 -0.394038
255 255 255 255
0.588761 -0.359279
0 0 0 0
1.0 0.0 0.0 0.0
-66.1914 41.914 -8.69395
0.960431 -0.116521 -0.252972
255 255 255 255
0.588487 -0.38164
0 0 0 0
1.0 0.0 0.0 0.0
-88.7278 31.0805 -23.3895
0.0 5.69222e-007 -1.0
255 255 255 255
0.628898 -0.36868
0 0 0 0
1.0 0.0 0.0 0.0
-86.5913 29.827 -23.3895
0.0 5.69222e-007 -1.0
255 255 255 255
0.626384 -0.367216
0 0 0 0
1.0 0.0 0.0 0.0
-91.44 20.32 -23.3895
0.0 5.69222e-007 -1.0
255 255 255 255
0.632694 -0.353619
0 0 0 0
1.0 0.0 0.0 0.0
-86.5913 29.827 -23.3895
0.0 0.0 -1.0
255 255 255 255
0.626384 -0.367216
0 0 0 0
1.0 0.0 0.0 0.0
-63.7137 25.523 -8.69395
0.899655 0.188031 -0.394038
255 255 255 255
0.588761 -0.359279
0 0 0 0
1.0 0.0 0.0 0.0
-65.634 15.6841 -8.69395
0.387503 -0.198436 -0.900258
255 255 255 255
0.592177 -0.345836
0 0 0 0
1.0 0.0 0.0 0.0
-72.355 7.94561 -8.69395
0.235122 -0.798145 -0.554691
255 255 255 255
0.600368 -0.334366
0 0 0 0
1.0 0.0 0.0 0.0
-112.63 -76.0458 1.23894e-005
0.956882 -0.290477 0.0
255 255 255 255
0.649224 -0.211255
0 0 0 0
1.0 0.0 0.0 0.0
-129.655 -133.067 2.16794e-005
0.649705 -0.760186 0.0
255 255 255 255
0.674608 -0.134324
0 0 0 0
1.0 0.0 0.0 0.0
-89.906 19.5176 -23.3895
0.0 0.0 -1.0
255 255 255 255
0.630709 -0.352947
0 0 0 0
1.0 0.0 0.0 0.0
-91.44 20.32 -23.3895
0.0 0.0 -1.0
255 255 255 255
0.632694 -0.353619
0 0 0 0
1.0 0.0 0.0 0.0
-91.44 20.32 -23.3895
0.0 0.0 -1.0
255 255 255 255
0.632694 -0.353619
0 0 0 0
1.0 0.0 0.0 0.0
-239.123 -116.57 -22.6202
-0.842613 -0.495209 -0.211592
255 255 255 255
0.841367 -0.162862
0 0 0 0
1.0 0.0 0.0 0.0
-31.8304 63.8466 -8.69396
-0.0202648 -0.904012 -0.427026
255 255 255 255
0.549231 -0.403703
0 0 0 0
1.0 0.0 0.0 0.0
-46.5457 63.8466 -8.69396
0.250838 -0.887777 -0.385917
255 255 255 255
0.568218 -0.404774
0 0 0 0
1.0 0.0 0.0 0.0
-75.2041 4.20838 -0.245348
0.129126 -0.991408 0.020875
255 255 255 255
0.598244 -0.321591
0 0 0 0
1.0 0.0 0.0 0.0
-72.355 7.94561 -8.69395
0.235122 -0.798145 -0.554691
255 255 255 255
0.600368 -0.334366
0 0 0 0
1.0 0.0 0.0 0.0
34.2205 98.7806 -23.3896
0.0 0.447201 -0.894433
255 255 255 255
0.790673 -0.994731
0 0 0 0
1.0 0.0 0.0 0.0
92.7132 98.7806 -23.3896
0.0 0.707107 -0.707107
255 255 255 255
0.790673 -0.922244
0 0 0 0
1.0 0.0 0.0 0.0
92.7132 98.7806 -23.3896
0.0 0.707107 -0.707107
255 255 255 255
0.790673 -0.922244
0 0 0 0
1.0 0.0 0.0 0.0
126.999 98.7806 -23.3896
0.57735 0.57735 -0.57735
255 255 255 255
0.790673 -0.879755
0 0 0 0
1.0 0.0 0.0 0.0
217.603 140.63 -2.29116e-005
0.216749 0.976227 0.0
255 255 255 255
0.0959895 -0.571371
0 0 0 0
1.0 0.0 0.0 0.0
94.7968 140.63 -2.29116e-005
0.0 1.0 0.0
255 255 255 255
0.0198272 -0.571371
0 0 0 0
1.0 0.0 0.0 0.0
94.7968 133.922 -2.18187e-005
0.0564909 -0.998403 0.0
255 255 255 255
0.204279 -0.799789
0 0 0 0
1.0 0.0 0.0 0.0
94.7968 133.922 -2.18187e-005
0.0564909 -0.998403 0.0
255 255 255 255
0.204279 -0.571371
0 0 0 0
1.0 0.0 0.0 0.0
217.603 133.922 -2.18187e-005
0.233808 -0.972283 0.0
255 255 255 255
0.144185 -0.571371
0 0 0 0
1.0 0.0 0.0 0.0
126.999 81.9207 23.3895
0.627442 -0.3116 0.713598
255 255 255 255
0.571807 -0.513677
0 0 0 0
1.0 0.0 0.0 0.0
21.7357 63.8466 8.20325
0.359821 -0.704474 0.611756
255 255 255 255
0.425521 -0.478618
0 0 0 0
1.0 0.0 0.0 0.0
126.999 68.1385 8.4486
0.670472 -0.625976 0.398273
255 255 255 255
0.571807 -0.485428
0 0 0 0
1.0 0.0 0.0 0.0
126.999 81.9207 23.3895
0.627442 -0.3116 0.713598
255 255 255 255
0.571807 -0.513677
0 0 0 0
1.0 0.0 0.0 0.0
126.999 64.6585 -1.05342e-005
0.63058 -0.776124 0.0
255 255 255 255
0.571807 -0.472751
0 0 0 0
1.0 0.0 0.0 0.0
126.999 68.1385 8.4486
0.670472 -0.625976 0.398273
255 255 255 255
0.571807 -0.485428
0 0 0 0
1.0 0.0 0.0 0.0
95.9693 64.6585 -1.05342e-005
-0.0082097 -0.999966 0.0
255 255 255 255
0.528594 -0.473114
0 0 0 0
1.0 0.0 0.0 0.0
95.9693 64.6585 -1.05342e-005
-0.0082097 -0.999966 0.0
255 255 255 255
0.528594 -0.473114
0 0 0 0
1.0 0.0 0.0 0.0
41.2626 65.9152 -1.0739e-005
0.0520959 -0.998642 0.0
255 255 255 255
0.453978 -0.47376
0 0 0 0
1.0 0.0 0.0 0.0
41.2626 65.9152 -1.0739e-005
0.0520959 -0.998642 0.0
255 255 255 255
0.453978 -0.47376
0 0 0 0
1.0 0.0 0.0 0.0
29.746 64.2112 -1.04613e-005
0.339431 -0.940622 0.00405901
255 255 255 255
0.439144 -0.471144
0 0 0 0
1.0 0.0 0.0 0.0
21.7357 63.8466 8.20325
0.359821 -0.704474 0.611756
255 255 255 255
0.425521 -0.478618
0 0 0 0
1.0 0.0 0.0 0.0
29.746 64.2112 -1.04613e-005
0.339431 -0.940622 0.00405901
255 255 255 255
0.439144 -0.471144
0 0 0 0
1.0 0.0 0.0 0.0
21.7357 63.8466 8.20325
0.359821 -0.704474 0.611756
255 255 255 255
0.425521 -0.478618
0 0 0 0
1.0 0.0 0.0 0.0
-8.08475 63.8466 8.20325
-0.110143 -0.818151 0.564356
255 255 255 255
0.382969 -0.476815
0 0 0 0
1.0 0.0 0.0 0.0
-61.3629 54.1641 8.20325
0.756465 -0.586347 0.289755
255 255 255 255
0.314041 -0.468981
0 0 0 0
1.0 0.0 0.0 0.0
-61.3629 54.1641 8.20325
0.756465 -0.586347 0.289755
255 255 255 255
0.314041 -0.468981
0 0 0 0
1.0 0.0 0.0 0.0
-63.7137 25.523 8.20325
0.902352 0.187752 0.387956
255 255 255 255
0.309633 -0.433229
0 0 0 0
1.0 0.0 0.0 0.0
-66.1914 41.914 8.20325
0.962596 -0.118169 0.243815
255 255 255 255
0.310245 -0.455312
0 0 0 0
1.0 0.0 0.0 0.0
-65.634 15.6841 8.20325
0.392634 -0.20088 0.897489
255 255 255 255
0.306121 -0.420151
0 0 0 0
1.0 0.0 0.0 0.0
-63.7137 25.523 8.20325
0.902352 0.187752 0.387956
255 255 255 255
0.309633 -0.433229
0 0 0 0
1.0 0.0 0.0 0.0
-72.355 7.94561 8.20326
0.191873 -0.807685 0.557521
255 255 255 255
0.297733 -0.409052
0 0 0 0
1.0 0.0 0.0 0.0
-83.6485 1.52907 -2.49117e-007
0.509328 -0.859135 0.0497151
255 255 255 255
0.29043 -0.391097
0 0 0 0
1.0 0.0 0.0 0.0
-92.3552 -8.14078 1.3263e-006
0.882246 -0.470788 0.0
255 255 255 255
0.279765 -0.377617
0 0 0 0
1.0 0.0 0.0 0.0
-129.655 -133.067 2.16794e-005
0.649705 -0.760186 0.0
255 255 255 255
0.22454 -0.208253
0 0 0 0
1.0 0.0 0.0 0.0
-239.519 -116.51 21.1855
-0.842642 -0.495147 0.211622
255 255 255 255
0.0533268 -0.238342
0 0 0 0
1.0 0.0 0.0 0.0
-8.08475 63.8466 8.20325
-0.110143 -0.818151 0.564356
255 255 255 255
0.382969 -0.476815
0 0 0 0
1.0 0.0 0.0 0.0
-31.8304 63.8466 8.20325
-0.0202342 -0.907183 0.420249
255 255 255 255
0.349716 -0.477549
0 0 0 0
1.0 0.0 0.0 0.0
-31.8304 63.8466 8.20325
-0.0202342 -0.907183 0.420249
255 255 255 255
0.349716 -0.477549
0 0 0 0
1.0 0.0 0.0 0.0
-75.2041 4.20838 -0.245348
0.129126 -0.991408 0.020875
255 255 255 255
0.299498 -0.397044
0 0 0 0
1.0 0.0 0.0 0.0
-72.355 7.94561 8.20326
0.191873 -0.807685 0.557521
255 255 255 255
0.297733 -0.409052
0 0 0 0
1.0 0.0 0.0 0.0
-75.2041 4.20838 -0.245348
0.129126 -0.991408 0.020875
255 255 255 255
0.299498 -0.397044
0 0 0 0
1.0 0.0 0.0 0.0
-83.6485 1.52907 -2.49117e-007
0.509328 -0.859135 0.0497151
255 255 255 255
0.29043 -0.391097
0 0 0 0
1.0 0.0 0.0 0.0
222.186 138.394 -2.25473e-005
0.807679 0.589622 0.0
255 255 255 255
0.113107 -0.571371
0 0 0 0
1.0 0.0 0.0 0.0
217.603 140.63 -2.29116e-005
0.216749 0.976227 0.0
255 255 255 255
0.0959895 -0.571371
0 0 0 0
1.0 0.0 0.0 0.0
222.186 136.158 -2.2183e-005
0.88881 -0.458276 0.0
255 255 255 255
0.124566 -0.571371
0 0 0 0
1.0 0.0 0.0 0.0
222.186 138.394 -2.25473e-005
0.807679 0.589622 0.0
255 255 255 255
0.113107 -0.571371
0 0 0 0
1.0 0.0 0.0 0.0
217.603 133.922 -2.18187e-005
0.233808 -0.972283 0.0
255 255 255 255
0.144185 -0.571371
0 0 0 0
1.0 0.0 0.0 0.0
222.186 136.158 -2.2183e-005
0.88881 -0.458276 0.0
255 255 255 255
0.124566 -0.571371
0 0 0 0
1.0 0.0 0.0 0.0
34.2205 98.7806 23.3895
0.0 0.447201 0.894433
255 255 255 255
0.732702 -0.994731
0 0 0 0
1.0 0.0 0.0 0.0
92.7132 98.7806 23.3895
0.0 0.707107 0.707107
255 255 255 255
0.732702 -0.922244
0 0 0 0
1.0 0.0 0.0 0.0
92.7132 98.7806 23.3895
0.0 0.707107 0.707107
255 255 255 255
0.732702 -0.922244
0 0 0 0
1.0 0.0 0.0 0.0
126.999 98.7806 23.3895
0.57735 0.57735 0.57735
255 255 255 255
0.732702 -0.879755
0 0 0 0
1.0 0.0 0.0 0.0
-156.586 83.7819 -23.3896
0.945198 -0.180213 -0.272258
255 255 255 255
0.0497564 -0.12013
0 0 0 0
1.0 0.0 0.0 0.0
-164.473 98.1361 -23.3896
0.138251 0.966961 -0.214182
255 255 255 255
0.0948319 -0.10819
0 0 0 0
1.0 0.0 0.0 0.0
-209.458 72.4161 -23.3896
-0.471826 -0.192881 -0.860335
255 255 255 255
0.0770489 -0.00097709
0 0 0 0
1.0 0.0 0.0 0.0
-183.617 50.3313 -23.3896
-0.088413 -0.39354 -0.915046
255 255 255 255
0.00885188 -0.0295445
0 0 0 0
1.0 0.0 0.0 0.0
-156.586 83.7819 -23.3896
0.945198 -0.180213 -0.272258
255 255 255 255
0.0447581 -0.116122
0 0 0 0
1.0 0.0 0.0 0.0
-181.524 89.5323 -27.102
-0.752025 0.177988 -0.634648
255 255 255 255
0.806062 -0.872941
0 0 0 0
1.0 0.0 0.0 0.0
-128.052 96.9194 -27.4871
0.562161 0.82316 -0.0798988
255 255 255 255
0.974262 -0.887201
0 0 0 0
1.0 0.0 0.0 0.0
-128.792 93.7254 -30.1604
0.765569 -0.642302 -0.0367754
255 255 255 255
0.965503 -0.911981
0 0 0 0
1.0 0.0 0.0 0.0
-177.458 83.306 -27.2797
-0.342522 -0.733693 -0.586833
255 255 255 255
0.793922 -0.902001
0 0 0 0
1.0 0.0 0.0 0.0
19.4291 143.955 -2.34532e-005
0.999276 -0.0250559 0.0286266
255 255 255 255
0.751241 -0.0264473
0 0 0 0
1.0 0.0 0.0 0.0
19.4291 143.955 -2.34532e-005
0.999276 -0.0250559 0.0286266
255 255 255 255
0.751241 -0.0264473
0 0 0 0
1.0 0.0 0.0 0.0
-44.3693 124.991 17.2832
-1.0 0.0 0.0
255 255 255 255
0.887984 -0.153952
0 0 0 0
1.0 0.0 0.0 0.0
-44.3693 143.059 13.6344
-1.0 0.0 0.0
255 255 255 255
0.895381 -0.194749
0 0 0 0
1.0 0.0 0.0 0.0
-44.3693 143.059 13.6344
-1.0 0.0 0.0
255 255 255 255
0.895381 -0.194749
0 0 0 0
1.0 0.0 0.0 0.0
-97.774 141.264 -2.30148e-005
1.0 0.0 0.0
255 255 255 255
0.997771 -0.868081
0 0 0 0
1.0 0.0 0.0 0.0
-108.584 143.955 -2.34532e-005
-0.573984 0.597698 -0.559731
255 255 255 255
0.658487 -0.0264473
0 0 0 0
1.0 0.0 0.0 0.0
-108.584 143.955 -2.34532e-005
-0.573984 0.597698 -0.559731
255 255 255 255
0.658487 -0.0264473
0 0 0 0
1.0 0.0 0.0 0.0
-108.584 136.907 20.5819
-0.62366 0.313371 0.716133
255 255 255 255
0.962308 -0.81064
0 0 0 0
1.0 0.0 0.0 0.0
-108.584 143.059 13.6344
-0.64099 0.708406 0.295454
255 255 255 255
0.962308 -0.835335
0 0 0 0
1.0 0.0 0.0 0.0
-108.584 136.907 20.5819
-0.62366 0.313371 0.716133
255 255 255 255
0.962308 -0.81064
0 0 0 0
1.0 0.0 0.0 0.0
-108.584 124.96 20.5134
-0.576961 -0.579677 0.575405
255 255 255 255
0.962308 -0.781225
0 0 0 0
1.0 0.0 0.0 0.0
-44.3693 143.955 -2.34532e-005
-0.69187 0.0 -0.722023
255 255 255 255
0.706587 -0.0264473
0 0 0 0
1.0 0.0 0.0 0.0
-108.584 143.955 -2.34532e-005
-0.573984 0.597698 -0.559731
255 255 255 255
0.658487 -0.0264473
0 0 0 0
1.0 0.0 0.0 0.0
-44.3693 124.96 20.5134
-0.704942 -0.709245 -0.00524937
255 255 255 255
0.706511 -0.00397301
0 0 0 0
1.0 0.0 0.0 0.0
16.4188 143.955 -2.34532e-005
0.0 0.729906 -0.683547
255 255 255 255
0.989343 -0.215294
0 0 0 0
1.0 0.0 0.0 0.0
-44.3693 143.955 -2.34532e-005
0.0 0.729906 -0.683547
255 255 255 255
0.895381 -0.215294
0 0 0 0
1.0 0.0 0.0 0.0
-44.3693 136.907 20.5819
-0.000549338 0.4012 0.91599
255 255 255 255
0.895381 -0.177385
0 0 0 0
1.0 0.0 0.0 0.0
6.2866 124.96 20.5134
-0.000518831 -0.711927 0.702253
255 255 255 255
0.740905 -0.00397301
0 0 0 0
1.0 0.0 0.0 0.0
8.79517 124.96 20.5134
-6.10392e-005 -0.652662 0.757649
255 255 255 255
0.742608 -0.00397301
0 0 0 0
1.0 0.0 0.0 0.0
-44.3693 124.96 20.5134
0.0 -0.709727 0.704477
255 255 255 255
0.706511 -0.00397301
0 0 0 0
1.0 0.0 0.0 0.0
-44.3693 125.112 -2.03833e-005
0.0 -0.704477 -0.709727
255 255 255 255
0.706511 -0.0138117
0 0 0 0
1.0 0.0 0.0 0.0
6.2866 124.96 20.5134
-0.000518831 -0.711927 0.702253
255 255 255 255
0.740905 -0.00397301
0 0 0 0
1.0 0.0 0.0 0.0
-44.3693 143.955 -2.34532e-005
0.0 0.729906 -0.683547
255 255 255 255
0.706587 -0.0264473
0 0 0 0
1.0 0.0 0.0 0.0
-44.3693 125.112 -2.03833e-005
0.0 -0.704477 -0.709727
255 255 255 255
0.706511 -0.0138117
0 0 0 0
1.0 0.0 0.0 0.0
19.4291 143.955 -2.34532e-005
0.0 0.729906 -0.683547
255 255 255 255
0.993996 -0.215294
0 0 0 0
1.0 0.0 0.0 0.0
16.4188 143.955 -2.34532e-005
0.0 0.729906 -0.683547
255 255 255 255
0.989343 -0.215294
0 0 0 0
1.0 0.0 0.0 0.0
-44.3693 133.662 20.5134
-0.000579853 -0.0108646 0.999941
255 255 255 255
0.895381 -0.166568
0 0 0 0
1.0 0.0 0.0 0.0
-44.3693 136.907 20.5819
-0.000549338 0.4012 0.91599
255 255 255 255
0.895381 -0.177385
0 0 0 0
1.0 0.0 0.0 0.0
-44.3693 133.662 20.5134
-0.000579853 -0.0108646 0.999941
255 255 255 255
0.895381 -0.166568
0 0 0 0
1.0 0.0 0.0 0.0
-238.911 -116.602 23.3896
-0.632631 -0.439232 0.63785
255 255 255 255
0.0598375 -0.235824
0 0 0 0
1.0 0.0 0.0 0.0
-161.596 -128.253 23.3896
-0.012879 -0.691437 0.722322
255 255 255 255
0.168048 -0.219516
0 0 0 0
1.0 0.0 0.0 0.0
-161.596 -128.253 23.3896
-0.012879 -0.691437 0.722322
255 255 255 255
0.168048 -0.219516
0 0 0 0
1.0 0.0 0.0 0.0
-92.3552 -8.14078 1.3263e-006
0.882246 -0.470788 0.0
255 255 255 255
0.279765 -0.377617
0 0 0 0
1.0 0.0 0.0 0.0
-161.596 -128.253 -23.3895
-0.0128793 -0.691421 -0.722337
255 255 255 255
0.730884 -0.145675
0 0 0 0
1.0 0.0 0.0 0.0
-112.63 -76.0458 1.23894e-005
0.956882 -0.290477 0.0
255 255 255 255
0.649224 -0.211255
0 0 0 0
1.0 0.0 0.0 0.0
-201.045 -20.1058 3.27565e-006
-0.924888 0.38024 0.0
255 255 255 255
0.0849023 -0.383132
0 0 0 0
1.0 0.0 0.0 0.0
-141.361 -131.303 -17.4101
0.316604 -0.727696 -0.608458
255 255 255 255
0.702262 -0.141035
0 0 0 0
1.0 0.0 0.0 0.0
-238.911 -116.602 -23.3895
-0.632566 -0.439289 -0.637876
255 255 255 255
0.839095 -0.161983
0 0 0 0
1.0 0.0 0.0 0.0
-89.906 19.5176 -23.3895
0.0 0.0 -1.0
255 255 255 255
0.630709 -0.352947
0 0 0 0
1.0 0.0 0.0 0.0
-86.5913 29.827 -23.3895
0.0 0.0 -1.0
255 255 255 255
0.626384 -0.367216
0 0 0 0
1.0 0.0 0.0 0.0
-86.5913 29.827 -23.3895
0.0 0.0 -1.0
255 255 255 255
0.626384 -0.367216
0 0 0 0
1.0 0.0 0.0 0.0
-141.361 -131.303 -17.4101
0.316604 -0.727696 -0.608458
255 255 255 255
0.194081 -0.13637
0 0 0 0
1.0 0.0 0.0 0.0
-240.56 -116.353 -17.4101
-0.871932 -0.467675 -0.144966
255 255 255 255
0.0134258 -0.13637
0 0 0 0
1.0 0.0 0.0 0.0
-158.992 -128.646 -22.6202
0.0826468 -0.747178 -0.659465
255 255 255 255
0.161972 -0.126882
0 0 0 0
1.0 0.0 0.0 0.0
-141.361 -131.303 17.4101
0.316304 -0.727128 0.609292
255 255 255 255
0.196778 -0.214906
0 0 0 0
1.0 0.0 0.0 0.0
-238.911 -116.602 23.3896
-0.632631 -0.439232 0.63785
255 255 255 255
0.0598375 -0.235824
0 0 0 0
1.0 0.0 0.0 0.0
-141.361 -131.303 17.4101
0.316304 -0.727128 0.609292
255 255 255 255
0.194081 -0.199783
0 0 0 0
1.0 0.0 0.0 0.0
-154.137 -129.377 21.1855
0.083562 -0.746809 0.659768
255 255 255 255
0.170732 -0.206682
0 0 0 0
1.0 0.0 0.0 0.0
-240.56 -116.353 17.4101
-0.871932 -0.467675 0.144966
255 255 255 255
0.0134258 -0.199783
0 0 0 0
1.0 0.0 0.0 0.0
-50.2993 46.9198 -8.49829e-006
0.173648 0.984808 0.0
255 255 255 255
0.983961 -0.636261
0 0 0 0
1.0 0.0 0.0 0.0
-44.7077 45.9338 -8.33766e-006
0.173648 0.984808 0.0
255 255 255 255
0.983961 -0.621627
0 0 0 0
1.0 0.0 0.0 0.0
-44.7077 45.9338 -4.10683
0.173648 0.984808 0.0
255 255 255 255
0.994225 -0.621627
0 0 0 0
1.0 0.0 0.0 0.0
-44.7077 45.9338 -8.33766e-006
-0.766044 0.642788 0.0
255 255 255 255
0.983961 -0.621627
0 0 0 0
1.0 0.0 0.0 0.0
-41.058 50.2833 -9.04628e-006
-0.766044 0.642788 0.0
255 255 255 255
0.983961 -0.606994
0 0 0 0
1.0 0.0 0.0 0.0
-41.058 50.2833 -4.10683
-0.766044 0.642788 0.0
255 255 255 255
0.994225 -0.606994
0 0 0 0
1.0 0.0 0.0 0.0
-41.058 50.2833 -9.04628e-006
-0.939693 -0.342019 0.0
255 255 255 255
0.983961 -0.606994
0 0 0 0
1.0 0.0 0.0 0.0
-43.0 55.6187 -9.91553e-006
-0.939693 -0.342019 0.0
255 255 255 255
0.983961 -0.592361
0 0 0 0
1.0 0.0 0.0 0.0
-43.0 55.6187 -4.10683
-0.939693 -0.342019 0.0
255 255 255 255
0.994224 -0.592361
0 0 0 0
1.0 0.0 0.0 0.0
-43.0 55.6187 -9.91553e-006
-0.173649 -0.984808 0.0
255 255 255 255
0.983961 -0.680161
0 0 0 0
1.0 0.0 0.0 0.0
-48.5916 56.6047 -1.00762e-005
-0.173649 -0.984808 0.0
255 255 255 255
0.983961 -0.665527
0 0 0 0
1.0 0.0 0.0 0.0
-48.5916 56.6047 -4.10683
-0.173649 -0.984808 0.0
255 255 255 255
0.994225 -0.665527
0 0 0 0
1.0 0.0 0.0 0.0
-48.5916 56.6047 -1.00762e-005
0.766045 -0.642787 0.0
255 255 255 255
0.983961 -0.665527
0 0 0 0
1.0 0.0 0.0 0.0
-52.2412 52.2552 -9.36754e-006
0.766045 -0.642787 0.0
255 255 255 255
0.983961 -0.650894
0 0 0 0
1.0 0.0 0.0 0.0
-52.2412 52.2552 -4.10683
0.766045 -0.642787 0.0
255 255 255 255
0.994225 -0.650894
0 0 0 0
1.0 0.0 0.0 0.0
-52.2412 52.2552 -9.36754e-006
0.939693 0.34202 0.0
255 255 255 255
0.983961 -0.650894
0 0 0 0
1.0 0.0 0.0 0.0
-50.2993 46.9198 -8.49829e-006
0.939693 0.34202 0.0
255 255 255 255
0.983961 -0.636261
0 0 0 0
1.0 0.0 0.0 0.0
-50.2993 46.9198 -4.10683
0.939693 0.34202 0.0
255 255 255 255
0.994225 -0.63626
0 0 0 0
1.0 0.0 0.0 0.0
-53.8529 37.2093 -4.10683
0.858455 0.512889 0.0
255 255 255 255
0.841357 -0.78567
0 0 0 0
1.0 0.0 0.0 0.0
-53.8529 37.2093 -6.91625e-006
0.858455 0.512889 0.0
255 255 255 255
0.841357 -0.776031
0 0 0 0
1.0 0.0 0.0 0.0
-50.9408 32.3351 -6.12215e-006
0.858455 0.512889 0.0
255 255 255 255
0.8551 -0.776031
0 0 0 0
1.0 0.0 0.0 0.0
-51.0878 42.1684 -7.72419e-006
0.873403 -0.486998 0.0
255 255 255 255
0.827614 -0.776031
0 0 0 0
1.0 0.0 0.0 0.0
-53.8529 37.2093 -6.91625e-006
0.873403 -0.486998 0.0
255 255 255 255
0.841357 -0.776031
0 0 0 0
1.0 0.0 0.0 0.0
-53.8529 37.2093 -4.10683
0.873403 -0.486998 0.0
255 255 255 255
0.841357 -0.78567
0 0 0 0
1.0 0.0 0.0 0.0
-45.4105 42.2532 -7.73802e-006
0.0149479 -0.999888 0.0
255 255 255 255
0.813872 -0.776031
0 0 0 0
1.0 0.0 0.0 0.0
-51.0878 42.1684 -7.72419e-006
0.0149479 -0.999888 0.0
255 255 255 255
0.827614 -0.776031
0 0 0 0
1.0 0.0 0.0 0.0
-51.0878 42.1684 -4.10683
0.0149479 -0.999888 0.0
255 255 255 255
0.827615 -0.78567
0 0 0 0
1.0 0.0 0.0 0.0
-42.4984 37.379 -6.94391e-006
-0.858455 -0.512889 0.0
255 255 255 255
0.882585 -0.776032
0 0 0 0
1.0 0.0 0.0 0.0
-45.4105 42.2532 -7.73802e-006
-0.858455 -0.512889 0.0
255 255 255 255
0.896328 -0.776032
0 0 0 0
1.0 0.0 0.0 0.0
-45.4105 42.2532 -4.10683
-0.858455 -0.512889 0.0
255 255 255 255
0.896328 -0.785671
0 0 0 0
1.0 0.0 0.0 0.0
-45.2635 32.42 -4.10683
-0.873402 0.487 0.0
255 255 255 255
0.868842 -0.785671
0 0 0 0
1.0 0.0 0.0 0.0
-45.2635 32.42 -6.13598e-006
-0.873402 0.487 0.0
255 255 255 255
0.868842 -0.776031
0 0 0 0
1.0 0.0 0.0 0.0
-42.4984 37.379 -6.94391e-006
-0.873402 0.487 0.0
255 255 255 255
0.882585 -0.776032
0 0 0 0
1.0 0.0 0.0 0.0
-50.9408 32.3351 -4.10683
-0.014946 0.999888 0.0
255 255 255 255
0.855099 -0.78567
0 0 0 0
1.0 0.0 0.0 0.0
-50.9408 32.3351 -6.12215e-006
-0.014946 0.999888 0.0
255 255 255 255
0.8551 -0.776031
0 0 0 0
1.0 0.0 0.0 0.0
-45.2635 32.42 -6.13598e-006
-0.014946 0.999888 0.0
255 255 255 255
0.868842 -0.776031
0 0 0 0
1.0 0.0 0.0 0.0
-48.7635 18.5114 -4.10683
-0.0802595 0.996774 0.0
255 255 255 255
0.830192 -0.816162
0 0 0 0
1.0 0.0 0.0 0.0
-48.7635 18.5114 -3.86998e-006
-0.0802595 0.996774 0.0
255 255 255 255
0.830192 -0.806238
0 0 0 0
1.0 0.0 0.0 0.0
-43.104 18.9671 -3.94422e-006
-0.0802595 0.996774 0.0
255 255 255 255
0.84434 -0.806239
0 0 0 0
1.0 0.0 0.0 0.0
-43.104 18.9671 -3.94422e-006
-0.90336 0.428884 0.0
255 255 255 255
0.84434 -0.806239
0 0 0 0
1.0 0.0 0.0 0.0
-40.6689 24.0962 -4.77986e-006
-0.90336 0.428884 0.0
255 255 255 255
0.858488 -0.806239
0 0 0 0
1.0 0.0 0.0 0.0
-40.6689 24.0962 -4.10683
-0.90336 0.428884 0.0
255 255 255 255
0.858488 -0.816162
0 0 0 0
1.0 0.0 0.0 0.0
-40.6689 24.0962 -4.10683
-0.823102 -0.567893 0.0
255 255 255 255
0.858488 -0.816162
0 0 0 0
1.0 0.0 0.0 0.0
-40.6689 24.0962 -4.77986e-006
-0.823102 -0.567893 0.0
255 255 255 255
0.858488 -0.806239
0 0 0 0
1.0 0.0 0.0 0.0
-43.8933 28.7697 -5.54126e-006
-0.823102 -0.567893 0.0
255 255 255 255
0.872636 -0.80624
0 0 0 0
1.0 0.0 0.0 0.0
-43.8933 28.7697 -4.10683
0.0802502 -0.996775 0.0
255 255 255 255
0.787746 -0.816163
0 0 0 0
1.0 0.0 0.0 0.0
-43.8933 28.7697 -5.54126e-006
0.0802502 -0.996775 0.0
255 255 255 255
0.787746 -0.806239
0 0 0 0
1.0 0.0 0.0 0.0
-49.5528 28.314 -5.46703e-006
0.0802502 -0.996775 0.0
255 255 255 255
0.801895 -0.806239
0 0 0 0
1.0 0.0 0.0 0.0
-49.5528 28.314 -4.10683
0.903361 -0.428882 0.0
255 255 255 255
0.801895 -0.816163
0 0 0 0
1.0 0.0 0.0 0.0
-49.5528 28.314 -5.46703e-006
0.903361 -0.428882 0.0
255 255 255 255
0.801895 -0.806239
0 0 0 0
1.0 0.0 0.0 0.0
-51.9879 23.1848 -4.63138e-006
0.903361 -0.428882 0.0
255 255 255 255
0.816043 -0.806238
0 0 0 0
1.0 0.0 0.0 0.0
-51.9879 23.1848 -4.10683
0.823103 0.567892 0.0
255 255 255 255
0.816044 -0.816162
0 0 0 0
1.0 0.0 0.0 0.0
-51.9879 23.1848 -4.63138e-006
0.823103 0.567892 0.0
255 255 255 255
0.816043 -0.806238
0 0 0 0
1.0 0.0 0.0 0.0
-48.7635 18.5114 -3.86998e-006
0.823103 0.567892 0.0
255 255 255 255
0.830192 -0.806238
0 0 0 0
1.0 0.0 0.0 0.0
-51.9879 23.1848 3.77771
0.823103 0.567892 0.0
255 255 255 255
0.816043 -0.796315
0 0 0 0
1.0 0.0 0.0 0.0
-48.7635 18.5114 3.77771
0.823103 0.567892 0.0
255 255 255 255
0.830192 -0.796315
0 0 0 0
1.0 0.0 0.0 0.0
-48.7635 18.5114 -3.86998e-006
0.823103 0.567892 0.0
255 255 255 255
0.830192 -0.806238
0 0 0 0
1.0 0.0 0.0 0.0
-51.9879 23.1848 -4.63138e-006
0.903361 -0.428882 0.0
255 255 255 255
0.816043 -0.806238
0 0 0 0
1.0 0.0 0.0 0.0
-49.5528 28.314 -5.46703e-006
0.903361 -0.428882 0.0
255 255 255 255
0.801895 -0.806239
0 0 0 0
1.0 0.0 0.0 0.0
-49.5528 28.314 3.77771
0.903361 -0.428882 0.0
255 255 255 255
0.801895 -0.796316
0 0 0 0
1.0 0.0 0.0 0.0
-43.8933 28.7697 -5.54126e-006
0.0802502 -0.996775 0.0
255 255 255 255
0.787746 -0.806239
0 0 0 0
1.0 0.0 0.0 0.0
-43.8933 28.7697 3.77771
0.0802502 -0.996775 0.0
255 255 255 255
0.787746 -0.796316
0 0 0 0
1.0 0.0 0.0 0.0
-43.8933 28.7697 -5.54126e-006
-0.823102 -0.567894 0.0
255 255 255 255
0.872636 -0.80624
0 0 0 0
1.0 0.0 0.0 0.0
-40.6689 24.0962 -4.77986e-006
-0.823102 -0.567893 0.0
255 255 255 255
0.858488 -0.806239
0 0 0 0
1.0 0.0 0.0 0.0
-40.6689 24.0962 3.77771
-0.823102 -0.567893 0.0
255 255 255 255
0.858488 -0.796316
0 0 0 0
1.0 0.0 0.0 0.0
-40.6689 24.0962 3.77771
-0.90336 0.428884 0.0
255 255 255 255
0.858488 -0.796316
0 0 0 0
1.0 0.0 0.0 0.0
-43.104 18.9671 -3.94422e-006
-0.90336 0.428884 0.0
255 255 255 255
0.84434 -0.806239
0 0 0 0
1.0 0.0 0.0 0.0
-43.104 18.9671 -3.94422e-006
-0.0802595 0.996774 0.0
255 255 255 255
0.84434 -0.806239
0 0 0 0
1.0 0.0 0.0 0.0
-48.7635 18.5114 3.77771
-0.0802595 0.996774 0.0
255 255 255 255
0.830192 -0.796315
0 0 0 0
1.0 0.0 0.0 0.0
-45.2635 32.42 -6.13598e-006
-0.014946 0.999888 0.0
255 255 255 255
0.868842 -0.776031
0 0 0 0
1.0 0.0 0.0 0.0
-50.9408 32.3351 -6.12215e-006
-0.014946 0.999888 0.0
255 255 255 255
0.8551 -0.776031
0 0 0 0
1.0 0.0 0.0 0.0
-50.9408 32.3351 3.77771
-0.014946 0.999888 0.0
255 255 255 255
0.8551 -0.766393
0 0 0 0
1.0 0.0 0.0 0.0
-42.4984 37.379 -6.94391e-006
-0.873402 0.487 0.0
255 255 255 255
0.882585 -0.776032
0 0 0 0
1.0 0.0 0.0 0.0
-45.2635 32.42 3.77771
-0.873402 0.487 0.0
255 255 255 255
0.868842 -0.766393
0 0 0 0
1.0 0.0 0.0 0.0
-45.4105 42.2532 3.77771
-0.858455 -0.512889 0.0
255 255 255 255
0.896328 -0.766393
0 0 0 0
1.0 0.0 0.0 0.0
-45.4105 42.2532 -7.73802e-006
-0.858455 -0.512889 0.0
255 255 255 255
0.896328 -0.776032
0 0 0 0
1.0 0.0 0.0 0.0
-42.4984 37.379 -6.94391e-006
-0.858455 -0.512889 0.0
255 255 255 255
0.882585 -0.776032
0 0 0 0
1.0 0.0 0.0 0.0
-51.0878 42.1684 3.77771
0.0149479 -0.999888 0.0
255 255 255 255
0.827614 -0.766393
0 0 0 0
1.0 0.0 0.0 0.0
-51.0878 42.1684 -7.72419e-006
0.0149479 -0.999888 0.0
255 255 255 255
0.827614 -0.776031
0 0 0 0
1.0 0.0 0.0 0.0
-45.4105 42.2532 -7.73802e-006
0.0149479 -0.999888 0.0
255 255 255 255
0.813872 -0.776031
0 0 0 0
1.0 0.0 0.0 0.0
-53.8529 37.2093 3.77771
0.873403 -0.486998 0.0
255 255 255 255
0.841357 -0.766393
0 0 0 0
1.0 0.0 0.0 0.0
-53.8529 37.2093 -6.91625e-006
0.873403 -0.486998 0.0
255 255 255 255
0.841357 -0.776031
0 0 0 0
1.0 0.0 0.0 0.0
-51.0878 42.1684 -7.72419e-006
0.873403 -0.486998 0.0
255 255 255 255
0.827614 -0.776031
0 0 0 0
1.0 0.0 0.0 0.0
-50.9408 32.3351 -6.12215e-006
0.858455 0.512889 0.0
255 255 255 255
0.8551 -0.776031
0 0 0 0
1.0 0.0 0.0 0.0
-53.8529 37.2093 3.77771
0.858455 0.512889 0.0
255 255 255 255
0.841357 -0.766393
0 0 0 0
1.0 0.0 0.0 0.0
-50.2993 46.9198 3.77771
0.939693 0.34202 0.0
255 255 255 255
0.973698 -0.636261
0 0 0 0
1.0 0.0 0.0 0.0
-50.2993 46.9198 -8.49829e-006
0.939693 0.34202 0.0
255 255 255 255
0.983961 -0.636261
0 0 0 0
1.0 0.0 0.0 0.0
-52.2412 52.2552 -9.36754e-006
0.939693 0.34202 0.0
255 255 255 255
0.983961 -0.650894
0 0 0 0
1.0 0.0 0.0 0.0
-52.2412 52.2552 3.77771
0.766045 -0.642787 0.0
255 255 255 255
0.973698 -0.650894
0 0 0 0
1.0 0.0 0.0 0.0
-52.2412 52.2552 -9.36754e-006
0.766045 -0.642787 0.0
255 255 255 255
0.983961 -0.650894
0 0 0 0
1.0 0.0 0.0 0.0
-48.5916 56.6047 -1.00762e-005
0.766045 -0.642787 0.0
255 255 255 255
0.983961 -0.665527
0 0 0 0
1.0 0.0 0.0 0.0
-48.5916 56.6047 3.77771
-0.173649 -0.984808 0.0
255 255 255 255
0.973698 -0.665527
0 0 0 0
1.0 0.0 0.0 0.0
-48.5916 56.6047 -1.00762e-005
-0.173649 -0.984808 0.0
255 255 255 255
0.983961 -0.665527
0 0 0 0
1.0 0.0 0.0 0.0
-43.0 55.6187 -9.91553e-006
-0.173649 -0.984808 0.0
255 255 255 255
0.983961 -0.680161
0 0 0 0
1.0 0.0 0.0 0.0
-43.0 55.6187 3.77771
-0.939693 -0.342019 0.0
255 255 255 255
0.973698 -0.592361
0 0 0 0
1.0 0.0 0.0 0.0
-43.0 55.6187 -9.91553e-006
-0.939693 -0.342019 0.0
255 255 255 255
0.983961 -0.592361
0 0 0 0
1.0 0.0 0.0 0.0
-41.058 50.2833 -9.04628e-006
-0.939693 -0.342019 0.0
255 255 255 255
0.983961 -0.606994
0 0 0 0
1.0 0.0 0.0 0.0
-41.058 50.2833 3.77771
-0.766044 0.642788 0.0
255 255 255 255
0.973698 -0.606994
0 0 0 0
1.0 0.0 0.0 0.0
-41.058 50.2833 -9.04628e-006
-0.766044 0.642788 0.0
255 255 255 255
0.983961 -0.606994
0 0 0 0
1.0 0.0 0.0 0.0
-44.7077 45.9338 -8.33766e-006
-0.766044 0.642788 0.0
255 255 255 255
0.983961 -0.621627
0 0 0 0
1.0 0.0 0.0 0.0
-44.7077 45.9338 3.77771
0.173648 0.984808 0.0
255 255 255 255
0.973698 -0.621627
0 0 0 0
1.0 0.0 0.0 0.0
-44.7077 45.9338 -8.33766e-006
0.173648 0.984808 0.0
255 255 255 255
0.983961 -0.621627
0 0 0 0
1.0 0.0 0.0 0.0
-50.2993 46.9198 -8.49829e-006
0.173648 0.984808 0.0
255 255 255 255
0.983961 -0.636261
0 0 0 0
1.0 0.0 0.0 0.0
-52.9483 10.5291 -4.10682
0.0 0.0 -1.0
255 255 255 255
0.548196 -0.297958
0 0 0 0
1.0 0.0 0.0 0.0
-48.7635 18.5114 -4.10683
0.0 0.0 -1.0
255 255 255 255
0.542152 -0.310651
0 0 0 0
1.0 0.0 0.0 0.0
-43.104 18.9671 -4.10683
0.0 0.0 -1.0
255 255 255 255
0.533746 -0.311258
0 0 0 0
1.0 0.0 0.0 0.0
-49.5528 28.314 -4.10683
0.0 0.0 -1.0
255 255 255 255
0.542931 -0.32684
0 0 0 0
1.0 0.0 0.0 0.0
-50.9408 32.3351 -4.10683
0.0 0.0 -1.0
255 255 255 255
0.545355 -0.333808
0 0 0 0
1.0 0.0 0.0 0.0
-45.2635 32.42 -4.10683
0.0 0.0 -1.0
255 255 255 255
0.53519 -0.333923
0 0 0 0
1.0 0.0 0.0 0.0
-50.2993 46.9198 -4.10683
0.0 0.0 -1.0
255 255 255 255
0.546097 -0.360027
0 0 0 0
1.0 0.0 0.0 0.0
-44.7077 45.9338 -4.10683
0.0 0.0 -1.0
255 255 255 255
0.535285 -0.35936
0 0 0 0
1.0 0.0 0.0 0.0
-45.4105 42.2532 -4.10683
0.0 0.0 -1.0
255 255 255 255
0.53597 -0.352332
0 0 0 0
1.0 0.0 0.0 0.0
-32.5825 62.4058 -4.10683
0.846174 -0.37088 -0.382672
255 255 255 255
0.52253 -0.390606
0 0 0 0
1.0 0.0 0.0 0.0
-30.7253 62.4058 -1.10213e-005
0.846174 -0.37088 -0.382672
255 255 255 255
0.516867 -0.390606
0 0 0 0
1.0 0.0 0.0 0.0
-36.3965 49.4668 -8.91326e-006
0.846174 -0.37088 -0.382672
255 255 255 255
0.516867 -0.36827
0 0 0 0
1.0 0.0 0.0 0.0
-38.2537 49.4668 -4.10683
0.907767 -0.0861807 -0.410527
255 255 255 255
0.52253 -0.367618
0 0 0 0
1.0 0.0 0.0 0.0
-36.3965 49.4668 -8.91326e-006
0.907767 -0.0861807 -0.410527
255 255 255 255
0.516867 -0.36827
0 0 0 0
1.0 0.0 0.0 0.0
-37.5689 37.1167 -6.90117e-006
0.907767 -0.0861807 -0.410527
255 255 255 255
0.516867 -0.342849
0 0 0 0
1.0 0.0 0.0 0.0
-46.9916 63.1329 -4.10683
0.0 0.0 -1.0
255 255 255 255
0.544676 -0.390606
0 0 0 0
1.0 0.0 0.0 0.0
-32.5825 62.4058 -4.10683
0.0 0.0 -1.0
255 255 255 255
0.52253 -0.390606
0 0 0 0
1.0 0.0 0.0 0.0
-43.0 55.6187 -4.10683
0.0 0.0 -1.0
255 255 255 255
0.53537 -0.377492
0 0 0 0
1.0 0.0 0.0 0.0
-43.0 55.6187 -4.10683
0.0 0.0 -1.0
255 255 255 255
0.53537 -0.377492
0 0 0 0
1.0 0.0 0.0 0.0
-32.5825 62.4058 -4.10683
0.0 0.0 -1.0
255 255 255 255
0.52253 -0.390606
0 0 0 0
1.0 0.0 0.0 0.0
-38.2537 49.4668 -4.10683
0.0 0.0 -1.0
255 255 255 255
0.52253 -0.367618
0 0 0 0
1.0 0.0 0.0 0.0
-42.4984 37.379 -4.10683
0.0 0.0 -1.0
255 255 255 255
0.5293 -0.343253
0 0 0 0
1.0 0.0 0.0 0.0
-44.7077 45.9338 -4.10683
0.0 0.0 -1.0
255 255 255 255
0.535285 -0.35936
0 0 0 0
1.0 0.0 0.0 0.0
-43.8933 28.7697 -4.10683
0.0 0.0 -1.0
255 255 255 255
0.533169 -0.327421
0 0 0 0
1.0 0.0 0.0 0.0
-41.058 50.2833 -4.10683
0.0 0.0 -1.0
255 255 255 255
0.529185 -0.368251
0 0 0 0
1.0 0.0 0.0 0.0
-38.2537 49.4668 -4.10683
0.0 0.0 -1.0
255 255 255 255
0.52253 -0.367618
0 0 0 0
1.0 0.0 0.0 0.0
-37.5689 37.1167 -6.90117e-006
0.903656 0.12805 -0.408668
255 255 255 255
0.516867 -0.342849
0 0 0 0
1.0 0.0 0.0 0.0
-35.7532 24.303 -4.81355e-006
0.903656 0.12805 -0.408668
255 255 255 255
0.516867 -0.318113
0 0 0 0
1.0 0.0 0.0 0.0
-37.6105 24.303 -4.10683
0.903656 0.12805 -0.408668
255 255 255 255
0.52253 -0.318653
0 0 0 0
1.0 0.0 0.0 0.0
-35.7532 24.303 -4.81355e-006
0.850644 0.358352 -0.384694
255 255 255 255
0.516867 -0.318113
0 0 0 0
1.0 0.0 0.0 0.0
-29.7772 10.1173 -2.5024e-006
0.850644 0.358352 -0.384694
255 255 255 255
0.516867 -0.297958
0 0 0 0
1.0 0.0 0.0 0.0
-31.6344 10.1173 -4.10682
0.850644 0.358352 -0.384694
255 255 255 255
0.52253 -0.297958
0 0 0 0
1.0 0.0 0.0 0.0
-40.6689 24.0962 -4.10683
0.0 0.0 -1.0
255 255 255 255
0.528279 -0.319124
0 0 0 0
1.0 0.0 0.0 0.0
-39.4262 37.1167 -4.10683
0.0 0.0 -1.0
255 255 255 255
0.52253 -0.342854
0 0 0 0
1.0 0.0 0.0 0.0
-40.6689 24.0962 -4.10683
0.0 0.0 -1.0
255 255 255 255
0.528279 -0.319124
0 0 0 0
1.0 0.0 0.0 0.0
-37.6105 24.303 -4.10683
0.0 0.0 -1.0
255 255 255 255
0.52253 -0.318653
0 0 0 0
1.0 0.0 0.0 0.0
-51.0878 42.1684 -4.10683
0.0 0.0 -1.0
255 255 255 255
0.546556 -0.35136
0 0 0 0
1.0 0.0 0.0 0.0
-53.8529 37.2093 -4.10683
0.0 0.0 -1.0
255 255 255 255
0.550591 -0.342245
0 0 0 0
1.0 0.0 0.0 0.0
-52.2412 52.2552 -4.10683
0.0 0.0 -1.0
255 255 255 255
0.550649 -0.369225
0 0 0 0
1.0 0.0 0.0 0.0
-51.9879 23.1848 -4.10683
0.0 0.0 -1.0
255 255 255 255
0.54679 -0.318283
0 0 0 0
1.0 0.0 0.0 0.0
-52.9483 10.5291 -4.10682
0.0 0.0 -1.0
255 255 255 255
0.548196 -0.297958
0 0 0 0
1.0 0.0 0.0 0.0
-63.8571 25.268 -4.10683
0.0 0.0 -1.0
255 255 255 255
0.56643 -0.321341
0 0 0 0
1.0 0.0 0.0 0.0
-66.6559 41.1644 -4.10683
0.0 0.0 -1.0
255 255 255 255
0.57309 -0.347008
0 0 0 0
1.0 0.0 0.0 0.0
-53.8529 37.2093 -4.10683
0.0 0.0 -1.0
255 255 255 255
0.550591 -0.342245
0 0 0 0
1.0 0.0 0.0 0.0
-61.4667 53.4969 -4.10683
0.0 0.0 -1.0
255 255 255 255
0.567015 -0.368774
0 0 0 0
1.0 0.0 0.0 0.0
-61.4667 53.4969 -4.10683
0.0 0.0 -1.0
255 255 255 255
0.567015 -0.368774
0 0 0 0
1.0 0.0 0.0 0.0
-52.2412 52.2552 3.77771
0.0 0.0 1.0
255 255 255 255
0.483143 -0.369398
0 0 0 0
1.0 0.0 0.0 0.0
-48.5916 56.6047 3.77771
0.0 0.0 1.0
255 255 255 255
0.488016 -0.378177
0 0 0 0
1.0 0.0 0.0 0.0
-46.9916 63.1329 3.77771
0.0 0.0 1.0
255 255 255 255
0.489246 -0.390606
0 0 0 0
1.0 0.0 0.0 0.0
-53.8529 37.2093 3.77771
0.0 0.0 1.0
255 255 255 255
0.483009 -0.342467
0 0 0 0
1.0 0.0 0.0 0.0
-61.4667 53.4969 3.77771
0.0 0.0 1.0
255 255 255 255
0.466832 -0.369089
0 0 0 0
1.0 0.0 0.0 0.0
-66.6559 41.1644 3.77771
0.0 0.0 1.0
255 255 255 255
0.460562 -0.347432
0 0 0 0
1.0 0.0 0.0 0.0
-63.8571 25.268 3.77771
0.0 0.0 1.0
255 255 255 255
0.466949 -0.3217
0 0 0 0
1.0 0.0 0.0 0.0
-51.9879 23.1848 3.77771
0.0 0.0 1.0
255 255 255 255
0.48662 -0.318426
0 0 0 0
1.0 0.0 0.0 0.0
-52.9483 10.5291 3.77771
0.0 0.0 1.0
255 255 255 255
0.48493 -0.297958
0 0 0 0
1.0 0.0 0.0 0.0
-49.5528 28.314 3.77771
0.0 0.0 1.0
255 255 255 255
0.490574 -0.32699
0 0 0 0
1.0 0.0 0.0 0.0
-50.9408 32.3351 3.77771
0.0 0.0 1.0
255 255 255 255
0.488196 -0.333986
0 0 0 0
1.0 0.0 0.0 0.0
-51.0878 42.1684 3.77771
0.0 0.0 1.0
255 255 255 255
0.487104 -0.351543
0 0 0 0
1.0 0.0 0.0 0.0
-50.2993 46.9198 3.77771
0.0 0.0 1.0
255 255 255 255
0.487619 -0.360195
0 0 0 0
1.0 0.0 0.0 0.0
-43.104 18.9671 3.77771
0.0 0.0 1.0
255 255 255 255
0.499744 -0.311325
0 0 0 0
1.0 0.0 0.0 0.0
-31.6344 10.1173 3.77771
0.0 0.0 1.0
255 255 255 255
0.511113 -0.297958
0 0 0 0
1.0 0.0 0.0 0.0
-37.6105 24.303 3.77771
0.0 0.0 1.0
255 255 255 255
0.511113 -0.318687
0 0 0 0
1.0 0.0 0.0 0.0
-40.6689 24.0962 3.77771
0.0 0.0 1.0
255 255 255 255
0.505301 -0.319182
0 0 0 0
1.0 0.0 0.0 0.0
-39.4262 37.1167 3.77771
0.0 0.0 1.0
255 255 255 255
0.511113 -0.342891
0 0 0 0
1.0 0.0 0.0 0.0
-31.6344 10.1173 3.77771
0.839425 0.353626 0.412692
255 255 255 255
0.511113 -0.297958
0 0 0 0
1.0 0.0 0.0 0.0
-29.7772 10.1173 -2.5024e-006
0.839425 0.353626 0.412692
255 255 255 255
0.516867 -0.297958
0 0 0 0
1.0 0.0 0.0 0.0
-35.7532 24.303 -4.81355e-006
0.839425 0.353626 0.412692
255 255 255 255
0.516867 -0.318113
0 0 0 0
1.0 0.0 0.0 0.0
-37.6105 24.303 3.77771
0.89024 0.126149 0.437674
255 255 255 255
0.511113 -0.318687
0 0 0 0
1.0 0.0 0.0 0.0
-35.7532 24.303 -4.81355e-006
0.89024 0.126149 0.437674
255 255 255 255
0.516867 -0.318113
0 0 0 0
1.0 0.0 0.0 0.0
-37.5689 37.1167 -6.90117e-006
0.89024 0.126149 0.437674
255 255 255 255
0.516867 -0.342849
0 0 0 0
1.0 0.0 0.0 0.0
-42.4984 37.379 3.77771
0.0 0.0 1.0
255 255 255 255
0.50433 -0.34333
0 0 0 0
1.0 0.0 0.0 0.0
-38.2537 49.4668 3.77771
0.0 0.0 1.0
255 255 255 255
0.511113 -0.367635
0 0 0 0
1.0 0.0 0.0 0.0
-43.8933 28.7697 3.77771
0.0 0.0 1.0
255 255 255 255
0.500393 -0.327517
0 0 0 0
1.0 0.0 0.0 0.0
-40.6689 24.0962 3.77771
0.0 0.0 1.0
255 255 255 255
0.505301 -0.319182
0 0 0 0
1.0 0.0 0.0 0.0
-41.058 50.2833 3.77771
0.0 0.0 1.0
255 255 255 255
0.504498 -0.368301
0 0 0 0
1.0 0.0 0.0 0.0
-44.7077 45.9338 3.77771
0.0 0.0 1.0
255 255 255 255
0.498395 -0.359462
0 0 0 0
1.0 0.0 0.0 0.0
-43.0 55.6187 3.77771
0.0 0.0 1.0
255 255 255 255
0.498385 -0.377548
0 0 0 0
1.0 0.0 0.0 0.0
-32.5825 62.4058 3.77771
0.0 0.0 1.0
255 255 255 255
0.511113 -0.390606
0 0 0 0
1.0 0.0 0.0 0.0
-38.2537 49.4668 3.77771
0.89417 -0.0848899 0.439607
255 255 255 255
0.511113 -0.367635
0 0 0 0
1.0 0.0 0.0 0.0
-39.4262 37.1167 3.77771
0.89417 -0.0848899 0.439606
255 255 255 255
0.511113 -0.342891
0 0 0 0
1.0 0.0 0.0 0.0
-37.5689 37.1167 -6.90117e-006
0.89417 -0.0848899 0.439606
255 255 255 255
0.516867 -0.342849
0 0 0 0
1.0 0.0 0.0 0.0
-32.5825 62.4058 3.77771
0.835128 -0.366039 0.41058
255 255 255 255
0.511113 -0.390606
0 0 0 0
1.0 0.0 0.0 0.0
-38.2537 49.4668 3.77771
0.835128 -0.366039 0.41058
255 255 255 255
0.511113 -0.367635
0 0 0 0
1.0 0.0 0.0 0.0
-36.3965 49.4668 -8.91326e-006
0.835128 -0.366039 0.41058
255 255 255 255
0.516867 -0.36827
0 0 0 0
1.0 0.0 0.0 0.0
-45.4105 42.2532 3.77771
0.0 0.0 1.0
255 255 255 255
0.497689 -0.35245
0 0 0 0
1.0 0.0 0.0 0.0
-45.2635 32.42 3.77771
0.0 0.0 1.0
255 255 255 255
0.498385 -0.334039
0 0 0 0
1.0 0.0 0.0 0.0
-50.2993 46.9198 -4.10683
0.173648 0.984808 0.0
255 255 255 255
0.994225 -0.63626
0 0 0 0
1.0 0.0 0.0 0.0
-50.2993 46.9198 -8.49829e-006
0.173648 0.984808 0.0
255 255 255 255
0.983961 -0.636261
0 0 0 0
1.0 0.0 0.0 0.0
-44.7077 45.9338 -4.10683
0.173648 0.984808 0.0
255 255 255 255
0.994225 -0.621627
0 0 0 0
1.0 0.0 0.0 0.0
-44.7077 45.9338 -4.10683
-0.766044 0.642788 0.0
255 255 255 255
0.994225 -0.621627
0 0 0 0
1.0 0.0 0.0 0.0
-44.7077 45.9338 -8.33766e-006
-0.766044 0.642788 0.0
255 255 255 255
0.983961 -0.621627
0 0 0 0
1.0 0.0 0.0 0.0
-41.058 50.2833 -4.10683
-0.766044 0.642788 0.0
255 255 255 255
0.994225 -0.606994
0 0 0 0
1.0 0.0 0.0 0.0
-41.058 50.2833 -4.10683
-0.939693 -0.342019 0.0
255 255 255 255
0.994225 -0.606994
0 0 0 0
1.0 0.0 0.0 0.0
-41.058 50.2833 -9.04628e-006
-0.939693 -0.342019 0.0
255 255 255 255
0.983961 -0.606994
0 0 0 0
1.0 0.0 0.0 0.0
-43.0 55.6187 -4.10683
-0.939693 -0.342019 0.0
255 255 255 255
0.994224 -0.592361
0 0 0 0
1.0 0.0 0.0 0.0
-43.0 55.6187 -4.10683
-0.173649 -0.984808 0.0
255 255 255 255
0.994225 -0.680161
0 0 0 0
1.0 0.0 0.0 0.0
-43.0 55.6187 -9.91553e-006
-0.173649 -0.984808 0.0
255 255 255 255
0.983961 -0.680161
0 0 0 0
1.0 0.0 0.0 0.0
-48.5916 56.6047 -4.10683
-0.173649 -0.984808 0.0
255 255 255 255
0.994225 -0.665527
0 0 0 0
1.0 0.0 0.0 0.0
-48.5916 56.6047 -4.10683
0.766045 -0.642787 0.0
255 255 255 255
0.994225 -0.665527
0 0 0 0
1.0 0.0 0.0 0.0
-48.5916 56.6047 -1.00762e-005
0.766045 -0.642787 0.0
255 255 255 255
0.983961 -0.665527
0 0 0 0
1.0 0.0 0.0 0.0
-52.2412 52.2552 -4.10683
0.766045 -0.642787 0.0
255 255 255 255
0.994225 -0.650894
0 0 0 0
1.0 0.0 0.0 0.0
-52.2412 52.2552 -4.10683
0.939693 0.34202 0.0
255 255 255 255
0.994225 -0.650894
0 0 0 0
1.0 0.0 0.0 0.0
-52.2412 52.2552 -9.36754e-006
0.939693 0.34202 0.0
255 255 255 255
0.983961 -0.650894
0 0 0 0
1.0 0.0 0.0 0.0
-50.2993 46.9198 -4.10683
0.939693 0.34202 0.0
255 255 255 255
0.994225 -0.63626
0 0 0 0
1.0 0.0 0.0 0.0
-50.9408 32.3351 -4.10683
0.858455 0.512889 0.0
255 255 255 255
0.855099 -0.78567
0 0 0 0
1.0 0.0 0.0 0.0
-51.0878 42.1684 -4.10683
0.873403 -0.486998 0.0
255 255 255 255
0.827615 -0.78567
0 0 0 0
1.0 0.0 0.0 0.0
-53.8529 37.2093 -4.10683
0.873403 -0.486998 0.0
255 255 255 255
0.841357 -0.78567
0 0 0 0
1.0 0.0 0.0 0.0
-45.4105 42.2532 -4.10683
0.0149479 -0.999888 0.0
255 255 255 255
0.813872 -0.78567
0 0 0 0
1.0 0.0 0.0 0.0
-45.4105 42.2532 -7.73802e-006
0.0149479 -0.999888 0.0
255 255 255 255
0.813872 -0.776031
0 0 0 0
1.0 0.0 0.0 0.0
-51.0878 42.1684 -4.10683
0.0149479 -0.999888 0.0
255 255 255 255
0.827615 -0.78567
0 0 0 0
1.0 0.0 0.0 0.0
-42.4984 37.379 -4.10683
-0.858455 -0.512889 0.0
255 255 255 255
0.882585 -0.785671
0 0 0 0
1.0 0.0 0.0 0.0
-42.4984 37.379 -4.10683
-0.873402 0.487 0.0
255 255 255 255
0.882585 -0.785671
0 0 0 0
1.0 0.0 0.0 0.0
-45.2635 32.42 -4.10683
-0.873402 0.487 0.0
255 255 255 255
0.868842 -0.785671
0 0 0 0
1.0 0.0 0.0 0.0
-42.4984 37.379 -6.94391e-006
-0.873402 0.487 0.0
255 255 255 255
0.882585 -0.776032
0 0 0 0
1.0 0.0 0.0 0.0
-45.2635 32.42 -4.10683
-0.014946 0.999888 0.0
255 255 255 255
0.868842 -0.785671
0 0 0 0
1.0 0.0 0.0 0.0
-50.9408 32.3351 -4.10683
-0.014946 0.999888 0.0
255 255 255 255
0.855099 -0.78567
0 0 0 0
1.0 0.0 0.0 0.0
-45.2635 32.42 -6.13598e-006
-0.014946 0.999888 0.0
255 255 255 255
0.868842 -0.776031
0 0 0 0
1.0 0.0 0.0 0.0
-43.104 18.9671 -4.10683
-0.0802595 0.996774 0.0
255 255 255 255
0.84434 -0.816162
0 0 0 0
1.0 0.0 0.0 0.0
-43.104 18.9671 -4.10683
-0.90336 0.428884 0.0
255 255 255 255
0.84434 -0.816162
0 0 0 0
1.0 0.0 0.0 0.0
-43.104 18.9671 -3.94422e-006
-0.90336 0.428884 0.0
255 255 255 255
0.84434 -0.806239
0 0 0 0
1.0 0.0 0.0 0.0
-40.6689 24.0962 -4.10683
-0.90336 0.428884 0.0
255 255 255 255
0.858488 -0.816162
0 0 0 0
1.0 0.0 0.0 0.0
-43.8933 28.7697 -4.10683
-0.823102 -0.567893 0.0
255 255 255 255
0.872636 -0.816163
0 0 0 0
1.0 0.0 0.0 0.0
-40.6689 24.0962 -4.10683
-0.823102 -0.567893 0.0
255 255 255 255
0.858488 -0.816162
0 0 0 0
1.0 0.0 0.0 0.0
-49.5528 28.314 -4.10683
0.0802502 -0.996775 0.0
255 255 255 255
0.801895 -0.816163
0 0 0 0
1.0 0.0 0.0 0.0
-43.8933 28.7697 -4.10683
0.0802502 -0.996775 0.0
255 255 255 255
0.787746 -0.816163
0 0 0 0
1.0 0.0 0.0 0.0
-49.5528 28.314 -5.46703e-006
0.0802502 -0.996775 0.0
255 255 255 255
0.801895 -0.806239
0 0 0 0
1.0 0.0 0.0 0.0
-51.9879 23.1848 -4.10683
0.903361 -0.428882 0.0
255 255 255 255
0.816044 -0.816162
0 0 0 0
1.0 0.0 0.0 0.0
-49.5528 28.314 -4.10683
0.903361 -0.428882 0.0
255 255 255 255
0.801895 -0.816163
0 0 0 0
1.0 0.0 0.0 0.0
-51.9879 23.1848 -4.63138e-006
0.903361 -0.428882 0.0
255 255 255 255
0.816043 -0.806238
0 0 0 0
1.0 0.0 0.0 0.0
-48.7635 18.5114 -4.10683
0.823103 0.567892 0.0
255 255 255 255
0.830192 -0.816162
0 0 0 0
1.0 0.0 0.0 0.0
-51.9879 23.1848 -4.10683
0.823103 0.567892 0.0
255 255 255 255
0.816044 -0.816162
0 0 0 0
1.0 0.0 0.0 0.0
-48.7635 18.5114 -3.86998e-006
0.823103 0.567892 0.0
255 255 255 255
0.830192 -0.806238
0 0 0 0
1.0 0.0 0.0 0.0
-51.9879 23.1848 -4.63138e-006
0.823103 0.567892 0.0
255 255 255 255
0.816043 -0.806238
0 0 0 0
1.0 0.0 0.0 0.0
-48.7635 18.5114 -3.86998e-006
0.823103 0.567892 0.0
255 255 255 255
0.830192 -0.806238
0 0 0 0
1.0 0.0 0.0 0.0
-51.9879 23.1848 3.77771
0.903361 -0.428882 0.0
255 255 255 255
0.816043 -0.796315
0 0 0 0
1.0 0.0 0.0 0.0
-51.9879 23.1848 -4.63138e-006
0.903361 -0.428882 0.0
255 255 255 255
0.816043 -0.806238
0 0 0 0
1.0 0.0 0.0 0.0
-49.5528 28.314 3.77771
0.903361 -0.428882 0.0
255 255 255 255
0.801895 -0.796316
0 0 0 0
1.0 0.0 0.0 0.0
-49.5528 28.314 3.77771
0.0802502 -0.996775 0.0
255 255 255 255
0.801895 -0.796316
0 0 0 0
1.0 0.0 0.0 0.0
-49.5528 28.314 -5.46703e-006
0.0802502 -0.996775 0.0
255 255 255 255
0.801895 -0.806239
0 0 0 0
1.0 0.0 0.0 0.0
-43.8933 28.7697 3.77771
0.0802502 -0.996775 0.0
255 255 255 255
0.787746 -0.796316
0 0 0 0
1.0 0.0 0.0 0.0
-43.8933 28.7697 3.77771
-0.823102 -0.567893 0.0
255 255 255 255
0.872636 -0.796317
0 0 0 0
1.0 0.0 0.0 0.0
-43.8933 28.7697 -5.54126e-006
-0.823102 -0.567893 0.0
255 255 255 255
0.872636 -0.80624
0 0 0 0
1.0 0.0 0.0 0.0
-40.6689 24.0962 3.77771
-0.823102 -0.567894 0.0
255 255 255 255
0.858488 -0.796316
0 0 0 0
1.0 0.0 0.0 0.0
-43.104 18.9671 3.77771
-0.90336 0.428884 0.0
255 255 255 255
0.84434 -0.796316
0 0 0 0
1.0 0.0 0.0 0.0
-40.6689 24.0962 3.77771
-0.90336 0.428884 0.0
255 255 255 255
0.858488 -0.796316
0 0 0 0
1.0 0.0 0.0 0.0
-43.104 18.9671 -3.94422e-006
-0.90336 0.428884 0.0
255 255 255 255
0.84434 -0.806239
0 0 0 0
1.0 0.0 0.0 0.0
-43.104 18.9671 3.77771
-0.0802595 0.996774 0.0
255 255 255 255
0.84434 -0.796316
0 0 0 0
1.0 0.0 0.0 0.0
-43.104 18.9671 -3.94422e-006
-0.0802595 0.996774 0.0
255 255 255 255
0.84434 -0.806239
0 0 0 0
1.0 0.0 0.0 0.0
-48.7635 18.5114 3.77771
-0.0802595 0.996774 0.0
255 255 255 255
0.830192 -0.796315
0 0 0 0
1.0 0.0 0.0 0.0
-45.2635 32.42 3.77771
-0.014946 0.999888 0.0
255 255 255 255
0.868842 -0.766393
0 0 0 0
1.0 0.0 0.0 0.0
-45.2635 32.42 -6.13598e-006
-0.014946 0.999888 0.0
255 255 255 255
0.868842 -0.776031
0 0 0 0
1.0 0.0 0.0 0.0
-42.4984 37.379 3.77771
-0.873402 0.487 0.0
255 255 255 255
0.882585 -0.766393
0 0 0 0
1.0 0.0 0.0 0.0
-42.4984 37.379 -6.94391e-006
-0.873402 0.487 0.0
255 255 255 255
0.882585 -0.776032
0 0 0 0
1.0 0.0 0.0 0.0
-42.4984 37.379 3.77771
-0.858455 -0.512889 0.0
255 255 255 255
0.882585 -0.766393
0 0 0 0
1.0 0.0 0.0 0.0
-42.4984 37.379 -6.94391e-006
-0.858455 -0.512889 0.0
255 255 255 255
0.882585 -0.776032
0 0 0 0
1.0 0.0 0.0 0.0
-45.4105 42.2532 3.77771
0.0149479 -0.999888 0.0
255 255 255 255
0.813872 -0.766393
0 0 0 0
1.0 0.0 0.0 0.0
-51.0878 42.1684 3.77771
0.0149479 -0.999888 0.0
255 255 255 255
0.827614 -0.766393
0 0 0 0
1.0 0.0 0.0 0.0
-45.4105 42.2532 -7.73802e-006
0.0149479 -0.999888 0.0
255 255 255 255
0.813872 -0.776031
0 0 0 0
1.0 0.0 0.0 0.0
-51.0878 42.1684 3.77771
0.873403 -0.486998 0.0
255 255 255 255
0.827614 -0.766393
0 0 0 0
1.0 0.0 0.0 0.0
-53.8529 37.2093 3.77771
0.873403 -0.486998 0.0
255 255 255 255
0.841357 -0.766393
0 0 0 0
1.0 0.0 0.0 0.0
-51.0878 42.1684 -7.72419e-006
0.873403 -0.486998 0.0
255 255 255 255
0.827614 -0.776031
0 0 0 0
1.0 0.0 0.0 0.0
-50.9408 32.3351 3.77771
0.858455 0.512889 0.0
255 255 255 255
0.8551 -0.766393
0 0 0 0
1.0 0.0 0.0 0.0
-50.9408 32.3351 -6.12215e-006
0.858455 0.512889 0.0
255 255 255 255
0.8551 -0.776031
0 0 0 0
1.0 0.0 0.0 0.0
-53.8529 37.2093 3.77771
0.858455 0.512889 0.0
255 255 255 255
0.841357 -0.766393
0 0 0 0
1.0 0.0 0.0 0.0
-52.2412 52.2552 3.77771
0.939693 0.34202 0.0
255 255 255 255
0.973698 -0.650894
0 0 0 0
1.0 0.0 0.0 0.0
-50.2993 46.9198 3.77771
0.939693 0.34202 0.0
255 255 255 255
0.973698 -0.636261
0 0 0 0
1.0 0.0 0.0 0.0
-52.2412 52.2552 -9.36754e-006
0.939693 0.34202 0.0
255 255 255 255
0.983961 -0.650894
0 0 0 0
1.0 0.0 0.0 0.0
-48.5916 56.6047 3.77771
0.766045 -0.642787 0.0
255 255 255 255
0.973698 -0.665527
0 0 0 0
1.0 0.0 0.0 0.0
-52.2412 52.2552 3.77771
0.766045 -0.642787 0.0
255 255 255 255
0.973698 -0.650894
0 0 0 0
1.0 0.0 0.0 0.0
-48.5916 56.6047 -1.00762e-005
0.766045 -0.642787 0.0
255 255 255 255
0.983961 -0.665527
0 0 0 0
1.0 0.0 0.0 0.0
-43.0 55.6187 3.77771
-0.173649 -0.984808 0.0
255 255 255 255
0.973698 -0.680161
0 0 0 0
1.0 0.0 0.0 0.0
-48.5916 56.6047 3.77771
-0.173649 -0.984808 0.0
255 255 255 255
0.973698 -0.665527
0 0 0 0
1.0 0.0 0.0 0.0
-43.0 55.6187 -9.91553e-006
-0.173649 -0.984808 0.0
255 255 255 255
0.983961 -0.680161
0 0 0 0
1.0 0.0 0.0 0.0
-41.058 50.2833 3.77771
-0.939693 -0.342019 0.0
255 255 255 255
0.973698 -0.606994
0 0 0 0
1.0 0.0 0.0 0.0
-43.0 55.6187 3.77771
-0.939693 -0.342019 0.0
255 255 255 255
0.973698 -0.592361
0 0 0 0
1.0 0.0 0.0 0.0
-41.058 50.2833 -9.04628e-006
-0.939693 -0.342019 0.0
255 255 255 255
0.983961 -0.606994
0 0 0 0
1.0 0.0 0.0 0.0
-44.7077 45.9338 3.77771
-0.766044 0.642788 0.0
255 255 255 255
0.973698 -0.621627
0 0 0 0
1.0 0.0 0.0 0.0
-44.7077 45.9338 -8.33766e-006
-0.766044 0.642788 0.0
255 255 255 255
0.983961 -0.621627
0 0 0 0
1.0 0.0 0.0 0.0
-50.2993 46.9198 3.77771
0.173648 0.984808 0.0
255 255 255 255
0.973698 -0.636261
0 0 0 0
1.0 0.0 0.0 0.0
-50.2993 46.9198 -8.49829e-006
0.173648 0.984808 0.0
255 255 255 255
0.983961 -0.636261
0 0 0 0
1.0 0.0 0.0 0.0
-31.6344 10.1173 -4.10682
0.0 0.0 -1.0
255 255 255 255
0.52253 -0.297958
0 0 0 0
1.0 0.0 0.0 0.0
-52.9483 10.5291 -4.10682
0.0 0.0 -1.0
255 255 255 255
0.548196 -0.297958
0 0 0 0
1.0 0.0 0.0 0.0
-49.5528 28.314 -4.10683
0.0 0.0 -1.0
255 255 255 255
0.542931 -0.32684
0 0 0 0
1.0 0.0 0.0 0.0
-51.0878 42.1684 -4.10683
0.0 0.0 -1.0
255 255 255 255
0.546556 -0.35136
0 0 0 0
1.0 0.0 0.0 0.0
-38.2537 49.4668 -4.10683
0.846174 -0.37088 -0.382672
255 255 255 255
0.52253 -0.367618
0 0 0 0
1.0 0.0 0.0 0.0
-32.5825 62.4058 -4.10683
0.846174 -0.37088 -0.382672
255 255 255 255
0.52253 -0.390606
0 0 0 0
1.0 0.0 0.0 0.0
-36.3965 49.4668 -8.91326e-006
0.846174 -0.37088 -0.382672
255 255 255 255
0.516867 -0.36827
0 0 0 0
1.0 0.0 0.0 0.0
-39.4262 37.1167 -4.10683
0.907767 -0.0861807 -0.410527
255 255 255 255
0.52253 -0.342854
0 0 0 0
1.0 0.0 0.0 0.0
-38.2537 49.4668 -4.10683
0.907767 -0.0861807 -0.410527
255 255 255 255
0.52253 -0.367618
0 0 0 0
1.0 0.0 0.0 0.0
-37.5689 37.1167 -6.90117e-006
0.907767 -0.0861807 -0.410527
255 255 255 255
0.516867 -0.342849
0 0 0 0
1.0 0.0 0.0 0.0
-48.5916 56.6047 -4.10683
0.0 0.0 -1.0
255 255 255 255
0.545815 -0.378075
0 0 0 0
1.0 0.0 0.0 0.0
-43.0 55.6187 -4.10683
0.0 0.0 -1.0
255 255 255 255
0.53537 -0.377492
0 0 0 0
1.0 0.0 0.0 0.0
-43.0 55.6187 -4.10683
0.0 0.0 -1.0
255 255 255 255
0.53537 -0.377492
0 0 0 0
1.0 0.0 0.0 0.0
-38.2537 49.4668 -4.10683
0.0 0.0 -1.0
255 255 255 255
0.52253 -0.367618
0 0 0 0
1.0 0.0 0.0 0.0
-44.7077 45.9338 -4.10683
0.0 0.0 -1.0
255 255 255 255
0.535285 -0.35936
0 0 0 0
1.0 0.0 0.0 0.0
-40.6689 24.0962 -4.10683
0.0 0.0 -1.0
255 255 255 255
0.528279 -0.319124
0 0 0 0
1.0 0.0 0.0 0.0
-38.2537 49.4668 -4.10683
0.0 0.0 -1.0
255 255 255 255
0.52253 -0.367618
0 0 0 0
1.0 0.0 0.0 0.0
-39.4262 37.1167 -4.10683
0.903656 0.12805 -0.408668
255 255 255 255
0.52253 -0.342854
0 0 0 0
1.0 0.0 0.0 0.0
-37.5689 37.1167 -6.90117e-006
0.903656 0.12805 -0.408668
255 255 255 255
0.516867 -0.342849
0 0 0 0
1.0 0.0 0.0 0.0
-37.6105 24.303 -4.10683
0.903656 0.12805 -0.408668
255 255 255 255
0.52253 -0.318653
0 0 0 0
1.0 0.0 0.0 0.0
-37.6105 24.303 -4.10683
0.850644 0.358352 -0.384694
255 255 255 255
0.52253 -0.318653
0 0 0 0
1.0 0.0 0.0 0.0
-35.7532 24.303 -4.81355e-006
0.850644 0.358352 -0.384694
255 255 255 255
0.516867 -0.318113
0 0 0 0
1.0 0.0 0.0 0.0
-31.6344 10.1173 -4.10682
0.850644 0.358352 -0.384694
255 255 255 255
0.52253 -0.297958
0 0 0 0
1.0 0.0 0.0 0.0
-37.6105 24.303 -4.10683
0.0 0.0 -1.0
255 255 255 255
0.52253 -0.318653
0 0 0 0
1.0 0.0 0.0 0.0
-31.6344 10.1173 -4.10682
0.0 0.0 -1.0
255 255 255 255
0.52253 -0.297958
0 0 0 0
1.0 0.0 0.0 0.0
-37.6105 24.303 -4.10683
0.0 0.0 -1.0
255 255 255 255
0.52253 -0.318653
0 0 0 0
1.0 0.0 0.0 0.0
-51.0878 42.1684 -4.10683
0.0 0.0 -1.0
255 255 255 255
0.546556 -0.35136
0 0 0 0
1.0 0.0 0.0 0.0
-51.9879 23.1848 -4.10683
0.0 0.0 -1.0
255 255 255 255
0.54679 -0.318283
0 0 0 0
1.0 0.0 0.0 0.0
-52.9483 10.5291 -4.10682
0.0 0.0 -1.0
255 255 255 255
0.548196 -0.297958
0 0 0 0
1.0 0.0 0.0 0.0
-63.8571 25.268 -4.10683
0.0 0.0 -1.0
255 255 255 255
0.56643 -0.321341
0 0 0 0
1.0 0.0 0.0 0.0
-61.4667 53.4969 3.77771
0.0 0.0 1.0
255 255 255 255
0.466832 -0.369089
0 0 0 0
1.0 0.0 0.0 0.0
-53.8529 37.2093 3.77771
0.0 0.0 1.0
255 255 255 255
0.483009 -0.342467
0 0 0 0
1.0 0.0 0.0 0.0
-63.8571 25.268 3.77771
0.0 0.0 1.0
255 255 255 255
0.466949 -0.3217
0 0 0 0
1.0 0.0 0.0 0.0
-48.7635 18.5114 3.77771
0.0 0.0 1.0
255 255 255 255
0.491224 -0.310726
0 0 0 0
1.0 0.0 0.0 0.0
-51.9879 23.1848 3.77771
0.0 0.0 1.0
255 255 255 255
0.48662 -0.318426
0 0 0 0
1.0 0.0 0.0 0.0
-51.0878 42.1684 3.77771
0.0 0.0 1.0
255 255 255 255
0.487104 -0.351543
0 0 0 0
1.0 0.0 0.0 0.0
-40.6689 24.0962 3.77771
0.0 0.0 1.0
255 255 255 255
0.505301 -0.319182
0 0 0 0
1.0 0.0 0.0 0.0
-37.6105 24.303 3.77771
0.0 0.0 1.0
255 255 255 255
0.511113 -0.318687
0 0 0 0
1.0 0.0 0.0 0.0
-37.6105 24.303 3.77771
0.839425 0.353626 0.412692
255 255 255 255
0.511113 -0.318687
0 0 0 0
1.0 0.0 0.0 0.0
-31.6344 10.1173 3.77771
0.839425 0.353626 0.412692
255 255 255 255
0.511113 -0.297958
0 0 0 0
1.0 0.0 0.0 0.0
-35.7532 24.303 -4.81355e-006
0.839425 0.353626 0.412692
255 255 255 255
0.516867 -0.318113
0 0 0 0
1.0 0.0 0.0 0.0
-39.4262 37.1167 3.77771
0.89024 0.126149 0.437674
255 255 255 255
0.511113 -0.342891
0 0 0 0
1.0 0.0 0.0 0.0
-37.6105 24.303 3.77771
0.89024 0.126149 0.437674
255 255 255 255
0.511113 -0.318687
0 0 0 0
1.0 0.0 0.0 0.0
-37.5689 37.1167 -6.90117e-006
0.89024 0.126149 0.437674
255 255 255 255
0.516867 -0.342849
0 0 0 0
1.0 0.0 0.0 0.0
-38.2537 49.4668 3.77771
0.0 0.0 1.0
255 255 255 255
0.511113 -0.367635
0 0 0 0
1.0 0.0 0.0 0.0
-48.5916 56.6047 3.77771
0.0 0.0 1.0
255 255 255 255
0.488016 -0.378177
0 0 0 0
1.0 0.0 0.0 0.0
-36.3965 49.4668 -8.91326e-006
0.89417 -0.0848899 0.439606
255 255 255 255
0.516867 -0.36827
0 0 0 0
1.0 0.0 0.0 0.0
-38.2537 49.4668 3.77771
0.89417 -0.0848899 0.439606
255 255 255 255
0.511113 -0.367635
0 0 0 0
1.0 0.0 0.0 0.0
-37.5689 37.1167 -6.90117e-006
0.89417 -0.0848899 0.439607
255 255 255 255
0.516867 -0.342849
0 0 0 0
1.0 0.0 0.0 0.0
-30.7253 62.4058 -1.10213e-005
0.835128 -0.366039 0.41058
255 255 255 255
0.516867 -0.390606
0 0 0 0
1.0 0.0 0.0 0.0
-32.5825 62.4058 3.77771
0.835128 -0.366039 0.41058
255 255 255 255
0.511113 -0.390606
0 0 0 0
1.0 0.0 0.0 0.0
-36.3965 49.4668 -8.91326e-006
0.835128 -0.366039 0.41058
255 255 255 255
0.516867 -0.36827
0 0 0 0
1.0 0.0 0.0 0.0
-44.7077 45.9338 3.77771
0.0 0.0 1.0
255 255 255 255
0.498395 -0.359462
0 0 0 0
1.0 0.0 0.0 0.0
-49.5528 28.314 3.77771
0.0 0.0 1.0
255 255 255 255
0.490574 -0.32699
0 0 0 0
1.0 0.0 0.0 0.0
-43.104 18.9671 3.77771
0.0 0.0 1.0
255 255 255 255
0.499744 -0.311325
0 0 0 0
1.0 0.0 0.0 0.0
217.766 111.154 -1.81093e-005
0.0688424 0.948819 0.308226
255 255 255 255
0.301144 -0.791846
0 0 0 0
1.0 0.0 0.0 0.0
217.766 114.342 -9.81363
0.0688424 0.948819 0.308227
255 255 255 255
0.319179 -0.791846
0 0 0 0
1.0 0.0 0.0 0.0
200.807 115.316 -9.02528
0.0688424 0.948819 0.308226
255 255 255 255
0.319179 -0.822619
0 0 0 0
1.0 0.0 0.0 0.0
217.766 111.154 -1.81093e-005
0.083018 0.955081 -0.284478
255 255 255 255
0.301144 -0.791846
0 0 0 0
1.0 0.0 0.0 0.0
200.807 112.628 -1.83495e-005
0.083018 0.955081 -0.284478
255 255 255 255
0.301144 -0.822619
0 0 0 0
1.0 0.0 0.0 0.0
200.807 115.316 9.02524
0.083018 0.955081 -0.284478
255 255 255 255
0.28311 -0.822619
0 0 0 0
1.0 0.0 0.0 0.0
200.807 138.191 -8.54924
0.0592922 -0.956689 0.285009
255 255 255 255
0.369433 -0.822619
0 0 0 0
1.0 0.0 0.0 0.0
217.766 139.054 -9.1791
0.0592922 -0.956689 0.285009
255 255 255 255
0.369433 -0.791846
0 0 0 0
1.0 0.0 0.0 0.0
217.766 141.789 -2.31003e-005
0.0592922 -0.956689 0.285009
255 255 255 255
0.386075 -0.791846
0 0 0 0
1.0 0.0 0.0 0.0
217.766 141.789 -2.31003e-005
0.0592922 -0.956689 -0.285009
255 255 255 255
0.216214 -0.791846
0 0 0 0
1.0 0.0 0.0 0.0
217.766 139.054 9.17906
0.0592922 -0.956689 -0.285009
255 255 255 255
0.232855 -0.791846
0 0 0 0
1.0 0.0 0.0 0.0
200.807 138.191 8.54919
0.0592922 -0.956689 -0.285009
255 255 255 255
0.232855 -0.822619
0 0 0 0
1.0 0.0 0.0 0.0
200.807 131.372 -14.1572
0.0558421 -0.626841 0.777143
255 255 255 255
0.352912 -0.822619
0 0 0 0
1.0 0.0 0.0 0.0
217.766 131.701 -15.1099
0.0558421 -0.626841 0.777143
255 255 255 255
0.352912 -0.791846
0 0 0 0
1.0 0.0 0.0 0.0
217.766 139.054 -9.1791
0.0558421 -0.626841 0.777143
255 255 255 255
0.369433 -0.791846
0 0 0 0
1.0 0.0 0.0 0.0
217.766 139.054 9.17906
0.0558421 -0.626841 -0.777143
255 255 255 255
0.232855 -0.791846
0 0 0 0
1.0 0.0 0.0 0.0
217.766 131.701 15.1098
0.0558421 -0.626841 -0.777143
255 255 255 255
0.249377 -0.791846
0 0 0 0
1.0 0.0 0.0 0.0
200.807 131.372 14.1572
0.0558421 -0.626841 -0.777143
255 255 255 255
0.249377 -0.822619
0 0 0 0
1.0 0.0 0.0 0.0
217.766 131.701 -15.1099
0.0568189 -0.0402365 0.997573
255 255 255 255
0.352912 -0.791846
0 0 0 0
1.0 0.0 0.0 0.0
200.807 131.372 -14.1572
0.0568188 -0.0402365 0.997573
255 255 255 255
0.352912 -0.822619
0 0 0 0
1.0 0.0 0.0 0.0
200.807 122.618 -14.5103
0.0568188 -0.0402365 0.997573
255 255 255 255
0.336459 -0.822619
0 0 0 0
1.0 0.0 0.0 0.0
200.807 122.618 14.5103
0.0568188 -0.0402365 -0.997573
255 255 255 255
0.26583 -0.822619
0 0 0 0
1.0 0.0 0.0 0.0
200.807 131.372 14.1572
0.0568188 -0.0402365 -0.997573
255 255 255 255
0.249377 -0.822619
0 0 0 0
1.0 0.0 0.0 0.0
217.766 131.701 15.1098
0.0568189 -0.0402365 -0.997573
255 255 255 255
0.249377 -0.791846
0 0 0 0
1.0 0.0 0.0 0.0
200.807 122.618 -14.5103
0.0714915 0.599075 0.797495
255 255 255 255
0.336459 -0.822619
0 0 0 0
1.0 0.0 0.0 0.0
200.807 115.316 -9.02528
0.0714915 0.599075 0.797495
255 255 255 255
0.319179 -0.822619
0 0 0 0
1.0 0.0 0.0 0.0
217.766 114.342 -9.81363
0.0714915 0.599076 0.797494
255 255 255 255
0.319179 -0.791846
0 0 0 0
1.0 0.0 0.0 0.0
200.807 122.618 14.5103
0.0557407 0.576745 -0.81502
255 255 255 255
0.26583 -0.822619
0 0 0 0
1.0 0.0 0.0 0.0
217.766 122.359 15.4866
0.0557407 0.576745 -0.81502
255 255 255 255
0.26583 -0.791846
0 0 0 0
1.0 0.0 0.0 0.0
217.766 114.342 9.81359
0.0557407 0.576745 -0.81502
255 255 255 255
0.28311 -0.791846
0 0 0 0
1.0 0.0 0.0 0.0
-189.183 98.7015 25.7888
0.0 -1.0 0.0
255 255 255 255
0.110167 -0.100023
0 0 0 0
1.0 0.0 0.0 0.0
-192.912 98.7015 -1.60805e-005
0.0 -1.0 0.0
255 255 255 255
0.105741 -0.0556928
0 0 0 0
1.0 0.0 0.0 0.0
-189.183 98.7015 -25.7889
0.0 -1.0 0.0
255 255 255 255
0.110167 -0.0113621
0 0 0 0
1.0 0.0 0.0 0.0
-192.912 98.7015 7.57975
0.0 -1.0 0.0
255 255 255 255
0.105741 -0.0848324
0 0 0 0
1.0 0.0 0.0 0.0
-192.912 98.7015 -7.57978
0.0 -1.0 0.0
255 255 255 255
0.104186 -0.0421168
0 0 0 0
1.0 0.0 0.0 0.0
-192.912 98.7015 -18.2097
0.0 -1.0 0.0
255 255 255 255
0.1051 -0.0238921
0 0 0 0
1.0 0.0 0.0 0.0
-192.912 98.7015 18.2097
0.0 -1.0 0.0
255 255 255 255
0.107017 -0.0940791
0 0 0 0
1.0 0.0 0.0 0.0
127.069 98.7015 12.4526
0.0 -1.0 0.0
255 255 255 255
0.48555 -0.0770987
0 0 0 0
1.0 0.0 0.0 0.0
8.79517 98.7015 25.7888
0.0 -1.0 0.0
255 255 255 255
0.345161 -0.100023
0 0 0 0
1.0 0.0 0.0 0.0
20.3199 98.7015 -25.7889
0.0 -1.0 0.0
255 255 255 255
0.358841 -0.0113621
0 0 0 0
1.0 0.0 0.0 0.0
127.069 98.7015 -12.4526
0.0 -1.0 0.0
255 255 255 255
0.48555 -0.0342869
0 0 0 0
1.0 0.0 0.0 0.0
127.083 98.7015 -18.2097
0.0 -1.0 0.0
255 255 255 255
0.485566 -0.0243906
0 0 0 0
1.0 0.0 0.0 0.0
127.083 98.7015 -25.7889
0.0 -1.0 0.0
255 255 255 255
0.485566 -0.0113621
0 0 0 0
1.0 0.0 0.0 0.0
127.083 98.7015 18.2097
0.0 -1.0 0.0
255 255 255 255
0.485566 -0.0869949
0 0 0 0
1.0 0.0 0.0 0.0
8.79517 98.7015 25.7888
0.0 -1.0 0.0
255 255 255 255
0.345161 -0.100023
0 0 0 0
1.0 0.0 0.0 0.0
127.083 98.7015 25.7888
0.0 -1.0 0.0
255 255 255 255
0.485566 -0.100023
0 0 0 0
1.0 0.0 0.0 0.0
-189.183 98.7015 25.7888
0.0 -1.0 0.0
255 255 255 255
0.281541 -0.100023
0 0 0 0
1.0 0.0 0.0 0.0
-189.183 98.7015 -25.7889
0.0 -1.0 0.0
255 255 255 255
0.272278 -0.0113621
0 0 0 0
1.0 0.0 0.0 0.0
-44.3693 98.7015 -25.7889
0.0 -1.0 0.0
255 255 255 255
0.282057 -0.0113621
0 0 0 0
1.0 0.0 0.0 0.0
-31.7784 98.7015 25.7888
0.0 -1.0 0.0
255 255 255 255
0.297002 -0.100023
0 0 0 0
1.0 0.0 0.0 0.0
-44.3693 98.7015 -25.7889
0.0 -1.0 0.0
255 255 255 255
0.282057 -0.0113621
0 0 0 0
1.0 0.0 0.0 0.0
138.027 98.7015 14.2548
0.0 -1.0 0.0
255 255 255 255
0.498556 -0.0801967
0 0 0 0
1.0 0.0 0.0 0.0
138.027 98.7015 -14.2549
0.0 -1.0 0.0
255 255 255 255
0.498556 -0.0311889
0 0 0 0
1.0 0.0 0.0 0.0
19.4291 150.13 -2.44593e-005
0.0 0.997852 -0.0655152
255 255 255 255
0.57217 -0.670909
0 0 0 0
1.0 0.0 0.0 0.0
20.3199 149.235 -13.6345
0.0 0.997852 -0.0655152
255 255 255 255
0.57217 -0.693678
0 0 0 0
1.0 0.0 0.0 0.0
-44.3693 149.235 -13.6345
0.0 0.997852 -0.0655152
255 255 255 255
0.464145 -0.693678
0 0 0 0
1.0 0.0 0.0 0.0
-44.3693 138.871 -25.7889
0.0 0.760913 -0.648854
255 255 255 255
0.464056 -0.71123
0 0 0 0
1.0 0.0 0.0 0.0
-44.3693 149.235 -13.6345
0.0 0.760913 -0.648854
255 255 255 255
0.464145 -0.693678
0 0 0 0
1.0 0.0 0.0 0.0
20.3199 149.235 -13.6345
0.0 0.760913 -0.648854
255 255 255 255
0.57217 -0.693678
0 0 0 0
1.0 0.0 0.0 0.0
20.3199 134.473 -25.7889
0.0 -5.59394e-006 -1.0
255 255 255 255
0.572082 -0.718574
0 0 0 0
1.0 0.0 0.0 0.0
-44.3693 134.473 -25.7889
0.0 -5.59394e-006 -1.0
255 255 255 255
0.464056 -0.718574
0 0 0 0
1.0 0.0 0.0 0.0
-44.3693 138.871 -25.7889
0.0 -5.59394e-006 -1.0
255 255 255 255
0.464056 -0.71123
0 0 0 0
1.0 0.0 0.0 0.0
-44.3693 123.796 -25.7889
0.0 0.0 -1.0
255 255 255 255
0.464056 -0.736404
0 0 0 0
1.0 0.0 0.0 0.0
-44.3693 134.473 -25.7889
0.0 0.0 -1.0
255 255 255 255
0.464056 -0.718574
0 0 0 0
1.0 0.0 0.0 0.0
20.3199 134.473 -25.7889
0.0 0.0 -1.0
255 255 255 255
0.572082 -0.718574
0 0 0 0
1.0 0.0 0.0 0.0
-180.398 134.473 -25.7889
0.0 0.0 -1.0
255 255 255 255
0.23792 -0.718574
0 0 0 0
1.0 0.0 0.0 0.0
-44.3693 134.473 -25.7889
0.0 0.0 -1.0
255 255 255 255
0.464056 -0.718574
0 0 0 0
1.0 0.0 0.0 0.0
-173.393 100.83 -1.64274e-005
-0.924047 0.379278 0.0478049
255 255 255 255
0.954811 -0.722359
0 0 0 0
1.0 0.0 0.0 0.0
-162.665 126.969 -2.06859e-005
-0.924047 0.379278 0.0478049
255 255 255 255
0.954811 -0.78629
0 0 0 0
1.0 0.0 0.0 0.0
-165.036 122.147 -7.57979
-0.924047 0.379278 0.0478049
255 255 255 255
0.942067 -0.771107
0 0 0 0
1.0 0.0 0.0 0.0
-162.665 126.969 -2.06859e-005
-0.468841 -0.575594 0.669985
255 255 255 255
0.954811 -0.78629
0 0 0 0
1.0 0.0 0.0 0.0
-181.907 142.642 -2.32394e-005
-0.468841 -0.575594 0.669985
255 255 255 255
0.908369 -0.813507
0 0 0 0
1.0 0.0 0.0 0.0
-183.779 135.345 -7.57979
-0.468841 -0.575594 0.669985
255 255 255 255
0.908369 -0.790662
0 0 0 0
1.0 0.0 0.0 0.0
-192.635 100.83 -7.57978
0.0 0.0 1.0
255 255 255 255
0.908369 -0.735571
0 0 0 0
1.0 0.0 0.0 0.0
-173.393 100.83 -7.57978
0.0 0.0 1.0
255 255 255 255
0.941678 -0.735571
0 0 0 0
1.0 0.0 0.0 0.0
-165.036 122.147 -7.57979
0.0 0.0 1.0
255 255 255 255
0.942067 -0.771107
0 0 0 0
1.0 0.0 0.0 0.0
-173.393 100.83 -1.64274e-005
0.0 1.0 0.0
255 255 255 255
0.954811 -0.722359
0 0 0 0
1.0 0.0 0.0 0.0
-173.393 100.83 -7.57978
0.0 1.0 0.0
255 255 255 255
0.941678 -0.735571
0 0 0 0
1.0 0.0 0.0 0.0
-192.635 100.83 -7.57978
0.0 1.0 0.0
255 255 255 255
0.908369 -0.735571
0 0 0 0
1.0 0.0 0.0 0.0
-192.912 98.7015 -1.60805e-005
-0.99167 0.128803 0.0
255 255 255 255
0.941393 -0.225434
0 0 0 0
1.0 0.0 0.0 0.0
-192.635 100.83 -1.64274e-005
-0.99167 0.128803 0.0
255 255 255 255
0.941393 -0.229762
0 0 0 0
1.0 0.0 0.0 0.0
-192.635 100.83 -7.57978
-0.99167 0.128803 0.0
255 255 255 255
0.926454 -0.227106
0 0 0 0
1.0 0.0 0.0 0.0
-192.912 98.7015 -7.57978
-0.99167 0.128803 0.0
255 255 255 255
0.926454 -0.222778
0 0 0 0
1.0 0.0 0.0 0.0
-192.635 100.83 -18.0509
-0.99167 0.128803 0.0
255 255 255 255
0.905167 -0.227106
0 0 0 0
1.0 0.0 0.0 0.0
-183.779 135.345 -15.6642
-0.968621 0.248543 0.0
255 255 255 255
0.910019 -0.297269
0 0 0 0
1.0 0.0 0.0 0.0
-192.635 100.83 -18.0509
-0.968621 0.248543 0.0
255 255 255 255
0.905167 -0.227106
0 0 0 0
1.0 0.0 0.0 0.0
-192.635 100.83 -7.57978
-0.968621 0.248543 0.0
255 255 255 255
0.926454 -0.227106
0 0 0 0
1.0 0.0 0.0 0.0
-183.779 135.345 -7.57979
-0.918622 0.395137 0.0
255 255 255 255
0.926454 -0.297269
0 0 0 0
1.0 0.0 0.0 0.0
-177.804 149.235 -13.6345
-0.918622 0.395137 0.0
255 255 255 255
0.914145 -0.326416
0 0 0 0
1.0 0.0 0.0 0.0
-183.779 135.345 -15.6642
-0.918622 0.395137 0.0
255 255 255 255
0.910019 -0.297269
0 0 0 0
1.0 0.0 0.0 0.0
-181.907 142.642 -2.32394e-005
-0.876574 0.480233 -0.0315303
255 255 255 255
0.941862 -0.312104
0 0 0 0
1.0 0.0 0.0 0.0
-177.804 150.13 -2.44593e-005
-0.876574 0.480233 -0.0315303
255 255 255 255
0.941862 -0.326416
0 0 0 0
1.0 0.0 0.0 0.0
-177.804 149.235 -13.6345
-0.876574 0.480233 -0.0315303
255 255 255 255
0.914145 -0.326416
0 0 0 0
1.0 0.0 0.0 0.0
-177.804 149.235 -13.6345
0.0 0.997852 -0.0655152
255 255 255 255
0.241853 -0.693678
0 0 0 0
1.0 0.0 0.0 0.0
-177.804 150.13 -2.44593e-005
0.0 0.997852 -0.0655152
255 255 255 255
0.241853 -0.670909
0 0 0 0
1.0 0.0 0.0 0.0
-44.3693 150.13 -2.44593e-005
0.0 0.997852 -0.0655152
255 255 255 255
0.464145 -0.670909
0 0 0 0
1.0 0.0 0.0 0.0
-131.144 155.131 -1.84984
0.001359 -0.00765386 0.99997
255 255 255 255
0.611446 -0.261281
0 0 0 0
1.0 0.0 0.0 0.0
-150.395 159.051 -1.79367
0.001359 -0.00765386 0.99997
255 255 255 255
0.570114 -0.261281
0 0 0 0
1.0 0.0 0.0 0.0
-152.153 151.664 -1.84783
0.001359 -0.00765386 0.99997
255 255 255 255
0.570114 -0.251435
0 0 0 0
1.0 0.0 0.0 0.0
-150.395 159.051 -1.79367
0.00135867 -0.00765298 0.99997
255 255 255 255
0.570114 -0.261281
0 0 0 0
1.0 0.0 0.0 0.0
-174.374 163.894 -1.72403
0.00135867 -0.00765298 0.99997
255 255 255 255
0.525588 -0.261281
0 0 0 0
1.0 0.0 0.0 0.0
-174.373 151.797 -1.81661
0.00135867 -0.00765298 0.99997
255 255 255 255
0.51088 -0.251435
0 0 0 0
1.0 0.0 0.0 0.0
-174.373 151.797 -1.81661
0.00601949 0.999982 0.000741721
255 255 255 255
0.51088 -0.251435
0 0 0 0
1.0 0.0 0.0 0.0
-174.373 151.796 -2.47307e-005
0.00601949 0.999982 0.000741721
255 255 255 255
0.51088 -0.246303
0 0 0 0
1.0 0.0 0.0 0.0
-152.646 151.665 -2.47094e-005
0.00601949 0.999982 0.000741721
255 255 255 255
0.570114 -0.246303
0 0 0 0
1.0 0.0 0.0 0.0
-152.153 151.664 -1.84783
0.0060194 0.999982 0.000866266
255 255 255 255
0.570114 -0.251435
0 0 0 0
1.0 0.0 0.0 0.0
-152.646 151.665 -2.47094e-005
0.0060194 0.999982 0.000866266
255 255 255 255
0.570114 -0.246303
0 0 0 0
1.0 0.0 0.0 0.0
-129.733 151.527 -2.46869e-005
0.0060194 0.999982 0.000866266
255 255 255 255
0.621961 -0.246303
0 0 0 0
1.0 0.0 0.0 0.0
-174.373 151.797 -1.81661
-1.0 -7.0129e-005 5.41436e-006
255 255 255 255
0.51088 -0.251435
0 0 0 0
1.0 0.0 0.0 0.0
-174.374 163.894 -1.72403
-1.0 -7.0129e-005 5.41436e-006
255 255 255 255
0.525588 -0.261281
0 0 0 0
1.0 0.0 0.0 0.0
-174.374 162.551 -13.5305
-1.0 -7.0129e-005 5.41436e-006
255 255 255 255
0.525588 -0.284821
0 0 0 0
1.0 0.0 0.0 0.0
-174.374 150.13 -2.44593e-005
-1.0 0.000490811 3.64051e-007
255 255 255 255
0.504336 -0.246303
0 0 0 0
1.0 0.0 0.0 0.0
-174.373 151.796 -2.47307e-005
-1.0 0.000490811 3.64051e-007
255 255 255 255
0.51088 -0.246303
0 0 0 0
1.0 0.0 0.0 0.0
-174.373 151.797 -1.81661
-1.0 0.000490811 3.64051e-007
255 255 255 255
0.51088 -0.251435
0 0 0 0
1.0 0.0 0.0 0.0
-150.395 159.051 -1.79367
0.196005 0.974421 -0.109936
255 255 255 255
0.570114 -0.261281
0 0 0 0
1.0 0.0 0.0 0.0
-150.029 157.639 -13.6575
0.196005 0.974421 -0.109936
255 255 255 255
0.570114 -0.284821
0 0 0 0
1.0 0.0 0.0 0.0
-174.374 162.551 -13.5305
0.196005 0.974421 -0.109936
255 255 255 255
0.525588 -0.284821
0 0 0 0
1.0 0.0 0.0 0.0
-150.029 157.639 -13.6575
0.198031 0.974024 -0.109826
255 255 255 255
0.570114 -0.284821
0 0 0 0
1.0 0.0 0.0 0.0
-150.395 159.051 -1.79367
0.198031 0.974024 -0.109826
255 255 255 255
0.570114 -0.261281
0 0 0 0
1.0 0.0 0.0 0.0
-131.144 155.131 -1.84984
0.198031 0.974024 -0.109826
255 255 255 255
0.611446 -0.261281
0 0 0 0
1.0 0.0 0.0 0.0
-129.733 151.529 -1.87932
0.931089 0.364792 0.000323964
255 255 255 255
0.617641 -0.251435
0 0 0 0
1.0 0.0 0.0 0.0
-129.733 151.527 -2.46869e-005
0.931089 0.364792 0.000323964
255 255 255 255
0.621961 -0.246303
0 0 0 0
1.0 0.0 0.0 0.0
-129.174 150.099 -2.44543e-005
0.931089 0.364792 0.000323964
255 255 255 255
0.621961 -0.275743
0 0 0 0
1.0 0.0 0.0 0.0
-130.632 153.824 -13.6114
0.931122 0.364708 -9.80502e-006
255 255 255 255
0.611446 -0.284821
0 0 0 0
1.0 0.0 0.0 0.0
-131.144 155.131 -1.84984
0.931122 0.364708 -9.80502e-006
255 255 255 255
0.611446 -0.261281
0 0 0 0
1.0 0.0 0.0 0.0
-129.733 151.529 -1.87932
0.931122 0.364708 -9.80502e-006
255 255 255 255
0.617641 -0.251435
0 0 0 0
1.0 0.0 0.0 0.0
-151.652 149.197 -13.6345
-0.968936 0.185883 -0.163127
255 255 255 255
0.557266 -0.294898
0 0 0 0
1.0 0.0 0.0 0.0
-150.029 157.639 -13.6575
-0.968936 0.185883 -0.163127
255 255 255 255
0.570114 -0.284821
0 0 0 0
1.0 0.0 0.0 0.0
-150.338 152.32 -17.8803
-0.968936 0.185883 -0.163127
255 255 255 255
0.572264 -0.29769
0 0 0 0
1.0 0.0 0.0 0.0
-174.374 149.161 -13.6345
-0.00365115 0.00776612 -0.999963
255 255 255 255
0.504336 -0.294898
0 0 0 0
1.0 0.0 0.0 0.0
-174.374 162.551 -13.5305
-0.00365115 0.00776612 -0.999963
255 255 255 255
0.525588 -0.284821
0 0 0 0
1.0 0.0 0.0 0.0
-150.029 157.639 -13.6575
-0.00365115 0.00776612 -0.999963
255 255 255 255
0.570114 -0.284821
0 0 0 0
1.0 0.0 0.0 0.0
-150.029 157.639 -13.6575
0.14398 0.723809 -0.674811
255 255 255 255
0.570114 -0.284821
0 0 0 0
1.0 0.0 0.0 0.0
-130.632 153.824 -13.6114
0.14398 0.723809 -0.674811
255 255 255 255
0.611446 -0.284821
0 0 0 0
1.0 0.0 0.0 0.0
-135.01 150.715 -17.8803
0.14398 0.723809 -0.674811
255 255 255 255
0.603838 -0.29769
0 0 0 0
1.0 0.0 0.0 0.0
-128.847 149.266 -13.6345
0.582774 0.126631 -0.802708
255 255 255 255
0.617641 -0.284821
0 0 0 0
1.0 0.0 0.0 0.0
-133.858 145.412 -17.8803
0.582774 0.126631 -0.802708
255 255 255 255
0.607675 -0.307005
0 0 0 0
1.0 0.0 0.0 0.0
-135.01 150.715 -17.8803
0.582774 0.126631 -0.802708
255 255 255 255
0.603838 -0.29769
0 0 0 0
1.0 0.0 0.0 0.0
-151.638 145.412 -17.8803
0.0 0.0 -1.0
255 255 255 255
0.565692 -0.307005
0 0 0 0
1.0 0.0 0.0 0.0
-150.338 152.32 -17.8803
0.0 0.0 -1.0
255 255 255 255
0.572264 -0.29769
0 0 0 0
1.0 0.0 0.0 0.0
-135.01 150.715 -17.8803
0.0 0.0 -1.0
255 255 255 255
0.603838 -0.29769
0 0 0 0
1.0 0.0 0.0 0.0
196.151 155.523 -1.72023
0.0 0.0 -1.0
255 255 255 255
0.046532 -0.841017
0 0 0 0
1.0 0.0 0.0 0.0
205.806 154.743 -1.72023
0.0 0.0 -1.0
255 255 255 255
0.088695 -0.841017
0 0 0 0
1.0 0.0 0.0 0.0
208.815 153.405 -1.72023
0.0 0.0 -1.0
255 255 255 255
0.104088 -0.846867
0 0 0 0
1.0 0.0 0.0 0.0
209.682 149.966 -1.72023
0.0 0.0 -1.0
255 255 255 255
0.108193 -0.862201
0 0 0 0
1.0 0.0 0.0 0.0
193.755 149.966 -1.72023
0.0 0.0 -1.0
255 255 255 255
0.046532 -0.862201
0 0 0 0
1.0 0.0 0.0 0.0
209.651 151.664 -1.72023
0.857472 0.0174146 -0.514236
255 255 255 255
0.108183 -0.841017
0 0 0 0
1.0 0.0 0.0 0.0
210.683 151.664 -2.47093e-005
0.857472 0.0174146 -0.514236
255 255 255 255
0.108183 -0.833541
0 0 0 0
1.0 0.0 0.0 0.0
210.714 150.13 -2.44593e-005
0.857472 0.0174146 -0.514236
255 255 255 255
0.114979 -0.833541
0 0 0 0
1.0 0.0 0.0 0.0
209.847 153.976 -2.50858e-005
0.819103 0.296258 -0.491225
255 255 255 255
0.100118 -0.833541
0 0 0 0
1.0 0.0 0.0 0.0
210.683 151.664 -2.47093e-005
0.819103 0.296258 -0.491225
255 255 255 255
0.108183 -0.833541
0 0 0 0
1.0 0.0 0.0 0.0
209.651 151.664 -1.72023
0.819103 0.296258 -0.491225
255 255 255 255
0.108183 -0.841017
0 0 0 0
1.0 0.0 0.0 0.0
206.837 155.313 -2.53037e-005
0.356367 0.801846 -0.479631
255 255 255 255
0.088695 -0.833541
0 0 0 0
1.0 0.0 0.0 0.0
209.847 153.976 -2.50858e-005
0.356367 0.801846 -0.479631
255 255 255 255
0.100118 -0.833541
0 0 0 0
1.0 0.0 0.0 0.0
208.815 153.405 -1.72023
0.356367 0.801846 -0.479631
255 255 255 255
0.100118 -0.841017
0 0 0 0
1.0 0.0 0.0 0.0
195.58 156.093 -2.54308e-005
0.0647976 0.934923 -0.348884
255 255 255 255
0.046532 -0.833541
0 0 0 0
1.0 0.0 0.0 0.0
206.837 155.313 -2.53037e-005
0.0647976 0.934923 -0.348884
255 255 255 255
0.088695 -0.833541
0 0 0 0
1.0 0.0 0.0 0.0
205.806 154.743 -1.72023
0.0647976 0.934923 -0.348884
255 255 255 255
0.088695 -0.841017
0 0 0 0
1.0 0.0 0.0 0.0
193.183 150.13 -2.44593e-005
-0.851779 0.342301 -0.396614
255 255 255 255
0.0275978 -0.833541
0 0 0 0
1.0 0.0 0.0 0.0
195.58 156.093 -2.54308e-005
-0.851779 0.342301 -0.396614
255 255 255 255
0.046532 -0.833541
0 0 0 0
1.0 0.0 0.0 0.0
196.151 155.523 -1.72023
-0.851779 0.342301 -0.396614
255 255 255 255
0.046532 -0.841017
0 0 0 0
1.0 0.0 0.0 0.0
-189.183 98.7015 -25.7889
-0.887405 0.147838 -0.436642
255 255 255 255
0.887979 -0.224597
0 0 0 0
1.0 0.0 0.0 0.0
-192.912 98.7015 -18.2097
-0.887405 0.147838 -0.436642
255 255 255 255
0.904844 -0.222778
0 0 0 0
1.0 0.0 0.0 0.0
-192.635 100.83 -18.0509
-0.887405 0.147838 -0.436642
255 255 255 255
0.905167 -0.227106
0 0 0 0
1.0 0.0 0.0 0.0
-178.043 138.871 -25.7889
-0.835922 0.447539 -0.317716
255 255 255 255
0.889469 -0.307727
0 0 0 0
1.0 0.0 0.0 0.0
-180.398 134.473 -25.7889
-0.835922 0.447539 -0.317716
255 255 255 255
0.889405 -0.298044
0 0 0 0
1.0 0.0 0.0 0.0
-183.779 135.345 -15.6642
-0.835922 0.447539 -0.317716
255 255 255 255
0.910019 -0.297269
0 0 0 0
1.0 0.0 0.0 0.0
-182.474 123.796 -25.7889
-0.879575 0.253532 -0.402579
255 255 255 255
0.888149 -0.276398
0 0 0 0
1.0 0.0 0.0 0.0
-192.635 100.83 -18.0509
-0.879575 0.253532 -0.402579
255 255 255 255
0.905167 -0.227106
0 0 0 0
1.0 0.0 0.0 0.0
-183.779 135.345 -15.6642
-0.879575 0.253532 -0.402579
255 255 255 255
0.910019 -0.297269
0 0 0 0
1.0 0.0 0.0 0.0
138.027 98.7015 -14.2549
0.0 -1.0 0.0
255 255 255 255
0.543493 -0.0311889
0 0 0 0
1.0 0.0 0.0 0.0
214.904 98.7015 -14.2549
0.0 -1.0 0.0
255 255 255 255
0.589869 -0.0311889
0 0 0 0
1.0 0.0 0.0 0.0
212.876 98.7015 -12.4526
0.0 -1.0 0.0
255 255 255 255
0.587253 -0.0342869
0 0 0 0
1.0 0.0 0.0 0.0
148.447 106.285 -18.2097
0.253595 -0.697784 -0.669915
255 255 255 255
0.701943 -0.104261
0 0 0 0
1.0 0.0 0.0 0.0
148.447 102.488 -14.2549
0.253595 -0.697784 -0.669915
255 255 255 255
0.702331 -0.11789
0 0 0 0
1.0 0.0 0.0 0.0
138.027 98.7015 -14.2549
0.253595 -0.697784 -0.669915
255 255 255 255
0.674399 -0.126659
0 0 0 0
1.0 0.0 0.0 0.0
214.904 98.7015 -14.2549
0.0 0.0 -1.0
255 255 255 255
0.866325 -0.135339
0 0 0 0
1.0 0.0 0.0 0.0
138.027 98.7015 -14.2549
0.0 0.0 -1.0
255 255 255 255
0.782328 -0.131495
0 0 0 0
1.0 0.0 0.0 0.0
148.447 102.488 -14.2549
0.0 0.0 -1.0
255 255 255 255
0.782864 -0.119766
0 0 0 0
1.0 0.0 0.0 0.0
214.904 103.14 -14.2549
0.00707666 -0.721347 -0.692537
255 255 255 255
0.866836 -0.124149
0 0 0 0
1.0 0.0 0.0 0.0
148.447 102.488 -14.2549
0.00707666 -0.721347 -0.692537
255 255 255 255
0.782864 -0.119766
0 0 0 0
1.0 0.0 0.0 0.0
148.447 106.285 -18.2097
0.00707666 -0.721347 -0.692537
255 255 255 255
0.783563 -0.10446
0 0 0 0
1.0 0.0 0.0 0.0
214.904 107.99 -18.2097
0.0241799 -0.942793 -0.332501
255 255 255 255
0.867558 -0.108369
0 0 0 0
1.0 0.0 0.0 0.0
148.447 106.285 -18.2097
0.0241799 -0.942793 -0.332501
255 255 255 255
0.783563 -0.10446
0 0 0 0
1.0 0.0 0.0 0.0
148.271 108.954 -25.7889
0.0241799 -0.942793 -0.332501
255 255 255 255
0.784525 -0.0834262
0 0 0 0
1.0 0.0 0.0 0.0
148.447 106.285 -18.2097
0.334529 -0.942385 0.0
255 255 255 255
0.701943 -0.104261
0 0 0 0
1.0 0.0 0.0 0.0
127.083 98.7015 -18.2097
0.334529 -0.942385 0.0
255 255 255 255
0.644074 -0.119653
0 0 0 0
1.0 0.0 0.0 0.0
127.083 98.7015 -25.7889
0.334529 -0.942385 0.0
255 255 255 255
0.639064 -0.0996955
0 0 0 0
1.0 0.0 0.0 0.0
-177.804 149.235 -13.6345
0.0 0.760913 -0.648854
255 255 255 255
0.241853 -0.693678
0 0 0 0
1.0 0.0 0.0 0.0
-44.3693 149.235 -13.6345
0.0 0.760913 -0.648854
255 255 255 255
0.464145 -0.693678
0 0 0 0
1.0 0.0 0.0 0.0
-178.043 138.871 -25.7889
0.0 -5.59394e-006 -1.0
255 255 255 255
0.241853 -0.71123
0 0 0 0
1.0 0.0 0.0 0.0
-44.3693 138.871 -25.7889
0.0 -5.59394e-006 -1.0
255 255 255 255
0.464056 -0.71123
0 0 0 0
1.0 0.0 0.0 0.0
-44.3693 134.473 -25.7889
0.0 -5.59394e-006 -1.0
255 255 255 255
0.464056 -0.718574
0 0 0 0
1.0 0.0 0.0 0.0
-44.3693 98.7015 -25.7889
0.0 0.0 -1.0
255 255 255 255
0.464056 -0.778309
0 0 0 0
1.0 0.0 0.0 0.0
-189.183 98.7015 -25.7889
0.0 0.0 -1.0
255 255 255 255
0.223251 -0.778309
0 0 0 0
1.0 0.0 0.0 0.0
-182.474 123.796 -25.7889
0.0 0.0 -1.0
255 255 255 255
0.234453 -0.736404
0 0 0 0
1.0 0.0 0.0 0.0
20.3199 123.796 -25.7889
0.0 0.0 -1.0
255 255 255 255
0.572082 -0.736404
0 0 0 0
1.0 0.0 0.0 0.0
20.3199 98.7015 -25.7889
0.0 0.0 -1.0
255 255 255 255
0.572082 -0.778309
0 0 0 0
1.0 0.0 0.0 0.0
148.271 149.235 -13.6345
0.0 0.997852 -0.0655152
255 255 255 255
0.785838 -0.693678
0 0 0 0
1.0 0.0 0.0 0.0
148.271 150.13 -2.44593e-005
0.0 0.997852 -0.0655152
255 255 255 255
0.785838 -0.670909
0 0 0 0
1.0 0.0 0.0 0.0
214.904 150.13 -2.44593e-005
0.0 0.997852 -0.0655152
255 255 255 255
0.897531 -0.670909
0 0 0 0
1.0 0.0 0.0 0.0
148.271 138.871 -25.7889
-1.47426e-007 0.760913 -0.648854
255 255 255 255
0.785749 -0.71123
0 0 0 0
1.0 0.0 0.0 0.0
148.271 149.235 -13.6345
-1.47426e-007 0.760913 -0.648854
255 255 255 255
0.785838 -0.693678
0 0 0 0
1.0 0.0 0.0 0.0
214.904 149.235 -13.6345
-1.47426e-007 0.760913 -0.648854
255 255 255 255
0.897531 -0.693678
0 0 0 0
1.0 0.0 0.0 0.0
127.083 149.235 -13.6345
0.0 0.997852 -0.0655152
255 255 255 255
0.750457 -0.693678
0 0 0 0
1.0 0.0 0.0 0.0
127.083 150.13 -2.44593e-005
0.0 0.997852 -0.0655152
255 255 255 255
0.750456 -0.670909
0 0 0 0
1.0 0.0 0.0 0.0
148.271 150.13 -2.44593e-005
0.0 0.997852 -0.0655152
255 255 255 255
0.785838 -0.670909
0 0 0 0
1.0 0.0 0.0 0.0
127.083 138.871 -25.7889
0.0 0.760913 -0.648854
255 255 255 255
0.750368 -0.71123
0 0 0 0
1.0 0.0 0.0 0.0
127.083 149.235 -13.6345
0.0 0.760913 -0.648854
255 255 255 255
0.750457 -0.693678
0 0 0 0
1.0 0.0 0.0 0.0
148.271 149.235 -13.6345
0.0 0.760913 -0.648854
255 255 255 255
0.785838 -0.693678
0 0 0 0
1.0 0.0 0.0 0.0
72.7411 149.235 -13.6345
0.0 0.997852 -0.0655152
255 255 255 255
0.65971 -0.693678
0 0 0 0
1.0 0.0 0.0 0.0
72.7411 150.13 -2.44593e-005
0.0 0.997852 -0.0655152
255 255 255 255
0.65971 -0.670909
0 0 0 0
1.0 0.0 0.0 0.0
127.083 150.13 -2.44593e-005
0.0 0.997852 -0.0655152
255 255 255 255
0.750456 -0.670909
0 0 0 0
1.0 0.0 0.0 0.0
72.7411 138.871 -25.7889
0.0 0.760913 -0.648854
255 255 255 255
0.659621 -0.71123
0 0 0 0
1.0 0.0 0.0 0.0
72.7411 149.235 -13.6345
0.0 0.760913 -0.648854
255 255 255 255
0.65971 -0.693678
0 0 0 0
1.0 0.0 0.0 0.0
127.083 149.235 -13.6345
0.0 0.760913 -0.648854
255 255 255 255
0.750457 -0.693678
0 0 0 0
1.0 0.0 0.0 0.0
19.4291 150.13 -2.44593e-005
0.0 0.997852 -0.0655152
255 255 255 255
0.57217 -0.670909
0 0 0 0
1.0 0.0 0.0 0.0
72.7411 150.13 -2.44593e-005
0.0 0.997852 -0.0655152
255 255 255 255
0.65971 -0.670909
0 0 0 0
1.0 0.0 0.0 0.0
20.3199 138.871 -25.7889
0.0 0.760913 -0.648854
255 255 255 255
0.572082 -0.71123
0 0 0 0
1.0 0.0 0.0 0.0
20.3199 149.235 -13.6345
0.0 0.760913 -0.648854
255 255 255 255
0.57217 -0.693678
0 0 0 0
1.0 0.0 0.0 0.0
72.7411 149.235 -13.6345
0.0 0.760913 -0.648854
255 255 255 255
0.65971 -0.693678
0 0 0 0
1.0 0.0 0.0 0.0
20.3199 134.473 -25.7889
0.0 0.0 -1.0
255 255 255 255
0.572082 -0.718574
0 0 0 0
1.0 0.0 0.0 0.0
72.7411 134.473 -25.7889
0.0 0.0 -1.0
255 255 255 255
0.659621 -0.718574
0 0 0 0
1.0 0.0 0.0 0.0
127.083 138.871 -25.7889
-3.20646e-007 -1.63196e-006 -1.0
255 255 255 255
0.750368 -0.71123
0 0 0 0
1.0 0.0 0.0 0.0
127.083 123.796 -25.7889
-3.20646e-007 -1.63196e-006 -1.0
255 255 255 255
0.750368 -0.736404
0 0 0 0
1.0 0.0 0.0 0.0
72.7411 134.473 -25.7889
-3.20646e-007 -1.63196e-006 -1.0
255 255 255 255
0.659621 -0.718574
0 0 0 0
1.0 0.0 0.0 0.0
72.7411 138.871 -25.7889
0.0 -5.59394e-006 -1.0
255 255 255 255
0.659621 -0.71123
0 0 0 0
1.0 0.0 0.0 0.0
72.7411 134.473 -25.7889
0.0 -5.59394e-006 -1.0
255 255 255 255
0.659621 -0.718574
0 0 0 0
1.0 0.0 0.0 0.0
20.3199 134.473 -25.7889
0.0 -5.59394e-006 -1.0
255 255 255 255
0.572082 -0.718574
0 0 0 0
1.0 0.0 0.0 0.0
20.3199 98.7015 -25.7889
0.0 0.0 -1.0
255 255 255 255
0.572082 -0.778309
0 0 0 0
1.0 0.0 0.0 0.0
127.083 123.796 -25.7889
0.0 0.0 -1.0
255 255 255 255
0.750368 -0.736404
0 0 0 0
1.0 0.0 0.0 0.0
127.083 123.796 -25.7889
0.0 -1.63196e-006 -1.0
255 255 255 255
0.750368 -0.736404
0 0 0 0
1.0 0.0 0.0 0.0
127.083 138.871 -25.7889
0.0 -1.63196e-006 -1.0
255 255 255 255
0.750368 -0.71123
0 0 0 0
1.0 0.0 0.0 0.0
148.271 138.871 -25.7889
0.0 -1.63196e-006 -1.0
255 255 255 255
0.785749 -0.71123
0 0 0 0
1.0 0.0 0.0 0.0
148.271 108.954 -25.7889
0.0 0.0 -1.0
255 255 255 255
0.785749 -0.761188
0 0 0 0
1.0 0.0 0.0 0.0
127.083 98.7015 -25.7889
0.0 0.0 -1.0
255 255 255 255
0.750368 -0.778309
0 0 0 0
1.0 0.0 0.0 0.0
127.083 123.796 -25.7889
0.0 0.0 -1.0
255 255 255 255
0.750368 -0.736404
0 0 0 0
1.0 0.0 0.0 0.0
148.271 123.796 -25.7889
0.0 -1.63196e-006 -1.0
255 255 255 255
0.785749 -0.736404
0 0 0 0
1.0 0.0 0.0 0.0
148.271 138.871 -25.7889
0.0 -1.63196e-006 -1.0
255 255 255 255
0.785749 -0.71123
0 0 0 0
1.0 0.0 0.0 0.0
214.904 138.871 -25.7889
0.0 -1.63196e-006 -1.0
255 255 255 255
0.897531 -0.71123
0 0 0 0
1.0 0.0 0.0 0.0
214.904 111.538 -25.7889
-3.69215e-007 0.0 -1.0
255 255 255 255
0.897531 -0.756873
0 0 0 0
1.0 0.0 0.0 0.0
148.271 108.954 -25.7889
-3.69215e-007 0.0 -1.0
255 255 255 255
0.785749 -0.761188
0 0 0 0
1.0 0.0 0.0 0.0
148.271 123.796 -25.7889
-3.69215e-007 0.0 -1.0
255 255 255 255
0.785749 -0.736404
0 0 0 0
1.0 0.0 0.0 0.0
-44.3693 136.907 21.7703
1.0 0.0 0.0
255 255 255 255
0.895691 -0.539713
0 0 0 0
1.0 0.0 0.0 0.0
-44.3693 133.662 21.7018
1.0 0.0 0.0
255 255 255 255
0.899401 -0.546935
0 0 0 0
1.0 0.0 0.0 0.0
-44.3693 133.662 20.5134
1.0 0.0 0.0
255 255 255 255
0.887578 -0.549113
0 0 0 0
1.0 0.0 0.0 0.0
-44.3693 126.706 21.7018
1.0 0.0 0.0
255 255 255 255
0.90059 -0.556598
0 0 0 0
1.0 0.0 0.0 0.0
-44.3693 126.706 20.5134
1.0 0.0 0.0
255 255 255 255
0.893921 -0.558991
0 0 0 0
1.0 0.0 0.0 0.0
-52.608 126.706 21.7018
0.0 0.0 1.0
255 255 255 255
0.74761 -0.484274
0 0 0 0
1.0 0.0 0.0 0.0
-44.3693 126.706 21.7018
0.0 0.0 1.0
255 255 255 255
0.769392 -0.484274
0 0 0 0
1.0 0.0 0.0 0.0
-44.3693 133.662 21.7018
0.0 0.0 1.0
255 255 255 255
0.769392 -0.502665
0 0 0 0
1.0 0.0 0.0 0.0
-111.229 133.873 21.7018
0.0 0.0 1.0
255 255 255 255
0.592617 -0.503224
0 0 0 0
1.0 0.0 0.0 0.0
-114.861 126.706 21.7018
0.0 0.0 1.0
255 255 255 255
0.583016 -0.484274
0 0 0 0
1.0 0.0 0.0 0.0
-31.7784 124.96 25.7888
0.32554 0.945528 0.0
255 255 255 255
0.703177 -0.51905
0 0 0 0
1.0 0.0 0.0 0.0
-31.7784 124.96 20.5134
0.32554 0.945528 0.0
255 255 255 255
0.703177 -0.539621
0 0 0 0
1.0 0.0 0.0 0.0
-36.8497 126.706 20.5134
0.32554 0.945528 0.0
255 255 255 255
0.696419 -0.539621
0 0 0 0
1.0 0.0 0.0 0.0
-36.8497 126.706 25.7888
0.0 1.0 0.0
255 255 255 255
0.696419 -0.51905
0 0 0 0
1.0 0.0 0.0 0.0
-36.8497 126.706 20.5134
0.0 1.0 0.0
255 255 255 255
0.696419 -0.539621
0 0 0 0
1.0 0.0 0.0 0.0
-114.861 126.706 20.5134
0.0 1.0 0.0
255 255 255 255
0.645812 -0.539621
0 0 0 0
1.0 0.0 0.0 0.0
-114.861 126.706 25.7888
0.892025 -0.451986 0.0
255 255 255 255
0.645812 -0.51905
0 0 0 0
1.0 0.0 0.0 0.0
-114.861 126.706 20.5134
0.892025 -0.451986 0.0
255 255 255 255
0.645812 -0.539621
0 0 0 0
1.0 0.0 0.0 0.0
-111.229 133.873 21.7018
0.892025 -0.451986 0.0
255 255 255 255
0.635638 -0.539621
0 0 0 0
1.0 0.0 0.0 0.0
-111.229 133.873 25.7888
0.0 -1.0 0.0
255 255 255 255
0.635638 -0.51905
0 0 0 0
1.0 0.0 0.0 0.0
-111.229 133.873 21.7018
0.0 -1.0 0.0
255 255 255 255
0.635638 -0.539621
0 0 0 0
1.0 0.0 0.0 0.0
-52.608 133.873 21.7018
0.0 -1.0 0.0
255 255 255 255
0.596422 -0.539621
0 0 0 0
1.0 0.0 0.0 0.0
-52.608 133.873 25.7888
-0.0256301 -0.999672 0.0
255 255 255 255
0.596422 -0.51905
0 0 0 0
1.0 0.0 0.0 0.0
-52.608 133.873 21.7018
-0.0256301 -0.999672 0.0
255 255 255 255
0.596422 -0.539621
0 0 0 0
1.0 0.0 0.0 0.0
-44.3693 133.662 21.7018
-0.0256301 -0.999672 0.0
255 255 255 255
0.586034 -0.539621
0 0 0 0
1.0 0.0 0.0 0.0
-44.3693 150.13 -2.44593e-005
0.0 0.0 1.0
255 255 255 255
0.862423 -0.51905
0 0 0 0
1.0 0.0 0.0 0.0
-44.3693 143.955 -2.34532e-005
0.0 0.0 1.0
255 255 255 255
0.862423 -0.539621
0 0 0 0
1.0 0.0 0.0 0.0
19.4291 143.955 -2.34532e-005
0.0 0.0 1.0
255 255 255 255
0.802927 -0.539621
0 0 0 0
1.0 0.0 0.0 0.0
-44.3693 133.662 25.7888
1.0 0.0 0.0
255 255 255 255
0.907136 -0.541681
0 0 0 0
1.0 0.0 0.0 0.0
20.3199 138.871 25.7888
-0.997325 0.0 0.073088
255 255 255 255
0.775857 -0.51905
0 0 0 0
1.0 0.0 0.0 0.0
19.4291 149.235 13.6344
-0.997325 0.0 0.073088
255 255 255 255
0.785686 -0.51905
0 0 0 0
1.0 0.0 0.0 0.0
19.4291 142.34 13.6344
-0.997325 0.0 0.073088
255 255 255 255
0.785686 -0.539621
0 0 0 0
1.0 0.0 0.0 0.0
-44.3693 149.235 13.6344
1.0 0.0 0.0
255 255 255 255
0.879598 -0.51905
0 0 0 0
1.0 0.0 0.0 0.0
-44.3693 141.636 13.6344
1.0 0.0 0.0
255 255 255 255
0.879598 -0.539621
0 0 0 0
1.0 0.0 0.0 0.0
-44.3693 143.955 -2.34532e-005
1.0 0.0 0.0
255 255 255 255
0.862423 -0.539621
0 0 0 0
1.0 0.0 0.0 0.0
-44.3693 144.53 25.7888
1.0 0.0 0.0
255 255 255 255
0.895559 -0.519154
0 0 0 0
1.0 0.0 0.0 0.0
-44.3693 136.907 21.7703
1.0 0.0 0.0
255 255 255 255
0.895691 -0.539713
0 0 0 0
1.0 0.0 0.0 0.0
18.5806 133.662 25.7888
-0.664531 0.74726 0.0
255 255 255 255
0.770172 -0.51905
0 0 0 0
1.0 0.0 0.0 0.0
18.5806 133.662 20.5134
-0.664531 0.74726 0.0
255 255 255 255
0.770172 -0.539621
0 0 0 0
1.0 0.0 0.0 0.0
8.79517 124.96 20.5134
-0.664531 0.74726 0.0
255 255 255 255
0.753672 -0.539621
0 0 0 0
1.0 0.0 0.0 0.0
18.5806 133.662 25.7888
-0.947041 0.316218 -0.0558584
255 255 255 255
0.770172 -0.51905
0 0 0 0
1.0 0.0 0.0 0.0
20.3199 138.871 25.7888
-0.947041 0.316218 -0.0558584
255 255 255 255
0.775857 -0.51905
0 0 0 0
1.0 0.0 0.0 0.0
19.9755 136.907 20.5134
-0.947041 0.316218 -0.0558584
255 255 255 255
0.775857 -0.539621
0 0 0 0
1.0 0.0 0.0 0.0
8.79517 124.96 25.7888
0.0 1.0 0.0
255 255 255 255
0.753672 -0.51905
0 0 0 0
1.0 0.0 0.0 0.0
8.79517 124.96 20.5134
0.0 1.0 0.0
255 255 255 255
0.753672 -0.539621
0 0 0 0
1.0 0.0 0.0 0.0
-31.7784 124.96 20.5134
0.0 1.0 0.0
255 255 255 255
0.703177 -0.539621
0 0 0 0
1.0 0.0 0.0 0.0
19.4291 149.235 13.6344
-1.0 0.0 0.0
255 255 255 255
0.785686 -0.51905
0 0 0 0
1.0 0.0 0.0 0.0
19.4291 150.13 -2.44593e-005
-1.0 0.0 0.0
255 255 255 255
0.802927 -0.51905
0 0 0 0
1.0 0.0 0.0 0.0
19.4291 143.955 -2.34532e-005
-1.0 0.0 0.0
255 255 255 255
0.802927 -0.539621
0 0 0 0
1.0 0.0 0.0 0.0
-165.036 122.147 7.57975
-0.924047 0.379278 -0.0478049
255 255 255 255
0.941924 -0.673791
0 0 0 0
1.0 0.0 0.0 0.0
-162.665 126.969 -2.06859e-005
-0.924047 0.379278 -0.0478049
255 255 255 255
0.954811 -0.657543
0 0 0 0
1.0 0.0 0.0 0.0
-173.393 100.83 -1.64274e-005
-0.924047 0.379278 -0.0478049
255 255 255 255
0.954811 -0.722359
0 0 0 0
1.0 0.0 0.0 0.0
-162.665 126.969 -2.06859e-005
-0.471595 -0.669755 -0.573608
255 255 255 255
0.954811 -0.657543
0 0 0 0
1.0 0.0 0.0 0.0
-165.036 122.147 7.57975
-0.471595 -0.669755 -0.573608
255 255 255 255
0.941924 -0.673791
0 0 0 0
1.0 0.0 0.0 0.0
-183.779 135.345 7.57974
-0.471595 -0.669755 -0.573608
255 255 255 255
0.908369 -0.656875
0 0 0 0
1.0 0.0 0.0 0.0
-192.635 100.83 7.57975
0.0 0.0 -1.0
255 255 255 255
0.908369 -0.708618
0 0 0 0
1.0 0.0 0.0 0.0
-183.779 135.345 7.57974
0.0 0.0 -1.0
255 255 255 255
0.908369 -0.656875
0 0 0 0
1.0 0.0 0.0 0.0
-165.036 122.147 7.57975
0.0 0.0 -1.0
255 255 255 255
0.941924 -0.673791
0 0 0 0
1.0 0.0 0.0 0.0
-192.635 100.83 7.57975
0.0 1.0 0.0
255 255 255 255
0.908369 -0.708618
0 0 0 0
1.0 0.0 0.0 0.0
-173.393 100.83 7.57975
0.0 1.0 0.0
255 255 255 255
0.941678 -0.708618
0 0 0 0
1.0 0.0 0.0 0.0
-173.393 100.83 -1.64274e-005
0.0 1.0 0.0
255 255 255 255
0.954811 -0.722359
0 0 0 0
1.0 0.0 0.0 0.0
-192.635 100.83 7.57975
-0.99167 0.128803 0.0
255 255 255 255
0.956177 -0.231481
0 0 0 0
1.0 0.0 0.0 0.0
-192.635 100.83 18.0508
-0.99167 0.128803 0.0
255 255 255 255
0.977463 -0.231481
0 0 0 0
1.0 0.0 0.0 0.0
-192.912 98.7015 7.57975
-0.99167 0.128803 0.0
255 255 255 255
0.956177 -0.227153
0 0 0 0
1.0 0.0 0.0 0.0
-183.779 135.345 15.6642
-0.968621 0.248543 0.0
255 255 255 255
0.973705 -0.297269
0 0 0 0
1.0 0.0 0.0 0.0
-183.779 135.345 7.57974
-0.968621 0.248543 0.0
255 255 255 255
0.957271 -0.297269
0 0 0 0
1.0 0.0 0.0 0.0
-192.635 100.83 7.57975
-0.968621 0.248543 0.0
255 255 255 255
0.956177 -0.231481
0 0 0 0
1.0 0.0 0.0 0.0
-183.779 135.345 7.57974
-0.918622 0.395137 0.0
255 255 255 255
0.957271 -0.297269
0 0 0 0
1.0 0.0 0.0 0.0
-183.779 135.345 15.6642
-0.918622 0.395137 0.0
255 255 255 255
0.973705 -0.297269
0 0 0 0
1.0 0.0 0.0 0.0
-177.804 149.235 13.6344
-0.918622 0.395137 0.0
255 255 255 255
0.969579 -0.326416
0 0 0 0
1.0 0.0 0.0 0.0
-181.907 142.642 -2.32394e-005
-0.929531 0.352142 0.109399
255 255 255 255
0.941862 -0.312104
0 0 0 0
1.0 0.0 0.0 0.0
-183.779 135.345 7.57974
-0.929531 0.352142 0.109399
255 255 255 255
0.957271 -0.297269
0 0 0 0
1.0 0.0 0.0 0.0
-177.804 149.235 13.6344
-0.929531 0.352142 0.109399
255 255 255 255
0.969579 -0.326416
0 0 0 0
1.0 0.0 0.0 0.0
-44.3693 150.13 -2.44593e-005
0.0 0.997852 0.0655152
255 255 255 255
0.464145 -0.670909
0 0 0 0
1.0 0.0 0.0 0.0
-177.804 150.13 -2.44593e-005
0.0 0.997852 0.0655152
255 255 255 255
0.241853 -0.670909
0 0 0 0
1.0 0.0 0.0 0.0
-177.804 149.235 13.6344
0.0 0.997852 0.0655152
255 255 255 255
0.241853 -0.648141
0 0 0 0
1.0 0.0 0.0 0.0
-131.144 155.131 1.84979
0.00135856 -0.00765118 -0.99997
255 255 255 255
0.438613 -0.365476
0 0 0 0
1.0 0.0 0.0 0.0
-129.733 151.529 1.87927
0.00135856 -0.00765118 -0.99997
255 255 255 255
0.44546 -0.376535
0 0 0 0
1.0 0.0 0.0 0.0
-152.153 151.664 1.84778
0.00135856 -0.00765118 -0.99997
255 255 255 255
0.390289 -0.375735
0 0 0 0
1.0 0.0 0.0 0.0
-150.395 159.051 1.79362
0.00135893 -0.00765384 -0.99997
255 255 255 255
0.390289 -0.365276
0 0 0 0
1.0 0.0 0.0 0.0
-152.153 151.664 1.84778
0.00135893 -0.00765384 -0.99997
255 255 255 255
0.390289 -0.375735
0 0 0 0
1.0 0.0 0.0 0.0
-174.373 151.797 1.81656
0.00135893 -0.00765384 -0.99997
255 255 255 255
0.335487 -0.375735
0 0 0 0
1.0 0.0 0.0 0.0
-152.646 151.665 -2.47094e-005
0.00601949 0.999982 -0.000741721
255 255 255 255
0.390289 -0.389047
0 0 0 0
1.0 0.0 0.0 0.0
-174.373 151.796 -2.47307e-005
0.00601949 0.999982 -0.000741721
255 255 255 255
0.335487 -0.389047
0 0 0 0
1.0 0.0 0.0 0.0
-174.373 151.797 1.81656
0.00601949 0.999982 -0.000741721
255 255 255 255
0.335487 -0.375735
0 0 0 0
1.0 0.0 0.0 0.0
-129.733 151.527 -2.46869e-005
0.0060194 0.999982 -0.000866266
255 255 255 255
0.452885 -0.389047
0 0 0 0
1.0 0.0 0.0 0.0
-152.646 151.665 -2.47094e-005
0.0060194 0.999982 -0.000866266
255 255 255 255
0.390289 -0.389047
0 0 0 0
1.0 0.0 0.0 0.0
-152.153 151.664 1.84778
0.0060194 0.999982 -0.000866266
255 255 255 255
0.390289 -0.375735
0 0 0 0
1.0 0.0 0.0 0.0
-174.374 162.551 13.5304
-1.0 -7.0129e-005 -5.41436e-006
255 255 255 255
0.349015 -0.340272
0 0 0 0
1.0 0.0 0.0 0.0
-174.374 163.894 1.72398
-1.0 -7.0129e-005 -5.41436e-006
255 255 255 255
0.349015 -0.365276
0 0 0 0
1.0 0.0 0.0 0.0
-174.373 151.797 1.81656
-1.0 -7.0129e-005 -5.41436e-006
255 255 255 255
0.335487 -0.375735
0 0 0 0
1.0 0.0 0.0 0.0
-174.374 150.13 -2.44593e-005
-1.0 0.00045424 3.3196e-005
255 255 255 255
0.327193 -0.389047
0 0 0 0
1.0 0.0 0.0 0.0
-174.374 149.134 13.6344
-1.0 0.00045424 3.3196e-005
255 255 255 255
0.327193 -0.325287
0 0 0 0
1.0 0.0 0.0 0.0
-174.373 151.797 1.81656
-1.0 0.00045424 3.3196e-005
255 255 255 255
0.335487 -0.375735
0 0 0 0
1.0 0.0 0.0 0.0
-150.395 159.051 1.79362
0.196422 0.974234 0.110844
255 255 255 255
0.390289 -0.365276
0 0 0 0
1.0 0.0 0.0 0.0
-174.374 163.894 1.72398
0.196422 0.974234 0.110844
255 255 255 255
0.349015 -0.365276
0 0 0 0
1.0 0.0 0.0 0.0
-174.374 162.551 13.5304
0.196422 0.974234 0.110844
255 255 255 255
0.349015 -0.340272
0 0 0 0
1.0 0.0 0.0 0.0
-150.029 157.639 13.6575
0.192266 0.97622 0.100138
255 255 255 255
0.390289 -0.340272
0 0 0 0
1.0 0.0 0.0 0.0
-130.632 153.824 13.6114
0.192266 0.97622 0.100138
255 255 255 255
0.440213 -0.340272
0 0 0 0
1.0 0.0 0.0 0.0
-131.144 155.131 1.84979
0.192266 0.97622 0.100138
255 255 255 255
0.438613 -0.365476
0 0 0 0
1.0 0.0 0.0 0.0
-129.174 150.099 -2.44543e-005
0.931089 0.364792 -0.000323964
255 255 255 255
0.452885 -0.346548
0 0 0 0
1.0 0.0 0.0 0.0
-129.733 151.527 -2.46869e-005
0.931089 0.364792 -0.000323964
255 255 255 255
0.452885 -0.389047
0 0 0 0
1.0 0.0 0.0 0.0
-129.733 151.529 1.87927
0.931089 0.364792 -0.000323964
255 255 255 255
0.44546 -0.376535
0 0 0 0
1.0 0.0 0.0 0.0
-130.632 153.824 13.6114
0.931154 0.364625 2.86138e-005
255 255 255 255
0.440213 -0.340272
0 0 0 0
1.0 0.0 0.0 0.0
-128.847 149.266 13.6344
0.931154 0.364625 2.86138e-005
255 255 255 255
0.44726 -0.340272
0 0 0 0
1.0 0.0 0.0 0.0
-129.733 151.529 1.87927
0.931154 0.364625 2.86138e-005
255 255 255 255
0.44546 -0.376535
0 0 0 0
1.0 0.0 0.0 0.0
-151.652 149.235 13.6344
-0.963973 0.232328 0.129536
255 255 255 255
0.377549 -0.325287
0 0 0 0
1.0 0.0 0.0 0.0
-151.638 146.927 17.8802
-0.963973 0.232328 0.129536
255 255 255 255
0.397774 -0.316708
0 0 0 0
1.0 0.0 0.0 0.0
-150.338 152.32 17.8802
-0.963973 0.232328 0.129536
255 255 255 255
0.398594 -0.326602
0 0 0 0
1.0 0.0 0.0 0.0
-150.029 157.639 13.6575
-0.00365427 0.00775066 0.999963
255 255 255 255
0.390289 -0.340272
0 0 0 0
1.0 0.0 0.0 0.0
-174.374 162.551 13.5304
-0.00365427 0.00775066 0.999963
255 255 255 255
0.349015 -0.340272
0 0 0 0
1.0 0.0 0.0 0.0
-174.374 149.134 13.6344
-0.00365427 0.00775066 0.999963
255 255 255 255
0.327193 -0.325287
0 0 0 0
1.0 0.0 0.0 0.0
-135.01 150.715 17.8802
0.14398 0.723809 0.674811
255 255 255 255
0.432132 -0.326602
0 0 0 0
1.0 0.0 0.0 0.0
-130.632 153.824 13.6114
0.14398 0.723809 0.674811
255 255 255 255
0.440213 -0.340272
0 0 0 0
1.0 0.0 0.0 0.0
-150.029 157.639 13.6575
0.14398 0.723809 0.674811
255 255 255 255
0.390289 -0.340272
0 0 0 0
1.0 0.0 0.0 0.0
-128.847 149.266 13.6344
0.588285 0.234275 0.773974
255 255 255 255
0.44726 -0.340272
0 0 0 0
1.0 0.0 0.0 0.0
-130.632 153.824 13.6114
0.588285 0.234275 0.773974
255 255 255 255
0.440213 -0.340272
0 0 0 0
1.0 0.0 0.0 0.0
-135.01 150.715 17.8802
0.588285 0.234275 0.773974
255 255 255 255
0.432132 -0.326602
0 0 0 0
1.0 0.0 0.0 0.0
-135.01 150.715 17.8802
0.0 0.0 1.0
255 255 255 255
0.432132 -0.326602
0 0 0 0
1.0 0.0 0.0 0.0
-150.338 152.32 17.8802
0.0 0.0 1.0
255 255 255 255
0.398594 -0.326602
0 0 0 0
1.0 0.0 0.0 0.0
-151.638 146.927 17.8802
0.0 0.0 1.0
255 255 255 255
0.397774 -0.316708
0 0 0 0
1.0 0.0 0.0 0.0
196.151 155.523 1.72018
0.0 0.0 1.0
255 255 255 255
0.046532 -0.826065
0 0 0 0
1.0 0.0 0.0 0.0
193.755 149.966 1.72018
0.0 0.0 1.0
255 255 255 255
0.046532 -0.804882
0 0 0 0
1.0 0.0 0.0 0.0
208.815 153.405 1.72018
0.0 0.0 1.0
255 255 255 255
0.104088 -0.820215
0 0 0 0
1.0 0.0 0.0 0.0
209.682 149.966 1.72018
0.0 0.0 1.0
255 255 255 255
0.108193 -0.804882
0 0 0 0
1.0 0.0 0.0 0.0
209.651 151.664 1.72018
0.0 0.0 1.0
255 255 255 255
0.114427 -0.813998
0 0 0 0
1.0 0.0 0.0 0.0
210.714 150.13 -2.44593e-005
0.857472 0.0174146 0.514236
255 255 255 255
0.114979 -0.833541
0 0 0 0
1.0 0.0 0.0 0.0
210.683 151.664 -2.47093e-005
0.857472 0.0174146 0.514236
255 255 255 255
0.108183 -0.833541
0 0 0 0
1.0 0.0 0.0 0.0
209.651 151.664 1.72018
0.857472 0.0174146 0.514236
255 255 255 255
0.108183 -0.826065
0 0 0 0
1.0 0.0 0.0 0.0
209.651 151.664 1.72018
0.819103 0.296258 0.491225
255 255 255 255
0.108183 -0.826065
0 0 0 0
1.0 0.0 0.0 0.0
210.683 151.664 -2.47093e-005
0.819103 0.296258 0.491225
255 255 255 255
0.108183 -0.833541
0 0 0 0
1.0 0.0 0.0 0.0
209.847 153.976 -2.50858e-005
0.819103 0.296258 0.491225
255 255 255 255
0.100118 -0.833541
0 0 0 0
1.0 0.0 0.0 0.0
208.815 153.405 1.72018
0.356367 0.801846 0.479631
255 255 255 255
0.100118 -0.826065
0 0 0 0
1.0 0.0 0.0 0.0
209.847 153.976 -2.50858e-005
0.356367 0.801846 0.479631
255 255 255 255
0.100118 -0.833541
0 0 0 0
1.0 0.0 0.0 0.0
206.837 155.313 -2.53037e-005
0.356367 0.801846 0.479631
255 255 255 255
0.088695 -0.833541
0 0 0 0
1.0 0.0 0.0 0.0
205.806 154.743 1.72018
0.0647976 0.934923 0.348884
255 255 255 255
0.088695 -0.826065
0 0 0 0
1.0 0.0 0.0 0.0
206.837 155.313 -2.53037e-005
0.0647976 0.934923 0.348884
255 255 255 255
0.088695 -0.833541
0 0 0 0
1.0 0.0 0.0 0.0
195.58 156.093 -2.54308e-005
0.0647976 0.934923 0.348884
255 255 255 255
0.046532 -0.833541
0 0 0 0
1.0 0.0 0.0 0.0
196.151 155.523 1.72018
-0.851779 0.342301 0.396614
255 255 255 255
0.046532 -0.826065
0 0 0 0
1.0 0.0 0.0 0.0
195.58 156.093 -2.54308e-005
-0.851779 0.342301 0.396614
255 255 255 255
0.046532 -0.833541
0 0 0 0
1.0 0.0 0.0 0.0
193.183 150.13 -2.44593e-005
-0.851779 0.342301 0.396614
255 255 255 255
0.0275978 -0.833541
0 0 0 0
1.0 0.0 0.0 0.0
-189.183 98.7015 25.7888
-0.870436 0.208752 0.44583
255 255 255 255
0.995734 -0.224595
0 0 0 0
1.0 0.0 0.0 0.0
-182.474 126.674 25.7888
-0.870436 0.208752 0.44583
255 255 255 255
0.994916 -0.281877
0 0 0 0
1.0 0.0 0.0 0.0
-192.635 100.83 18.0508
-0.870436 0.208752 0.44583
255 255 255 255
0.977463 -0.231481
0 0 0 0
1.0 0.0 0.0 0.0
-178.043 142.629 25.7888
-0.887523 0.411927 0.206444
255 255 255 255
0.993353 -0.314218
0 0 0 0
1.0 0.0 0.0 0.0
-177.804 149.235 13.6344
-0.887523 0.411927 0.206444
255 255 255 255
0.969579 -0.326416
0 0 0 0
1.0 0.0 0.0 0.0
-183.779 135.345 15.6642
-0.887523 0.411927 0.206444
255 255 255 255
0.973705 -0.297269
0 0 0 0
1.0 0.0 0.0 0.0
-182.474 126.674 25.7888
-0.913538 0.243206 0.326036
255 255 255 255
0.994916 -0.281877
0 0 0 0
1.0 0.0 0.0 0.0
-180.398 134.473 25.7888
-0.913538 0.243206 0.326036
255 255 255 255
0.994266 -0.297923
0 0 0 0
1.0 0.0 0.0 0.0
-183.779 135.345 15.6642
-0.913538 0.243206 0.326036
255 255 255 255
0.973705 -0.297269
0 0 0 0
1.0 0.0 0.0 0.0
138.027 98.7015 14.2548
0.0 -1.0 0.0
255 255 255 255
0.543493 -0.0801967
0 0 0 0
1.0 0.0 0.0 0.0
127.069 98.7015 12.4526
0.0 -1.0 0.0
255 255 255 255
0.543493 -0.0770987
0 0 0 0
1.0 0.0 0.0 0.0
212.876 98.7015 12.4526
0.0 -1.0 0.0
255 255 255 255
0.587253 -0.0770987
0 0 0 0
1.0 0.0 0.0 0.0
138.027 98.7015 14.2548
0.253595 -0.697784 0.669915
255 255 255 255
0.77206 -0.821847
0 0 0 0
1.0 0.0 0.0 0.0
148.447 102.488 14.2548
0.253595 -0.697784 0.669915
255 255 255 255
0.798864 -0.831633
0 0 0 0
1.0 0.0 0.0 0.0
148.447 106.285 18.2097
0.253595 -0.697784 0.669915
255 255 255 255
0.797877 -0.844886
0 0 0 0
1.0 0.0 0.0 0.0
148.447 102.488 14.2548
0.0 0.0 1.0
255 255 255 255
0.87922 -0.833405
0 0 0 0
1.0 0.0 0.0 0.0
138.027 98.7015 14.2548
0.0 0.0 1.0
255 255 255 255
0.87922 -0.821962
0 0 0 0
1.0 0.0 0.0 0.0
214.904 98.7015 14.2548
0.0 0.0 1.0
255 255 255 255
0.959479 -0.821973
0 0 0 0
1.0 0.0 0.0 0.0
148.447 106.285 18.2097
0.00707666 -0.721347 0.692537
255 255 255 255
0.87922 -0.848338
0 0 0 0
1.0 0.0 0.0 0.0
148.447 102.488 14.2548
0.00707666 -0.721347 0.692537
255 255 255 255
0.87922 -0.833405
0 0 0 0
1.0 0.0 0.0 0.0
214.904 103.14 14.2548
0.00707666 -0.721347 0.692537
255 255 255 255
0.959479 -0.83289
0 0 0 0
1.0 0.0 0.0 0.0
148.271 108.954 25.7888
0.0241799 -0.942793 0.332501
255 255 255 255
0.87922 -0.868859
0 0 0 0
1.0 0.0 0.0 0.0
148.447 106.285 18.2097
0.0241799 -0.942793 0.332501
255 255 255 255
0.87922 -0.848338
0 0 0 0
1.0 0.0 0.0 0.0
214.904 107.99 18.2097
0.0241799 -0.942793 0.332501
255 255 255 255
0.959479 -0.848285
0 0 0 0
1.0 0.0 0.0 0.0
127.083 98.7015 25.7888
0.334529 -0.942385 0.0
255 255 255 255
0.73645 -0.846522
0 0 0 0
1.0 0.0 0.0 0.0
127.083 98.7015 18.2097
0.334529 -0.942385 0.0
255 255 255 255
0.74222 -0.827315
0 0 0 0
1.0 0.0 0.0 0.0
148.447 106.285 18.2097
0.334529 -0.942385 0.0
255 255 255 255
0.797877 -0.844886
0 0 0 0
1.0 0.0 0.0 0.0
-178.043 142.629 25.7888
0.0 0.878609 0.477541
255 255 255 255
0.241853 -0.622633
0 0 0 0
1.0 0.0 0.0 0.0
-52.608 142.629 25.7888
0.0 0.87861 0.477541
255 255 255 255
0.451319 -0.622633
0 0 0 0
1.0 0.0 0.0 0.0
-177.804 149.235 13.6344
0.0 0.87861 0.477541
255 255 255 255
0.241853 -0.648141
0 0 0 0
1.0 0.0 0.0 0.0
-52.608 142.629 25.7888
-0.210393 0.911695 0.352912
255 255 255 255
0.451319 -0.622633
0 0 0 0
1.0 0.0 0.0 0.0
-44.3693 144.53 25.7888
-0.210393 0.911695 0.352912
255 255 255 255
0.465077 -0.625808
0 0 0 0
1.0 0.0 0.0 0.0
-44.3693 149.235 13.6344
-0.210393 0.911695 0.352912
255 255 255 255
0.464145 -0.648141
0 0 0 0
1.0 0.0 0.0 0.0
-52.608 142.629 25.7888
0.0 0.0 1.0
255 255 255 255
0.451319 -0.622633
0 0 0 0
1.0 0.0 0.0 0.0
-52.608 133.873 25.7888
0.0 0.0 1.0
255 255 255 255
0.451319 -0.608011
0 0 0 0
1.0 0.0 0.0 0.0
-44.3693 133.662 25.7888
0.0 0.0 1.0
255 255 255 255
0.465077 -0.607658
0 0 0 0
1.0 0.0 0.0 0.0
-111.229 133.873 25.7888
0.0 0.0 1.0
255 255 255 255
0.353427 -0.608011
0 0 0 0
1.0 0.0 0.0 0.0
-52.608 142.629 25.7888
0.0 0.0 1.0
255 255 255 255
0.451319 -0.622633
0 0 0 0
1.0 0.0 0.0 0.0
-178.043 142.629 25.7888
0.0 0.0 1.0
255 255 255 255
0.241853 -0.622633
0 0 0 0
1.0 0.0 0.0 0.0
-180.398 134.473 25.7888
0.0 0.0 1.0
255 255 255 255
0.23792 -0.609012
0 0 0 0
1.0 0.0 0.0 0.0
-114.861 126.706 25.7888
0.0 0.0 1.0
255 255 255 255
0.347362 -0.596042
0 0 0 0
1.0 0.0 0.0 0.0
-182.474 126.674 25.7888
0.0 0.0 1.0
255 255 255 255
0.234453 -0.595989
0 0 0 0
1.0 0.0 0.0 0.0
-189.183 98.7015 25.7888
0.0 0.0 1.0
255 255 255 255
0.223251 -0.549277
0 0 0 0
1.0 0.0 0.0 0.0
-36.8497 126.706 25.7888
0.0 0.0 1.0
255 255 255 255
0.477634 -0.596042
0 0 0 0
1.0 0.0 0.0 0.0
-36.8497 126.706 25.7888
0.0 0.0 1.0
255 255 255 255
0.477634 -0.596042
0 0 0 0
1.0 0.0 0.0 0.0
-31.7784 98.7015 25.7888
0.0 0.0 1.0
255 255 255 255
0.486103 -0.549277
0 0 0 0
1.0 0.0 0.0 0.0
-31.7784 124.96 25.7888
0.0 0.0 1.0
255 255 255 255
0.486103 -0.593126
0 0 0 0
1.0 0.0 0.0 0.0
8.79517 98.7015 25.7888
0.0 0.0 1.0
255 255 255 255
0.553857 -0.549277
0 0 0 0
1.0 0.0 0.0 0.0
214.904 150.13 -2.44593e-005
0.0 0.997852 0.0655152
255 255 255 255
0.897531 -0.670909
0 0 0 0
1.0 0.0 0.0 0.0
148.271 150.13 -2.44593e-005
0.0 0.997852 0.0655152
255 255 255 255
0.785838 -0.670909
0 0 0 0
1.0 0.0 0.0 0.0
148.271 149.235 13.6344
0.0 0.997852 0.0655152
255 255 255 255
0.785838 -0.648141
0 0 0 0
1.0 0.0 0.0 0.0
214.904 149.235 13.6345
-1.47426e-007 0.760912 0.648855
255 255 255 255
0.897531 -0.648141
0 0 0 0
1.0 0.0 0.0 0.0
148.271 149.235 13.6344
-1.47426e-007 0.760912 0.648855
255 255 255 255
0.785838 -0.648141
0 0 0 0
1.0 0.0 0.0 0.0
148.271 138.871 25.7888
-1.47426e-007 0.760912 0.648855
255 255 255 255
0.78677 -0.622607
0 0 0 0
1.0 0.0 0.0 0.0
148.271 150.13 -2.44593e-005
0.0 0.997852 0.0655152
255 255 255 255
0.785838 -0.670909
0 0 0 0
1.0 0.0 0.0 0.0
127.083 150.13 -2.44593e-005
0.0 0.997852 0.0655152
255 255 255 255
0.750456 -0.670909
0 0 0 0
1.0 0.0 0.0 0.0
127.083 149.235 13.6344
0.0 0.997852 0.0655152
255 255 255 255
0.750457 -0.648141
0 0 0 0
1.0 0.0 0.0 0.0
148.271 149.235 13.6344
0.0 0.760912 0.648855
255 255 255 255
0.785838 -0.648141
0 0 0 0
1.0 0.0 0.0 0.0
127.083 149.235 13.6344
0.0 0.760912 0.648855
255 255 255 255
0.750457 -0.648141
0 0 0 0
1.0 0.0 0.0 0.0
127.083 138.871 25.7888
0.0 0.760912 0.648855
255 255 255 255
0.751389 -0.622607
0 0 0 0
1.0 0.0 0.0 0.0
127.083 150.13 -2.44593e-005
0.0 0.997852 0.0655152
255 255 255 255
0.750456 -0.670909
0 0 0 0
1.0 0.0 0.0 0.0
72.7411 150.13 -2.44593e-005
0.0 0.997852 0.0655152
255 255 255 255
0.65971 -0.670909
0 0 0 0
1.0 0.0 0.0 0.0
72.7411 149.235 13.6344
0.0 0.997852 0.0655152
255 255 255 255
0.65971 -0.648141
0 0 0 0
1.0 0.0 0.0 0.0
127.083 149.235 13.6344
0.0 0.760912 0.648855
255 255 255 255
0.750457 -0.648141
0 0 0 0
1.0 0.0 0.0 0.0
72.7411 149.235 13.6344
0.0 0.760912 0.648855
255 255 255 255
0.65971 -0.648141
0 0 0 0
1.0 0.0 0.0 0.0
72.7411 138.871 25.7888
0.0 0.760912 0.648855
255 255 255 255
0.660642 -0.622607
0 0 0 0
1.0 0.0 0.0 0.0
72.7411 150.13 -2.44593e-005
0.0 0.997852 0.0655152
255 255 255 255
0.65971 -0.670909
0 0 0 0
1.0 0.0 0.0 0.0
19.4291 150.13 -2.44593e-005
0.0 0.997852 0.0655152
255 255 255 255
0.570683 -0.670909
0 0 0 0
1.0 0.0 0.0 0.0
19.4291 149.235 13.6344
0.0 0.997852 0.0655152
255 255 255 255
0.570683 -0.648141
0 0 0 0
1.0 0.0 0.0 0.0
72.7411 149.235 13.6344
0.0 0.760912 0.648855
255 255 255 255
0.65971 -0.648141
0 0 0 0
1.0 0.0 0.0 0.0
19.4291 149.235 13.6344
0.0 0.760912 0.648855
255 255 255 255
0.570683 -0.648141
0 0 0 0
1.0 0.0 0.0 0.0
20.3199 138.871 25.7888
0.0 0.760912 0.648855
255 255 255 255
0.573103 -0.622607
0 0 0 0
1.0 0.0 0.0 0.0
72.7411 130.848 25.7888
0.0 0.0 1.0
255 255 255 255
0.660642 -0.602959
0 0 0 0
1.0 0.0 0.0 0.0
18.5806 133.662 25.7888
0.0 0.0 1.0
255 255 255 255
0.570198 -0.607658
0 0 0 0
1.0 0.0 0.0 0.0
8.79517 124.96 25.7888
0.0 0.0 1.0
255 255 255 255
0.553857 -0.593126
0 0 0 0
1.0 0.0 0.0 0.0
127.083 138.871 25.7888
0.0 0.0 1.0
255 255 255 255
0.751389 -0.622607
0 0 0 0
1.0 0.0 0.0 0.0
72.7411 138.871 25.7888
0.0 0.0 1.0
255 255 255 255
0.660642 -0.622607
0 0 0 0
1.0 0.0 0.0 0.0
20.3199 138.871 25.7888
0.0 0.0 1.0
255 255 255 255
0.573103 -0.622607
0 0 0 0
1.0 0.0 0.0 0.0
127.083 123.796 25.7888
0.0 0.0 1.0
255 255 255 255
0.751389 -0.591182
0 0 0 0
1.0 0.0 0.0 0.0
148.271 138.871 25.7888
0.0 0.0 1.0
255 255 255 255
0.78677 -0.622607
0 0 0 0
1.0 0.0 0.0 0.0
127.083 138.871 25.7888
0.0 0.0 1.0
255 255 255 255
0.751389 -0.622607
0 0 0 0
1.0 0.0 0.0 0.0
148.271 108.954 25.7888
0.0 0.0 1.0
255 255 255 255
0.78677 -0.566398
0 0 0 0
1.0 0.0 0.0 0.0
148.271 123.796 25.7888
0.0 0.0 1.0
255 255 255 255
0.78677 -0.591183
0 0 0 0
1.0 0.0 0.0 0.0
214.904 138.871 25.7889
-3.69215e-007 0.0 1.0
255 255 255 255
0.897531 -0.622607
0 0 0 0
1.0 0.0 0.0 0.0
148.271 138.871 25.7888
-3.69215e-007 0.0 1.0
255 255 255 255
0.78677 -0.622607
0 0 0 0
1.0 0.0 0.0 0.0
148.271 123.796 25.7888
-3.69215e-007 0.0 1.0
255 255 255 255
0.78677 -0.591183
0 0 0 0
1.0 0.0 0.0 0.0
214.904 111.538 25.7889
-3.69215e-007 0.0 1.0
255 255 255 255
0.897531 -0.570714
0 0 0 0
1.0 0.0 0.0 0.0
214.904 123.796 25.7889
-3.69215e-007 0.0 1.0
255 255 255 255
0.897531 -0.591183
0 0 0 0
1.0 0.0 0.0 0.0
148.271 123.796 25.7888
-3.69215e-007 0.0 1.0
255 255 255 255
0.78677 -0.591183
0 0 0 0
1.0 0.0 0.0 0.0
217.766 112.987 -10.9097
1.0 0.0 0.0
255 255 255 255
0.599584 -0.14713
0 0 0 0
1.0 0.0 0.0 0.0
217.766 121.9 -17.2163
1.0 0.0 0.0
255 255 255 255
0.615501 -0.168805
0 0 0 0
1.0 0.0 0.0 0.0
217.766 122.359 -15.4867
1.0 0.0 0.0
255 255 255 255
0.610969 -0.169988
0 0 0 0
1.0 0.0 0.0 0.0
217.766 112.987 10.9097
1.0 0.0 0.0
255 255 255 255
0.546205 -0.147125
0 0 0 0
1.0 0.0 0.0 0.0
217.766 114.342 9.81359
1.0 0.0 0.0
255 255 255 255
0.548892 -0.150546
0 0 0 0
1.0 0.0 0.0 0.0
217.766 122.359 15.4866
1.0 0.0 0.0
255 255 255 255
0.534836 -0.169961
0 0 0 0
1.0 0.0 0.0 0.0
217.766 121.9 -17.2163
0.505511 -0.498402 -0.704311
255 255 255 255
0.615501 -0.168805
0 0 0 0
1.0 0.0 0.0 0.0
217.766 112.987 -10.9097
0.505511 -0.498402 -0.704311
255 255 255 255
0.599584 -0.14713
0 0 0 0
1.0 0.0 0.0 0.0
214.904 111.633 -12.0057
0.505511 -0.498402 -0.704311
255 255 255 255
0.605154 -0.140157
0 0 0 0
1.0 0.0 0.0 0.0
217.766 121.9 17.2163
0.505511 -0.498402 0.704311
255 255 255 255
0.530298 -0.168791
0 0 0 0
1.0 0.0 0.0 0.0
214.904 121.44 18.946
0.505511 -0.498402 0.704311
255 255 255 255
0.521996 -0.166507
0 0 0 0
1.0 0.0 0.0 0.0
214.904 111.633 12.0057
0.505511 -0.498402 0.704311
255 255 255 255
0.540642 -0.140157
0 0 0 0
1.0 0.0 0.0 0.0
217.766 132.286 -16.7974
1.0 0.0 0.0
255 255 255 255
0.6141 -0.194305
0 0 0 0
1.0 0.0 0.0 0.0
217.766 132.286 16.7974
1.0 0.0 0.0
255 255 255 255
0.531696 -0.19431
0 0 0 0
1.0 0.0 0.0 0.0
217.766 121.9 17.2163
1.0 0.0 0.0
255 255 255 255
0.530298 -0.168791
0 0 0 0
1.0 0.0 0.0 0.0
214.904 132.87 -18.485
0.512751 0.034599 -0.85784
255 255 255 255
0.622562 -0.197214
0 0 0 0
1.0 0.0 0.0 0.0
217.766 132.286 -16.7974
0.512751 0.034599 -0.85784
255 255 255 255
0.6141 -0.194305
0 0 0 0
1.0 0.0 0.0 0.0
217.766 121.9 -17.2163
0.512751 0.034599 -0.85784
255 255 255 255
0.615501 -0.168805
0 0 0 0
1.0 0.0 0.0 0.0
217.766 121.9 17.2163
0.512751 0.034599 0.85784
255 255 255 255
0.530298 -0.168791
0 0 0 0
1.0 0.0 0.0 0.0
217.766 132.286 16.7974
0.512751 0.034599 0.85784
255 255 255 255
0.531696 -0.19431
0 0 0 0
1.0 0.0 0.0 0.0
214.904 132.87 18.485
0.512751 0.034599 0.85784
255 255 255 255
0.523235 -0.197214
0 0 0 0
1.0 0.0 0.0 0.0
217.766 131.701 -15.1099
1.0 0.0 0.0
255 255 255 255
0.60992 -0.192763
0 0 0 0
1.0 0.0 0.0 0.0
217.766 140.46 -10.2043
1.0 0.0 0.0
255 255 255 255
0.597871 -0.214175
0 0 0 0
1.0 0.0 0.0 0.0
217.766 140.46 10.2042
1.0 0.0 0.0
255 255 255 255
0.54793 -0.21417
0 0 0 0
1.0 0.0 0.0 0.0
217.766 131.701 15.1098
1.0 0.0 0.0
255 255 255 255
0.535874 -0.192773
0 0 0 0
1.0 0.0 0.0 0.0
217.766 132.286 -16.7974
0.506188 0.541447 -0.671274
255 255 255 255
0.6141 -0.194305
0 0 0 0
1.0 0.0 0.0 0.0
214.904 132.87 -18.485
0.506188 0.541447 -0.671274
255 255 255 255
0.622562 -0.197214
0 0 0 0
1.0 0.0 0.0 0.0
214.904 141.865 -11.2295
0.506188 0.541447 -0.671274
255 255 255 255
0.603068 -0.221382
0 0 0 0
1.0 0.0 0.0 0.0
214.904 141.865 11.2294
0.506188 0.541447 0.671274
255 255 255 255
0.542728 -0.221382
0 0 0 0
1.0 0.0 0.0 0.0
214.904 132.87 18.485
0.506188 0.541447 0.671274
255 255 255 255
0.523235 -0.197214
0 0 0 0
1.0 0.0 0.0 0.0
217.766 132.286 16.7974
0.506188 0.541447 0.671274
255 255 255 255
0.531696 -0.19431
0 0 0 0
1.0 0.0 0.0 0.0
217.766 139.054 -9.1791
1.0 0.0 0.0
255 255 255 255
0.595386 -0.21064
0 0 0 0
1.0 0.0 0.0 0.0
217.766 143.5 -2.33791e-005
1.0 0.0 0.0
255 255 255 255
0.572901 -0.221221
0 0 0 0
1.0 0.0 0.0 0.0
217.766 139.054 9.17906
1.0 0.0 0.0
255 255 255 255
0.55042 -0.210632
0 0 0 0
1.0 0.0 0.0 0.0
217.766 140.46 -10.2043
0.496979 0.831642 -0.247756
255 255 255 255
0.597871 -0.214175
0 0 0 0
1.0 0.0 0.0 0.0
214.904 141.865 -11.2295
0.496979 0.831642 -0.247756
255 255 255 255
0.603068 -0.221382
0 0 0 0
1.0 0.0 0.0 0.0
214.904 145.21 -2.36578e-005
0.496979 0.831642 -0.247756
255 255 255 255
0.572898 -0.23037
0 0 0 0
1.0 0.0 0.0 0.0
214.904 145.21 -2.36578e-005
0.496979 0.831642 0.247756
255 255 255 255
0.572898 -0.23037
0 0 0 0
1.0 0.0 0.0 0.0
214.904 141.865 11.2294
0.496979 0.831642 0.247756
255 255 255 255
0.542728 -0.221382
0 0 0 0
1.0 0.0 0.0 0.0
217.766 140.46 10.2042
0.496979 0.831642 0.247756
255 255 255 255
0.54793 -0.21417
0 0 0 0
1.0 0.0 0.0 0.0
217.766 114.342 -9.81363
1.0 0.0 0.0
255 255 255 255
0.59689 -0.150556
0 0 0 0
1.0 0.0 0.0 0.0
217.766 111.154 -1.81093e-005
1.0 0.0 0.0
255 255 255 255
0.572891 -0.143058
0 0 0 0
1.0 0.0 0.0 0.0
217.766 109.443 -1.78306e-005
1.0 0.0 0.0
255 255 255 255
0.572895 -0.138938
0 0 0 0
1.0 0.0 0.0 0.0
217.766 114.342 9.81359
1.0 0.0 0.0
255 255 255 255
0.548892 -0.150546
0 0 0 0
1.0 0.0 0.0 0.0
217.766 112.987 -10.9097
0.494124 -0.826857 -0.268606
255 255 255 255
0.599584 -0.14713
0 0 0 0
1.0 0.0 0.0 0.0
217.766 109.443 -1.78306e-005
0.494124 -0.826857 -0.268606
255 255 255 255
0.572895 -0.138938
0 0 0 0
1.0 0.0 0.0 0.0
214.904 107.733 -1.75519e-005
0.494124 -0.826857 -0.268606
255 255 255 255
0.572898 -0.129679
0 0 0 0
1.0 0.0 0.0 0.0
214.904 107.733 -1.75519e-005
0.494124 -0.826857 0.268606
255 255 255 255
0.572898 -0.129679
0 0 0 0
1.0 0.0 0.0 0.0
217.766 109.443 -1.78306e-005
0.494124 -0.826857 0.268606
255 255 255 255
0.572895 -0.138938
0 0 0 0
1.0 0.0 0.0 0.0
217.766 112.987 10.9097
0.494124 -0.826857 0.268606
255 255 255 255
0.546205 -0.147125
0 0 0 0
1.0 0.0 0.0 0.0
214.904 141.865 -11.2295
1.0 0.0 0.0
255 255 255 255
0.603068 -0.221382
0 0 0 0
1.0 0.0 0.0 0.0
214.904 149.235 -13.6345
1.0 0.0 0.0
255 255 255 255
0.609529 -0.242385
0 0 0 0
1.0 0.0 0.0 0.0
214.904 150.13 -2.44593e-005
1.0 0.0 0.0
255 255 255 255
0.572898 -0.242385
0 0 0 0
1.0 0.0 0.0 0.0
214.904 141.865 11.2294
1.0 0.0 0.0
255 255 255 255
0.542728 -0.221382
0 0 0 0
1.0 0.0 0.0 0.0
214.904 145.21 -2.36578e-005
1.0 0.0 0.0
255 255 255 255
0.572898 -0.23037
0 0 0 0
1.0 0.0 0.0 0.0
214.904 138.871 -25.7889
1.0 0.0 0.0
255 255 255 255
0.642185 -0.213337
0 0 0 0
1.0 0.0 0.0 0.0
214.904 141.865 -11.2295
1.0 0.0 0.0
255 255 255 255
0.603068 -0.221382
0 0 0 0
1.0 0.0 0.0 0.0
214.904 138.871 25.7889
1.0 0.0 0.0
255 255 255 255
0.503611 -0.213337
0 0 0 0
1.0 0.0 0.0 0.0
214.904 132.87 18.485
1.0 0.0 0.0
255 255 255 255
0.523235 -0.197214
0 0 0 0
1.0 0.0 0.0 0.0
214.904 141.865 11.2294
1.0 0.0 0.0
255 255 255 255
0.542728 -0.221382
0 0 0 0
1.0 0.0 0.0 0.0
214.904 132.87 -18.485
1.0 0.0 0.0
255 255 255 255
0.622562 -0.197214
0 0 0 0
1.0 0.0 0.0 0.0
214.904 121.44 -18.946
1.0 0.0 0.0
255 255 255 255
0.6238 -0.166507
0 0 0 0
1.0 0.0 0.0 0.0
214.904 123.796 -25.7889
1.0 0.0 0.0
255 255 255 255
0.642185 -0.172835
0 0 0 0
1.0 0.0 0.0 0.0
214.904 123.796 25.7889
1.0 0.0 0.0
255 255 255 255
0.503611 -0.172835
0 0 0 0
1.0 0.0 0.0 0.0
214.904 121.44 18.946
1.0 0.0 0.0
255 255 255 255
0.521996 -0.166507
0 0 0 0
1.0 0.0 0.0 0.0
214.904 132.87 18.485
1.0 0.0 0.0
255 255 255 255
0.523235 -0.197214
0 0 0 0
1.0 0.0 0.0 0.0
214.904 107.733 -1.75519e-005
1.0 0.0 0.0
255 255 255 255
0.572898 -0.129679
0 0 0 0
1.0 0.0 0.0 0.0
214.904 100.17 -1.63198e-005
1.0 0.0 0.0
255 255 255 255
0.572898 -0.109361
0 0 0 0
1.0 0.0 0.0 0.0
214.904 103.14 -14.2549
1.0 0.0 0.0
255 255 255 255
0.611196 -0.11734
0 0 0 0
1.0 0.0 0.0 0.0
214.904 107.733 -1.75519e-005
1.0 0.0 0.0
255 255 255 255
0.572898 -0.129679
0 0 0 0
1.0 0.0 0.0 0.0
214.904 111.633 12.0057
1.0 0.0 0.0
255 255 255 255
0.540642 -0.140157
0 0 0 0
1.0 0.0 0.0 0.0
214.904 103.14 14.2548
1.0 0.0 0.0
255 255 255 255
0.5346 -0.11734
0 0 0 0
1.0 0.0 0.0 0.0
215.487 85.0334 -1.38537e-005
1.0 0.0 0.0
255 255 255 255
0.422187 -0.809127
0 0 0 0
1.0 0.0 0.0 0.0
215.487 75.8445 -1.23566e-005
1.0 0.0 0.0
255 255 255 255
0.422187 -0.780943
0 0 0 0
1.0 0.0 0.0 0.0
215.487 78.6683 -6.1227
1.0 0.0 0.0
255 255 255 255
0.440966 -0.789604
0 0 0 0
1.0 0.0 0.0 0.0
215.487 78.6683 6.12267
1.0 0.0 0.0
255 255 255 255
0.403408 -0.789604
0 0 0 0
1.0 0.0 0.0 0.0
215.487 85.0334 -1.38537e-005
1.0 0.0 0.0
255 255 255 255
0.422187 -0.809127
0 0 0 0
1.0 0.0 0.0 0.0
215.487 85.0334 -9.11424
1.0 0.0 0.0
255 255 255 255
0.450142 -0.809127
0 0 0 0
1.0 0.0 0.0 0.0
215.487 91.7276 -5.9851
1.0 0.0 0.0
255 255 255 255
0.440544 -0.829659
0 0 0 0
1.0 0.0 0.0 0.0
215.487 93.548 -1.52409e-005
1.0 0.0 0.0
255 255 255 255
0.422187 -0.835243
0 0 0 0
1.0 0.0 0.0 0.0
215.487 91.7276 5.98507
1.0 0.0 0.0
255 255 255 255
0.40383 -0.829659
0 0 0 0
1.0 0.0 0.0 0.0
212.876 75.8445 -1.23566e-005
0.0 -0.908079 -0.4188
255 255 255 255
0.766256 -0.784526
0 0 0 0
1.0 0.0 0.0 0.0
212.876 78.6683 -6.1227
0.0 -0.908079 -0.4188
255 255 255 255
0.745261 -0.784521
0 0 0 0
1.0 0.0 0.0 0.0
215.487 78.6683 -6.1227
0.0 -0.908079 -0.4188
255 255 255 255
0.74526 -0.792651
0 0 0 0
1.0 0.0 0.0 0.0
212.876 75.8445 -1.23566e-005
0.0 -0.908079 0.4188
255 255 255 255
0.595513 -0.784534
0 0 0 0
1.0 0.0 0.0 0.0
215.487 75.8445 -1.23566e-005
0.0 -0.908079 0.4188
255 255 255 255
0.595513 -0.792661
0 0 0 0
1.0 0.0 0.0 0.0
215.487 78.6683 6.12267
0.0 -0.908079 0.4188
255 255 255 255
0.616499 -0.792661
0 0 0 0
1.0 0.0 0.0 0.0
212.876 85.0334 -9.11424
0.0 0.42346 -0.905915
255 255 255 255
0.72336 -0.784518
0 0 0 0
1.0 0.0 0.0 0.0
212.876 91.7276 -5.9851
0.0 0.42346 -0.905915
255 255 255 255
0.700349 -0.784518
0 0 0 0
1.0 0.0 0.0 0.0
215.487 91.7276 -5.9851
0.0 0.42346 -0.905915
255 255 255 255
0.700351 -0.792649
0 0 0 0
1.0 0.0 0.0 0.0
212.876 85.0334 9.11421
0.0 0.42346 0.905915
255 255 255 255
0.638391 -0.784533
0 0 0 0
1.0 0.0 0.0 0.0
215.487 85.0334 9.11421
0.0 0.42346 0.905915
255 255 255 255
0.638392 -0.792661
0 0 0 0
1.0 0.0 0.0 0.0
215.487 91.7276 5.98507
0.0 0.42346 0.905915
255 255 255 255
0.661395 -0.792657
0 0 0 0
1.0 0.0 0.0 0.0
215.487 91.7276 -5.9851
0.0 0.956726 -0.290989
255 255 255 255
0.700351 -0.792649
0 0 0 0
1.0 0.0 0.0 0.0
212.876 91.7276 -5.9851
0.0 0.956726 -0.290989
255 255 255 255
0.700349 -0.784518
0 0 0 0
1.0 0.0 0.0 0.0
212.876 93.548 -1.52409e-005
0.0 0.956726 -0.290989
255 255 255 255
0.68087 -0.784523
0 0 0 0
1.0 0.0 0.0 0.0
215.487 91.7276 5.98507
0.0 0.956726 0.290989
255 255 255 255
0.661395 -0.792657
0 0 0 0
1.0 0.0 0.0 0.0
215.487 93.548 -1.52409e-005
0.0 0.956726 0.290989
255 255 255 255
0.680872 -0.792653
0 0 0 0
1.0 0.0 0.0 0.0
212.876 93.548 -1.52409e-005
0.0 0.956726 0.290989
255 255 255 255
0.68087 -0.784523
0 0 0 0
1.0 0.0 0.0 0.0
212.876 78.6683 -6.1227
0.0 -0.425353 -0.905028
255 255 255 255
0.745261 -0.784521
0 0 0 0
1.0 0.0 0.0 0.0
212.876 85.0334 -9.11424
0.0 -0.425353 -0.905028
255 255 255 255
0.72336 -0.784518
0 0 0 0
1.0 0.0 0.0 0.0
215.487 85.0334 -9.11424
0.0 -0.425353 -0.905028
255 255 255 255
0.72336 -0.792648
0 0 0 0
1.0 0.0 0.0 0.0
212.876 78.6683 6.12267
0.0 -0.425353 0.905028
255 255 255 255
0.616499 -0.784534
0 0 0 0
1.0 0.0 0.0 0.0
215.487 78.6683 6.12267
0.0 -0.425353 0.905028
255 255 255 255
0.616499 -0.792661
0 0 0 0
1.0 0.0 0.0 0.0
215.487 85.0334 9.11421
0.0 -0.425353 0.905028
255 255 255 255
0.638392 -0.792661
0 0 0 0
1.0 0.0 0.0 0.0
212.876 85.0334 -9.11424
1.0 0.0 0.0
255 255 255 255
0.896516 -0.358536
0 0 0 0
1.0 0.0 0.0 0.0
212.876 78.6683 -6.1227
1.0 0.0 0.0
255 255 255 255
0.88709 -0.338482
0 0 0 0
1.0 0.0 0.0 0.0
212.876 75.0881 -11.0762
1.0 0.0 0.0
255 255 255 255
0.902696 -0.327202
0 0 0 0
1.0 0.0 0.0 0.0
212.876 75.0881 11.0762
1.0 0.0 0.0
255 255 255 255
0.832902 -0.327202
0 0 0 0
1.0 0.0 0.0 0.0
212.876 78.6683 6.12267
1.0 0.0 0.0
255 255 255 255
0.848509 -0.338482
0 0 0 0
1.0 0.0 0.0 0.0
212.876 85.0334 9.11421
1.0 0.0 0.0
255 255 255 255
0.839083 -0.358536
0 0 0 0
1.0 0.0 0.0 0.0
212.876 98.7015 -12.4526
0.0 -1.0 0.0
255 255 255 255
0.587253 -0.0342869
0 0 0 0
1.0 0.0 0.0 0.0
214.904 98.7015 -14.2549
0.0 -1.0 0.0
255 255 255 255
0.589869 -0.0311889
0 0 0 0
1.0 0.0 0.0 0.0
214.904 98.7015 -1.60805e-005
0.0 -1.0 0.0
255 255 255 255
0.589869 -0.0556928
0 0 0 0
1.0 0.0 0.0 0.0
212.876 98.7015 12.4526
0.0 -1.0 0.0
255 255 255 255
0.587253 -0.0770987
0 0 0 0
1.0 0.0 0.0 0.0
212.626 98.7015 -1.60805e-005
0.0 -1.0 0.0
255 255 255 255
0.587253 -0.055693
0 0 0 0
1.0 0.0 0.0 0.0
214.904 98.7015 -1.60805e-005
0.0 -1.0 0.0
255 255 255 255
0.589869 -0.0556928
0 0 0 0
1.0 0.0 0.0 0.0
214.904 98.7015 -1.60805e-005
1.0 0.0 0.0
255 255 255 255
0.572898 -0.105415
0 0 0 0
1.0 0.0 0.0 0.0
214.904 98.7015 -14.2549
1.0 0.0 0.0
255 255 255 255
0.611196 -0.105415
0 0 0 0
1.0 0.0 0.0 0.0
214.904 98.7015 14.2548
1.0 0.0 0.0
255 255 255 255
0.5346 -0.105415
0 0 0 0
1.0 0.0 0.0 0.0
126.999 75.0881 -11.0762
-1.6173e-007 -0.398 -0.917385
255 255 255 255
0.837762 -0.453371
0 0 0 0
1.0 0.0 0.0 0.0
126.999 86.5915 -16.0669
-1.6173e-007 -0.398 -0.917385
255 255 255 255
0.837903 -0.438835
0 0 0 0
1.0 0.0 0.0 0.0
212.876 86.5915 -16.0669
-1.6173e-007 -0.398 -0.917385
255 255 255 255
0.963775 -0.438835
0 0 0 0
1.0 0.0 0.0 0.0
126.999 75.0881 11.0762
0.0 -0.398001 0.917385
255 255 255 255
0.837781 -0.482745
0 0 0 0
1.0 0.0 0.0 0.0
212.876 75.0881 11.0762
0.0 -0.398001 0.917385
255 255 255 255
0.963952 -0.48274
0 0 0 0
1.0 0.0 0.0 0.0
212.876 86.5915 16.0669
0.0 -0.398001 0.917385
255 255 255 255
0.963811 -0.497276
0 0 0 0
1.0 0.0 0.0 0.0
212.876 75.0881 -11.0762
0.0 -0.875316 -0.483551
255 255 255 255
0.963933 -0.453366
0 0 0 0
1.0 0.0 0.0 0.0
212.876 68.9693 -1.12365e-005
0.0 -0.875316 -0.483551
255 255 255 255
0.963993 -0.468052
0 0 0 0
1.0 0.0 0.0 0.0
126.999 68.9693 -1.12365e-005
0.0 -0.875316 -0.483551
255 255 255 255
0.837721 -0.468059
0 0 0 0
1.0 0.0 0.0 0.0
212.876 75.0881 11.0762
0.0 -0.875316 0.483551
255 255 255 255
0.963952 -0.48274
0 0 0 0
1.0 0.0 0.0 0.0
126.999 75.0881 11.0762
0.0 -0.875316 0.483551
255 255 255 255
0.837781 -0.482745
0 0 0 0
1.0 0.0 0.0 0.0
126.999 68.9693 -1.12365e-005
0.0 -0.875316 0.483551
255 255 255 255
0.837721 -0.468059
0 0 0 0
1.0 0.0 0.0 0.0
212.876 75.8445 -1.23566e-005
1.0 0.0 0.0
255 255 255 255
0.867799 -0.329585
0 0 0 0
1.0 0.0 0.0 0.0
212.876 68.9693 -1.12365e-005
1.0 0.0 0.0
255 255 255 255
0.8678 -0.307923
0 0 0 0
1.0 0.0 0.0 0.0
212.876 75.0881 -11.0762
1.0 0.0 0.0
255 255 255 255
0.902696 -0.327202
0 0 0 0
1.0 0.0 0.0 0.0
212.876 75.0881 11.0762
1.0 0.0 0.0
255 255 255 255
0.832902 -0.327202
0 0 0 0
1.0 0.0 0.0 0.0
212.876 86.5915 -16.0669
1.0 0.0 0.0
255 255 255 255
0.91842 -0.363443
0 0 0 0
1.0 0.0 0.0 0.0
212.876 98.7015 -12.4526
1.0 0.0 0.0
255 255 255 255
0.907038 -0.401596
0 0 0 0
1.0 0.0 0.0 0.0
212.876 91.7276 -5.9851
1.0 0.0 0.0
255 255 255 255
0.886657 -0.379627
0 0 0 0
1.0 0.0 0.0 0.0
212.876 91.7276 5.98507
1.0 0.0 0.0
255 255 255 255
0.848942 -0.379627
0 0 0 0
1.0 0.0 0.0 0.0
212.876 98.7015 12.4526
1.0 0.0 0.0
255 255 255 255
0.828561 -0.401596
0 0 0 0
1.0 0.0 0.0 0.0
212.876 86.5915 16.0669
1.0 0.0 0.0
255 255 255 255
0.817179 -0.363443
0 0 0 0
1.0 0.0 0.0 0.0
212.626 98.7015 -1.60805e-005
0.998714 0.0485101 -0.0147544
255 255 255 255
0.8678 -0.401615
0 0 0 0
1.0 0.0 0.0 0.0
212.876 93.548 -1.52409e-005
0.998714 0.0485101 -0.0147544
255 255 255 255
0.867799 -0.385363
0 0 0 0
1.0 0.0 0.0 0.0
212.876 91.7276 -5.9851
0.998714 0.0485101 -0.0147544
255 255 255 255
0.886657 -0.379627
0 0 0 0
1.0 0.0 0.0 0.0
212.626 98.7015 -1.60805e-005
0.999624 0.0186351 -0.0200941
255 255 255 255
0.867799 -0.401615
0 0 0 0
1.0 0.0 0.0 0.0
212.876 98.7015 12.4526
0.999624 0.0186351 -0.0200941
255 255 255 255
0.828561 -0.401596
0 0 0 0
1.0 0.0 0.0 0.0
212.876 91.7276 5.98507
0.999624 0.0186351 -0.0200941
255 255 255 255
0.848942 -0.379627
0 0 0 0
1.0 0.0 0.0 0.0
212.876 86.5915 -16.0669
-1.68931e-007 0.285991 -0.958232
255 255 255 255
0.963775 -0.438835
0 0 0 0
1.0 0.0 0.0 0.0
126.999 86.5915 -16.0669
-1.68931e-007 0.285991 -0.958232
255 255 255 255
0.837903 -0.438835
0 0 0 0
1.0 0.0 0.0 0.0
127.069 98.7015 -12.4526
-1.68931e-007 0.285991 -0.958232
255 255 255 255
0.90089 -0.425075
0 0 0 0
1.0 0.0 0.0 0.0
127.069 98.7015 12.4526
-1.68931e-007 0.285991 0.958232
255 255 255 255
0.900926 -0.511036
0 0 0 0
1.0 0.0 0.0 0.0
126.999 86.5915 16.0668
-1.68931e-007 0.285991 0.958232
255 255 255 255
0.837938 -0.497276
0 0 0 0
1.0 0.0 0.0 0.0
212.876 86.5915 16.0669
-1.68931e-007 0.285991 0.958232
255 255 255 255
0.963811 -0.497276
0 0 0 0
1.0 0.0 0.0 0.0
214.904 107.99 -18.2097
1.0 0.0 0.0
255 255 255 255
0.621822 -0.130369
0 0 0 0
1.0 0.0 0.0 0.0
214.904 111.538 -25.7889
1.0 0.0 0.0
255 255 255 255
0.642185 -0.139903
0 0 0 0
1.0 0.0 0.0 0.0
214.904 121.44 -18.946
1.0 0.0 0.0
255 255 255 255
0.6238 -0.166507
0 0 0 0
1.0 0.0 0.0 0.0
214.904 111.633 -12.0057
1.0 0.0 0.0
255 255 255 255
0.605154 -0.140157
0 0 0 0
1.0 0.0 0.0 0.0
214.904 123.796 -25.7889
1.0 0.0 0.0
255 255 255 255
0.642185 -0.172835
0 0 0 0
1.0 0.0 0.0 0.0
214.904 111.633 12.0057
1.0 0.0 0.0
255 255 255 255
0.540642 -0.140157
0 0 0 0
1.0 0.0 0.0 0.0
214.904 121.44 18.946
1.0 0.0 0.0
255 255 255 255
0.521996 -0.166507
0 0 0 0
1.0 0.0 0.0 0.0
214.904 111.538 25.7889
1.0 0.0 0.0
255 255 255 255
0.503611 -0.139903
0 0 0 0
1.0 0.0 0.0 0.0
214.904 107.99 18.2097
1.0 0.0 0.0
255 255 255 255
0.523974 -0.130369
0 0 0 0
1.0 0.0 0.0 0.0
214.904 123.796 25.7889
1.0 0.0 0.0
255 255 255 255
0.503611 -0.172835
0 0 0 0
1.0 0.0 0.0 0.0
200.807 112.628 -1.83495e-005
0.083018 0.955081 0.284478
255 255 255 255
0.301144 -0.822619
0 0 0 0
1.0 0.0 0.0 0.0
217.766 111.154 -1.81093e-005
0.083018 0.955081 0.284478
255 255 255 255
0.301144 -0.791846
0 0 0 0
1.0 0.0 0.0 0.0
200.807 115.316 -9.02528
0.083018 0.955081 0.284478
255 255 255 255
0.319179 -0.822619
0 0 0 0
1.0 0.0 0.0 0.0
217.766 114.342 9.81359
0.0688424 0.948819 -0.308227
255 255 255 255
0.28311 -0.791846
0 0 0 0
1.0 0.0 0.0 0.0
217.766 111.154 -1.81093e-005
0.0688424 0.948819 -0.308226
255 255 255 255
0.301144 -0.791846
0 0 0 0
1.0 0.0 0.0 0.0
200.807 115.316 9.02524
0.0688424 0.948819 -0.308226
255 255 255 255
0.28311 -0.822619
0 0 0 0
1.0 0.0 0.0 0.0
200.807 140.823 -2.2943e-005
0.0543415 -0.954312 0.293829
255 255 255 255
0.386075 -0.822619
0 0 0 0
1.0 0.0 0.0 0.0
200.807 138.191 -8.54924
0.0543415 -0.954312 0.293829
255 255 255 255
0.369433 -0.822619
0 0 0 0
1.0 0.0 0.0 0.0
217.766 141.789 -2.31003e-005
0.0543415 -0.954312 0.293829
255 255 255 255
0.386075 -0.791846
0 0 0 0
1.0 0.0 0.0 0.0
200.807 140.823 -2.2943e-005
0.0543415 -0.954312 -0.293829
255 255 255 255
0.216214 -0.822619
0 0 0 0
1.0 0.0 0.0 0.0
217.766 141.789 -2.31003e-005
0.0543415 -0.954312 -0.293829
255 255 255 255
0.216214 -0.791846
0 0 0 0
1.0 0.0 0.0 0.0
200.807 138.191 8.54919
0.0543415 -0.954312 -0.293829
255 255 255 255
0.232855 -0.822619
0 0 0 0
1.0 0.0 0.0 0.0
200.807 138.191 -8.54924
0.0609108 -0.634003 0.770928
255 255 255 255
0.369433 -0.822619
0 0 0 0
1.0 0.0 0.0 0.0
200.807 131.372 -14.1572
0.0609108 -0.634003 0.770928
255 255 255 255
0.352912 -0.822619
0 0 0 0
1.0 0.0 0.0 0.0
217.766 139.054 -9.1791
0.0609108 -0.634003 0.770928
255 255 255 255
0.369433 -0.791846
0 0 0 0
1.0 0.0 0.0 0.0
200.807 138.191 8.54919
0.0609108 -0.634003 -0.770928
255 255 255 255
0.232855 -0.822619
0 0 0 0
1.0 0.0 0.0 0.0
217.766 139.054 9.17906
0.0609108 -0.634003 -0.770928
255 255 255 255
0.232855 -0.791846
0 0 0 0
1.0 0.0 0.0 0.0
200.807 131.372 14.1572
0.0609108 -0.634003 -0.770928
255 255 255 255
0.249377 -0.822619
0 0 0 0
1.0 0.0 0.0 0.0
217.766 122.359 -15.4867
0.0568178 -0.0402345 0.997573
255 255 255 255
0.336459 -0.791846
0 0 0 0
1.0 0.0 0.0 0.0
217.766 131.701 -15.1099
0.0568178 -0.0402345 0.997573
255 255 255 255
0.352912 -0.791846
0 0 0 0
1.0 0.0 0.0 0.0
200.807 122.618 -14.5103
0.0568177 -0.0402345 0.997573
255 255 255 255
0.336459 -0.822619
0 0 0 0
1.0 0.0 0.0 0.0
217.766 122.359 15.4866
0.0568178 -0.0402345 -0.997573
255 255 255 255
0.26583 -0.791846
0 0 0 0
1.0 0.0 0.0 0.0
200.807 122.618 14.5103
0.0568178 -0.0402345 -0.997573
255 255 255 255
0.26583 -0.822619
0 0 0 0
1.0 0.0 0.0 0.0
217.766 131.701 15.1098
0.0568178 -0.0402345 -0.997573
255 255 255 255
0.249377 -0.791846
0 0 0 0
1.0 0.0 0.0 0.0
217.766 122.359 -15.4867
0.0557407 0.576745 0.81502
255 255 255 255
0.336459 -0.791846
0 0 0 0
1.0 0.0 0.0 0.0
200.807 122.618 -14.5103
0.0557407 0.576745 0.81502
255 255 255 255
0.336459 -0.822619
0 0 0 0
1.0 0.0 0.0 0.0
217.766 114.342 -9.81363
0.0557407 0.576745 0.81502
255 255 255 255
0.319179 -0.791846
0 0 0 0
1.0 0.0 0.0 0.0
200.807 115.316 9.02524
0.0714915 0.599075 -0.797495
255 255 255 255
0.28311 -0.822619
0 0 0 0
1.0 0.0 0.0 0.0
200.807 122.618 14.5103
0.0714915 0.599075 -0.797495
255 255 255 255
0.26583 -0.822619
0 0 0 0
1.0 0.0 0.0 0.0
217.766 114.342 9.81359
0.0714915 0.599076 -0.797494
255 255 255 255
0.28311 -0.791846
0 0 0 0
1.0 0.0 0.0 0.0
127.069 98.7015 -12.4526
0.0 -1.0 0.0
255 255 255 255
0.48555 -0.0342869
0 0 0 0
1.0 0.0 0.0 0.0
-189.183 98.7015 25.7888
0.0 -1.0 0.0
255 255 255 255
0.281541 -0.100023
0 0 0 0
1.0 0.0 0.0 0.0
-31.7784 98.7015 25.7888
0.0 -1.0 0.0
255 255 255 255
0.297002 -0.100023
0 0 0 0
1.0 0.0 0.0 0.0
19.4291 150.13 -2.44593e-005
0.0 0.997852 -0.0655152
255 255 255 255
0.57217 -0.670909
0 0 0 0
1.0 0.0 0.0 0.0
-44.3693 149.235 -13.6345
0.0 0.997852 -0.0655152
255 255 255 255
0.464145 -0.693678
0 0 0 0
1.0 0.0 0.0 0.0
20.3199 138.871 -25.7889
0.0 0.760913 -0.648854
255 255 255 255
0.572082 -0.71123
0 0 0 0
1.0 0.0 0.0 0.0
-44.3693 138.871 -25.7889
0.0 0.760913 -0.648854
255 255 255 255
0.464056 -0.71123
0 0 0 0
1.0 0.0 0.0 0.0
20.3199 149.235 -13.6345
0.0 0.760913 -0.648854
255 255 255 255
0.57217 -0.693678
0 0 0 0
1.0 0.0 0.0 0.0
20.3199 138.871 -25.7889
0.0 -5.59394e-006 -1.0
255 255 255 255
0.572082 -0.71123
0 0 0 0
1.0 0.0 0.0 0.0
20.3199 134.473 -25.7889
0.0 -5.59394e-006 -1.0
255 255 255 255
0.572082 -0.718574
0 0 0 0
1.0 0.0 0.0 0.0
-44.3693 138.871 -25.7889
0.0 -5.59394e-006 -1.0
255 255 255 255
0.464056 -0.71123
0 0 0 0
1.0 0.0 0.0 0.0
20.3199 134.473 -25.7889
0.0 0.0 -1.0
255 255 255 255
0.572082 -0.718574
0 0 0 0
1.0 0.0 0.0 0.0
-180.398 134.473 -25.7889
0.0 0.0 -1.0
255 255 255 255
0.23792 -0.718574
0 0 0 0
1.0 0.0 0.0 0.0
-173.393 100.83 -7.57978
-0.931005 0.365008 0.0
255 255 255 255
0.941678 -0.735571
0 0 0 0
1.0 0.0 0.0 0.0
-173.393 100.83 -1.64274e-005
-0.931005 0.365008 0.0
255 255 255 255
0.954811 -0.722359
0 0 0 0
1.0 0.0 0.0 0.0
-165.036 122.147 -7.57979
-0.931005 0.365008 0.0
255 255 255 255
0.942067 -0.771107
0 0 0 0
1.0 0.0 0.0 0.0
-165.036 122.147 -7.57979
-0.471595 -0.669755 0.573608
255 255 255 255
0.942067 -0.771107
0 0 0 0
1.0 0.0 0.0 0.0
-162.665 126.969 -2.06859e-005
-0.471595 -0.669755 0.573608
255 255 255 255
0.954811 -0.78629
0 0 0 0
1.0 0.0 0.0 0.0
-183.779 135.345 -7.57979
-0.471595 -0.669755 0.573608
255 255 255 255
0.908369 -0.790662
0 0 0 0
1.0 0.0 0.0 0.0
-183.779 135.345 -7.57979
0.0 0.0 1.0
255 255 255 255
0.908369 -0.790662
0 0 0 0
1.0 0.0 0.0 0.0
-165.036 122.147 -7.57979
0.0 0.0 1.0
255 255 255 255
0.942067 -0.771107
0 0 0 0
1.0 0.0 0.0 0.0
-192.635 100.83 -1.64274e-005
0.0 1.0 0.0
255 255 255 255
0.908369 -0.722359
0 0 0 0
1.0 0.0 0.0 0.0
-173.393 100.83 -1.64274e-005
0.0 1.0 0.0
255 255 255 255
0.954811 -0.722359
0 0 0 0
1.0 0.0 0.0 0.0
-192.635 100.83 -7.57978
0.0 1.0 0.0
255 255 255 255
0.908369 -0.735571
0 0 0 0
1.0 0.0 0.0 0.0
-192.912 98.7015 -1.60805e-005
-0.99167 0.128803 0.0
255 255 255 255
0.941393 -0.225434
0 0 0 0
1.0 0.0 0.0 0.0
-192.635 100.83 -7.57978
-0.99167 0.128803 0.0
255 255 255 255
0.926454 -0.227106
0 0 0 0
1.0 0.0 0.0 0.0
-192.912 98.7015 -18.2097
-0.99167 0.128803 0.0
255 255 255 255
0.904844 -0.222778
0 0 0 0
1.0 0.0 0.0 0.0
-192.912 98.7015 -7.57978
-0.99167 0.128803 0.0
255 255 255 255
0.926454 -0.222778
0 0 0 0
1.0 0.0 0.0 0.0
-192.635 100.83 -18.0509
-0.99167 0.128803 0.0
255 255 255 255
0.905167 -0.227106
0 0 0 0
1.0 0.0 0.0 0.0
-183.779 135.345 -7.57979
-0.968621 0.248543 0.0
255 255 255 255
0.926454 -0.297269
0 0 0 0
1.0 0.0 0.0 0.0
-183.779 135.345 -15.6642
-0.968621 0.248543 0.0
255 255 255 255
0.910019 -0.297269
0 0 0 0
1.0 0.0 0.0 0.0
-192.635 100.83 -7.57978
-0.968621 0.248543 0.0
255 255 255 255
0.926454 -0.227106
0 0 0 0
1.0 0.0 0.0 0.0
-183.779 135.345 -7.57979
-0.929531 0.352142 -0.109399
255 255 255 255
0.926454 -0.297269
0 0 0 0
1.0 0.0 0.0 0.0
-181.907 142.642 -2.32394e-005
-0.929531 0.352142 -0.109399
255 255 255 255
0.941862 -0.312104
0 0 0 0
1.0 0.0 0.0 0.0
-177.804 149.235 -13.6345
-0.929531 0.352142 -0.109399
255 255 255 255
0.914145 -0.326416
0 0 0 0
1.0 0.0 0.0 0.0
-44.3693 149.235 -13.6345
0.0 0.997852 -0.0655152
255 255 255 255
0.464145 -0.693678
0 0 0 0
1.0 0.0 0.0 0.0
-177.804 149.235 -13.6345
0.0 0.997852 -0.0655152
255 255 255 255
0.241853 -0.693678
0 0 0 0
1.0 0.0 0.0 0.0
-44.3693 150.13 -2.44593e-005
0.0 0.997852 -0.0655152
255 255 255 255
0.464145 -0.670909
0 0 0 0
1.0 0.0 0.0 0.0
-129.733 151.529 -1.87932
0.00135856 -0.00765118 0.99997
255 255 255 255
0.617641 -0.251435
0 0 0 0
1.0 0.0 0.0 0.0
-131.144 155.131 -1.84984
0.00135856 -0.00765118 0.99997
255 255 255 255
0.611446 -0.261281
0 0 0 0
1.0 0.0 0.0 0.0
-152.153 151.664 -1.84783
0.00135856 -0.00765118 0.99997
255 255 255 255
0.570114 -0.251435
0 0 0 0
1.0 0.0 0.0 0.0
-152.153 151.664 -1.84783
0.00135893 -0.00765384 0.99997
255 255 255 255
0.570114 -0.251435
0 0 0 0
1.0 0.0 0.0 0.0
-150.395 159.051 -1.79367
0.00135893 -0.00765384 0.99997
255 255 255 255
0.570114 -0.261281
0 0 0 0
1.0 0.0 0.0 0.0
-174.373 151.797 -1.81661
0.00135893 -0.00765384 0.99997
255 255 255 255
0.51088 -0.251435
0 0 0 0
1.0 0.0 0.0 0.0
-152.153 151.664 -1.84783
0.00600931 0.999982 0.000863574
255 255 255 255
0.570114 -0.251435
0 0 0 0
1.0 0.0 0.0 0.0
-174.373 151.797 -1.81661
0.00600931 0.999982 0.000863573
255 255 255 255
0.51088 -0.251435
0 0 0 0
1.0 0.0 0.0 0.0
-152.646 151.665 -2.47094e-005
0.00600931 0.999982 0.000863573
255 255 255 255
0.570114 -0.246303
0 0 0 0
1.0 0.0 0.0 0.0
-129.733 151.529 -1.87932
0.00600915 0.999981 0.000990629
255 255 255 255
0.617641 -0.251435
0 0 0 0
1.0 0.0 0.0 0.0
-152.153 151.664 -1.84783
0.00600915 0.999981 0.000990629
255 255 255 255
0.570114 -0.251435
0 0 0 0
1.0 0.0 0.0 0.0
-129.733 151.527 -2.46869e-005
0.00600915 0.999981 0.000990629
255 255 255 255
0.621961 -0.246303
0 0 0 0
1.0 0.0 0.0 0.0
-174.374 149.161 -13.6345
-1.0 -5.38198e-007 6.92981e-005
255 255 255 255
0.504336 -0.294898
0 0 0 0
1.0 0.0 0.0 0.0
-174.373 151.797 -1.81661
-1.0 -5.38198e-007 6.92981e-005
255 255 255 255
0.51088 -0.251435
0 0 0 0
1.0 0.0 0.0 0.0
-174.374 162.551 -13.5305
-1.0 -5.38198e-007 6.92981e-005
255 255 255 255
0.525588 -0.284821
0 0 0 0
1.0 0.0 0.0 0.0
-174.374 149.161 -13.6345
-1.0 0.00045514 -3.23698e-005
255 255 255 255
0.504336 -0.294898
0 0 0 0
1.0 0.0 0.0 0.0
-174.374 150.13 -2.44593e-005
-1.0 0.00045514 -3.23698e-005
255 255 255 255
0.504336 -0.246303
0 0 0 0
1.0 0.0 0.0 0.0
-174.373 151.797 -1.81661
-1.0 0.00045514 -3.23698e-005
255 255 255 255
0.51088 -0.251435
0 0 0 0
1.0 0.0 0.0 0.0
-174.374 163.894 -1.72403
0.196422 0.974234 -0.110844
255 255 255 255
0.525588 -0.261281
0 0 0 0
1.0 0.0 0.0 0.0
-150.395 159.051 -1.79367
0.196422 0.974234 -0.110844
255 255 255 255
0.570114 -0.261281
0 0 0 0
1.0 0.0 0.0 0.0
-174.374 162.551 -13.5305
0.196422 0.974234 -0.110844
255 255 255 255
0.525588 -0.284821
0 0 0 0
1.0 0.0 0.0 0.0
-130.632 153.824 -13.6114
0.192266 0.97622 -0.100138
255 255 255 255
0.611446 -0.284821
0 0 0 0
1.0 0.0 0.0 0.0
-150.029 157.639 -13.6575
0.192266 0.97622 -0.100138
255 255 255 255
0.570114 -0.284821
0 0 0 0
1.0 0.0 0.0 0.0
-131.144 155.131 -1.84984
0.192266 0.97622 -0.100138
255 255 255 255
0.611446 -0.261281
0 0 0 0
1.0 0.0 0.0 0.0
-128.847 149.266 -13.6345
0.931228 0.364438 1.29942e-005
255 255 255 255
0.617641 -0.284821
0 0 0 0
1.0 0.0 0.0 0.0
-129.733 151.529 -1.87932
0.931228 0.364438 1.29942e-005
255 255 255 255
0.617641 -0.251435
0 0 0 0
1.0 0.0 0.0 0.0
-129.174 150.099 -2.44543e-005
0.931228 0.364438 1.29942e-005
255 255 255 255
0.621961 -0.275743
0 0 0 0
1.0 0.0 0.0 0.0
-128.847 149.266 -13.6345
0.931154 0.364625 -2.86219e-005
255 255 255 255
0.617641 -0.284821
0 0 0 0
1.0 0.0 0.0 0.0
-130.632 153.824 -13.6114
0.931154 0.364625 -2.86219e-005
255 255 255 255
0.611446 -0.284821
0 0 0 0
1.0 0.0 0.0 0.0
-129.733 151.529 -1.87932
0.931154 0.364625 -2.86219e-005
255 255 255 255
0.617641 -0.251435
0 0 0 0
1.0 0.0 0.0 0.0
-151.638 145.412 -17.8803
-0.969155 0.182343 -0.165798
255 255 255 255
0.565692 -0.307005
0 0 0 0
1.0 0.0 0.0 0.0
-151.652 149.197 -13.6345
-0.969155 0.182343 -0.165798
255 255 255 255
0.557266 -0.294898
0 0 0 0
1.0 0.0 0.0 0.0
-150.338 152.32 -17.8803
-0.969155 0.182343 -0.165798
255 255 255 255
0.572264 -0.29769
0 0 0 0
1.0 0.0 0.0 0.0
-151.652 149.197 -13.6345
4.31869e-006 -0.00273023 -0.999996
255 255 255 255
0.557266 -0.294898
0 0 0 0
1.0 0.0 0.0 0.0
-174.374 149.161 -13.6345
4.31869e-006 -0.00273023 -0.999996
255 255 255 255
0.504336 -0.294898
0 0 0 0
1.0 0.0 0.0 0.0
-150.029 157.639 -13.6575
4.31869e-006 -0.00273023 -0.999996
255 255 255 255
0.570114 -0.284821
0 0 0 0
1.0 0.0 0.0 0.0
-150.338 152.32 -17.8803
0.0647198 0.618128 -0.783409
255 255 255 255
0.572264 -0.29769
0 0 0 0
1.0 0.0 0.0 0.0
-150.029 157.639 -13.6575
0.0647198 0.618128 -0.783409
255 255 255 255
0.570114 -0.284821
0 0 0 0
1.0 0.0 0.0 0.0
-135.01 150.715 -17.8803
0.0647198 0.618128 -0.783409
255 255 255 255
0.603838 -0.29769
0 0 0 0
1.0 0.0 0.0 0.0
-130.632 153.824 -13.6114
0.588285 0.234275 -0.773974
255 255 255 255
0.611446 -0.284821
0 0 0 0
1.0 0.0 0.0 0.0
-128.847 149.266 -13.6345
0.588285 0.234275 -0.773974
255 255 255 255
0.617641 -0.284821
0 0 0 0
1.0 0.0 0.0 0.0
-135.01 150.715 -17.8803
0.588285 0.234275 -0.773974
255 255 255 255
0.603838 -0.29769
0 0 0 0
1.0 0.0 0.0 0.0
-133.858 145.412 -17.8803
0.0 0.0 -1.0
255 255 255 255
0.607675 -0.307005
0 0 0 0
1.0 0.0 0.0 0.0
-135.01 150.715 -17.8803
0.0 0.0 -1.0
255 255 255 255
0.603838 -0.29769
0 0 0 0
1.0 0.0 0.0 0.0
193.755 149.966 -1.72023
0.0 0.0 -1.0
255 255 255 255
0.046532 -0.862201
0 0 0 0
1.0 0.0 0.0 0.0
209.651 151.664 -1.72023
0.0 0.0 -1.0
255 255 255 255
0.114427 -0.854887
0 0 0 0
1.0 0.0 0.0 0.0
209.682 149.966 -1.72023
0.856837 0.0157284 -0.515347
255 255 255 255
0.114835 -0.841017
0 0 0 0
1.0 0.0 0.0 0.0
209.651 151.664 -1.72023
0.856837 0.0157284 -0.515347
255 255 255 255
0.108183 -0.841017
0 0 0 0
1.0 0.0 0.0 0.0
210.714 150.13 -2.44593e-005
0.856837 0.0157284 -0.515347
255 255 255 255
0.114979 -0.833541
0 0 0 0
1.0 0.0 0.0 0.0
208.815 153.405 -1.72023
0.743983 0.357275 -0.564662
255 255 255 255
0.100118 -0.841017
0 0 0 0
1.0 0.0 0.0 0.0
209.847 153.976 -2.50858e-005
0.743983 0.357275 -0.564662
255 255 255 255
0.100118 -0.833541
0 0 0 0
1.0 0.0 0.0 0.0
209.651 151.664 -1.72023
0.743983 0.357275 -0.564662
255 255 255 255
0.108183 -0.841017
0 0 0 0
1.0 0.0 0.0 0.0
205.806 154.743 -1.72023
0.356382 0.801848 -0.479617
255 255 255 255
0.088695 -0.841017
0 0 0 0
1.0 0.0 0.0 0.0
206.837 155.313 -2.53037e-005
0.356382 0.801848 -0.479617
255 255 255 255
0.088695 -0.833541
0 0 0 0
1.0 0.0 0.0 0.0
208.815 153.405 -1.72023
0.356382 0.801848 -0.479617
255 255 255 255
0.100118 -0.841017
0 0 0 0
1.0 0.0 0.0 0.0
196.151 155.523 -1.72023
0.0770749 0.953718 -0.290658
255 255 255 255
0.046532 -0.841017
0 0 0 0
1.0 0.0 0.0 0.0
195.58 156.093 -2.54308e-005
0.0770749 0.953718 -0.290658
255 255 255 255
0.046532 -0.833541
0 0 0 0
1.0 0.0 0.0 0.0
205.806 154.743 -1.72023
0.0770749 0.953718 -0.290658
255 255 255 255
0.088695 -0.841017
0 0 0 0
1.0 0.0 0.0 0.0
193.755 149.966 -1.72023
-0.868591 0.374593 -0.324392
255 255 255 255
0.028056 -0.841017
0 0 0 0
1.0 0.0 0.0 0.0
193.183 150.13 -2.44593e-005
-0.868591 0.374593 -0.324392
255 255 255 255
0.0275978 -0.833541
0 0 0 0
1.0 0.0 0.0 0.0
196.151 155.523 -1.72023
-0.868591 0.374593 -0.324392
255 255 255 255
0.046532 -0.841017
0 0 0 0
1.0 0.0 0.0 0.0
-182.474 123.796 -25.7889
-0.863348 0.230801 -0.448734
255 255 255 255
0.888149 -0.276398
0 0 0 0
1.0 0.0 0.0 0.0
-189.183 98.7015 -25.7889
-0.863348 0.230801 -0.448734
255 255 255 255
0.887979 -0.224597
0 0 0 0
1.0 0.0 0.0 0.0
-192.635 100.83 -18.0509
-0.863348 0.230801 -0.448734
255 255 255 255
0.905167 -0.227106
0 0 0 0
1.0 0.0 0.0 0.0
-177.804 149.235 -13.6345
-0.846522 0.413176 -0.335688
255 255 255 255
0.914145 -0.326416
0 0 0 0
1.0 0.0 0.0 0.0
-178.043 138.871 -25.7889
-0.846522 0.413176 -0.335688
255 255 255 255
0.889469 -0.307727
0 0 0 0
1.0 0.0 0.0 0.0
-183.779 135.345 -15.6642
-0.846522 0.413176 -0.335688
255 255 255 255
0.910019 -0.297269
0 0 0 0
1.0 0.0 0.0 0.0
-180.398 134.473 -25.7889
-0.928152 0.180483 -0.325514
255 255 255 255
0.889405 -0.298044
0 0 0 0
1.0 0.0 0.0 0.0
-182.474 123.796 -25.7889
-0.928152 0.180483 -0.325514
255 255 255 255
0.888149 -0.276398
0 0 0 0
1.0 0.0 0.0 0.0
-183.779 135.345 -15.6642
-0.928152 0.180483 -0.325513
255 255 255 255
0.910019 -0.297269
0 0 0 0
1.0 0.0 0.0 0.0
127.069 98.7015 -12.4526
0.0 -1.0 0.0
255 255 255 255
0.543493 -0.0342869
0 0 0 0
1.0 0.0 0.0 0.0
138.027 98.7015 -14.2549
0.0 -1.0 0.0
255 255 255 255
0.543493 -0.0311889
0 0 0 0
1.0 0.0 0.0 0.0
212.876 98.7015 -12.4526
0.0 -1.0 0.0
255 255 255 255
0.587253 -0.0342869
0 0 0 0
1.0 0.0 0.0 0.0
127.083 98.7015 -18.2097
0.245489 -0.691555 -0.679328
255 255 255 255
0.644074 -0.119653
0 0 0 0
1.0 0.0 0.0 0.0
148.447 106.285 -18.2097
0.245489 -0.691555 -0.679328
255 255 255 255
0.701943 -0.104261
0 0 0 0
1.0 0.0 0.0 0.0
138.027 98.7015 -14.2549
0.245489 -0.691555 -0.679328
255 255 255 255
0.674399 -0.126659
0 0 0 0
1.0 0.0 0.0 0.0
214.904 103.14 -14.2549
0.0 0.0 -1.0
255 255 255 255
0.866836 -0.124149
0 0 0 0
1.0 0.0 0.0 0.0
148.447 102.488 -14.2549
0.0 0.0 -1.0
255 255 255 255
0.782864 -0.119766
0 0 0 0
1.0 0.0 0.0 0.0
214.904 107.99 -18.2097
0.0162071 -0.631929 -0.774857
255 255 255 255
0.867558 -0.108369
0 0 0 0
1.0 0.0 0.0 0.0
214.904 103.14 -14.2549
0.0162071 -0.631929 -0.774857
255 255 255 255
0.866836 -0.124149
0 0 0 0
1.0 0.0 0.0 0.0
148.447 106.285 -18.2097
0.0162071 -0.631929 -0.774857
255 255 255 255
0.783563 -0.10446
0 0 0 0
1.0 0.0 0.0 0.0
214.904 111.538 -25.7889
0.0351056 -0.905094 -0.42376
255 255 255 255
0.868524 -0.0872316
0 0 0 0
1.0 0.0 0.0 0.0
214.904 107.99 -18.2097
0.0351056 -0.905094 -0.42376
255 255 255 255
0.867558 -0.108369
0 0 0 0
1.0 0.0 0.0 0.0
148.271 108.954 -25.7889
0.0351056 -0.905094 -0.42376
255 255 255 255
0.784525 -0.0834262
0 0 0 0
1.0 0.0 0.0 0.0
148.271 108.954 -25.7889
0.413986 -0.855565 -0.310843
255 255 255 255
0.700381 -0.0836583
0 0 0 0
1.0 0.0 0.0 0.0
148.447 106.285 -18.2097
0.413987 -0.855565 -0.310843
255 255 255 255
0.701943 -0.104261
0 0 0 0
1.0 0.0 0.0 0.0
127.083 98.7015 -25.7889
0.413987 -0.855565 -0.310843
255 255 255 255
0.639064 -0.0996955
0 0 0 0
1.0 0.0 0.0 0.0
-178.043 138.871 -25.7889
0.0 0.760913 -0.648854
255 255 255 255
0.241853 -0.71123
0 0 0 0
1.0 0.0 0.0 0.0
-177.804 149.235 -13.6345
0.0 0.760913 -0.648854
255 255 255 255
0.241853 -0.693678
0 0 0 0
1.0 0.0 0.0 0.0
-180.398 134.473 -25.7889
0.0 -5.59394e-006 -1.0
255 255 255 255
0.23792 -0.718574
0 0 0 0
1.0 0.0 0.0 0.0
-178.043 138.871 -25.7889
0.0 -5.59394e-006 -1.0
255 255 255 255
0.241853 -0.71123
0 0 0 0
1.0 0.0 0.0 0.0
214.904 149.235 -13.6345
0.0 0.997852 -0.0655152
255 255 255 255
0.897531 -0.693678
0 0 0 0
1.0 0.0 0.0 0.0
148.271 149.235 -13.6345
0.0 0.997852 -0.0655152
255 255 255 255
0.785838 -0.693678
0 0 0 0
1.0 0.0 0.0 0.0
214.904 150.13 -2.44593e-005
0.0 0.997852 -0.0655152
255 255 255 255
0.897531 -0.670909
0 0 0 0
1.0 0.0 0.0 0.0
214.904 138.871 -25.7889
0.0 0.760912 -0.648855
255 255 255 255
0.897531 -0.71123
0 0 0 0
1.0 0.0 0.0 0.0
148.271 138.871 -25.7889
0.0 0.760912 -0.648855
255 255 255 255
0.785749 -0.71123
0 0 0 0
1.0 0.0 0.0 0.0
214.904 149.235 -13.6345
0.0 0.760912 -0.648855
255 255 255 255
0.897531 -0.693678
0 0 0 0
1.0 0.0 0.0 0.0
148.271 149.235 -13.6345
0.0 0.997852 -0.0655152
255 255 255 255
0.785838 -0.693678
0 0 0 0
1.0 0.0 0.0 0.0
127.083 149.235 -13.6345
0.0 0.997852 -0.0655152
255 255 255 255
0.750457 -0.693678
0 0 0 0
1.0 0.0 0.0 0.0
148.271 150.13 -2.44593e-005
0.0 0.997852 -0.0655152
255 255 255 255
0.785838 -0.670909
0 0 0 0
1.0 0.0 0.0 0.0
148.271 138.871 -25.7889
0.0 0.760913 -0.648854
255 255 255 255
0.785749 -0.71123
0 0 0 0
1.0 0.0 0.0 0.0
127.083 138.871 -25.7889
0.0 0.760913 -0.648854
255 255 255 255
0.750368 -0.71123
0 0 0 0
1.0 0.0 0.0 0.0
148.271 149.235 -13.6345
0.0 0.760913 -0.648854
255 255 255 255
0.785838 -0.693678
0 0 0 0
1.0 0.0 0.0 0.0
127.083 149.235 -13.6345
0.0 0.997852 -0.0655152
255 255 255 255
0.750457 -0.693678
0 0 0 0
1.0 0.0 0.0 0.0
72.7411 149.235 -13.6345
0.0 0.997852 -0.0655152
255 255 255 255
0.65971 -0.693678
0 0 0 0
1.0 0.0 0.0 0.0
127.083 150.13 -2.44593e-005
0.0 0.997852 -0.0655152
255 255 255 255
0.750456 -0.670909
0 0 0 0
1.0 0.0 0.0 0.0
72.7411 138.871 -25.7889
0.0 0.760913 -0.648854
255 255 255 255
0.659621 -0.71123
0 0 0 0
1.0 0.0 0.0 0.0
127.083 149.235 -13.6345
0.0 0.760913 -0.648854
255 255 255 255
0.750457 -0.693678
0 0 0 0
1.0 0.0 0.0 0.0
72.7411 149.235 -13.6345
0.0 0.997852 -0.0655152
255 255 255 255
0.65971 -0.693678
0 0 0 0
1.0 0.0 0.0 0.0
20.3199 149.235 -13.6345
0.0 0.997852 -0.0655152
255 255 255 255
0.57217 -0.693678
0 0 0 0
1.0 0.0 0.0 0.0
72.7411 150.13 -2.44593e-005
0.0 0.997852 -0.0655152
255 255 255 255
0.65971 -0.670909
0 0 0 0
1.0 0.0 0.0 0.0
72.7411 138.871 -25.7889
0.0 0.760913 -0.648854
255 255 255 255
0.659621 -0.71123
0 0 0 0
1.0 0.0 0.0 0.0
20.3199 138.871 -25.7889
0.0 0.760913 -0.648854
255 255 255 255
0.572082 -0.71123
0 0 0 0
1.0 0.0 0.0 0.0
72.7411 149.235 -13.6345
0.0 0.760913 -0.648854
255 255 255 255
0.65971 -0.693678
0 0 0 0
1.0 0.0 0.0 0.0
127.083 123.796 -25.7889
0.0 0.0 -1.0
255 255 255 255
0.750368 -0.736404
0 0 0 0
1.0 0.0 0.0 0.0
72.7411 138.871 -25.7889
0.0 -5.59394e-006 -1.0
255 255 255 255
0.659621 -0.71123
0 0 0 0
1.0 0.0 0.0 0.0
127.083 138.871 -25.7889
0.0 -5.59394e-006 -1.0
255 255 255 255
0.750368 -0.71123
0 0 0 0
1.0 0.0 0.0 0.0
72.7411 134.473 -25.7889
0.0 -5.59394e-006 -1.0
255 255 255 255
0.659621 -0.718574
0 0 0 0
1.0 0.0 0.0 0.0
20.3199 138.871 -25.7889
0.0 -5.59394e-006 -1.0
255 255 255 255
0.572082 -0.71123
0 0 0 0
1.0 0.0 0.0 0.0
72.7411 138.871 -25.7889
0.0 -5.59394e-006 -1.0
255 255 255 255
0.659621 -0.71123
0 0 0 0
1.0 0.0 0.0 0.0
20.3199 134.473 -25.7889
0.0 -5.59394e-006 -1.0
255 255 255 255
0.572082 -0.718574
0 0 0 0
1.0 0.0 0.0 0.0
127.083 123.796 -25.7889
0.0 0.0 -1.0
255 255 255 255
0.750368 -0.736404
0 0 0 0
1.0 0.0 0.0 0.0
148.271 123.796 -25.7889
0.0 -1.63196e-006 -1.0
255 255 255 255
0.785749 -0.736404
0 0 0 0
1.0 0.0 0.0 0.0
127.083 123.796 -25.7889
0.0 -1.63196e-006 -1.0
255 255 255 255
0.750368 -0.736404
0 0 0 0
1.0 0.0 0.0 0.0
148.271 138.871 -25.7889
0.0 -1.63196e-006 -1.0
255 255 255 255
0.785749 -0.71123
0 0 0 0
1.0 0.0 0.0 0.0
148.271 123.796 -25.7889
0.0 0.0 -1.0
255 255 255 255
0.785749 -0.736404
0 0 0 0
1.0 0.0 0.0 0.0
127.083 123.796 -25.7889
0.0 0.0 -1.0
255 255 255 255
0.750368 -0.736404
0 0 0 0
1.0 0.0 0.0 0.0
214.904 123.796 -25.7889
-3.69215e-007 0.0 -1.0
255 255 255 255
0.897531 -0.736404
0 0 0 0
1.0 0.0 0.0 0.0
148.271 123.796 -25.7889
-3.69215e-007 0.0 -1.0
255 255 255 255
0.785749 -0.736404
0 0 0 0
1.0 0.0 0.0 0.0
214.904 138.871 -25.7889
-3.69215e-007 0.0 -1.0
255 255 255 255
0.897531 -0.71123
0 0 0 0
1.0 0.0 0.0 0.0
214.904 123.796 -25.7889
-3.69215e-007 0.0 -1.0
255 255 255 255
0.897531 -0.736404
0 0 0 0
1.0 0.0 0.0 0.0
214.904 111.538 -25.7889
-3.69215e-007 0.0 -1.0
255 255 255 255
0.897531 -0.756873
0 0 0 0
1.0 0.0 0.0 0.0
148.271 123.796 -25.7889
-3.69215e-007 0.0 -1.0
255 255 255 255
0.785749 -0.736404
0 0 0 0
1.0 0.0 0.0 0.0
-52.608 133.873 21.7018
0.0 0.0 1.0
255 255 255 255
0.74761 -0.503224
0 0 0 0
1.0 0.0 0.0 0.0
-52.608 133.873 21.7018
0.0 0.0 1.0
255 255 255 255
0.74761 -0.503224
0 0 0 0
1.0 0.0 0.0 0.0
-36.8497 126.706 25.7888
0.32554 0.945528 0.0
255 255 255 255
0.696419 -0.51905
0 0 0 0
1.0 0.0 0.0 0.0
-31.7784 124.96 25.7888
0.32554 0.945528 0.0
255 255 255 255
0.703177 -0.51905
0 0 0 0
1.0 0.0 0.0 0.0
-36.8497 126.706 20.5134
0.32554 0.945528 0.0
255 255 255 255
0.696419 -0.539621
0 0 0 0
1.0 0.0 0.0 0.0
-114.861 126.706 25.7888
0.0 1.0 0.0
255 255 255 255
0.645812 -0.51905
0 0 0 0
1.0 0.0 0.0 0.0
-111.229 133.873 25.7888
0.892025 -0.451986 0.0
255 255 255 255
0.635638 -0.51905
0 0 0 0
1.0 0.0 0.0 0.0
-114.861 126.706 25.7888
0.892025 -0.451986 0.0
255 255 255 255
0.645812 -0.51905
0 0 0 0
1.0 0.0 0.0 0.0
-111.229 133.873 21.7018
0.892025 -0.451986 0.0
255 255 255 255
0.635638 -0.539621
0 0 0 0
1.0 0.0 0.0 0.0
-52.608 133.873 25.7888
0.0 -1.0 0.0
255 255 255 255
0.596422 -0.51905
0 0 0 0
1.0 0.0 0.0 0.0
-111.229 133.873 25.7888
0.0 -1.0 0.0
255 255 255 255
0.635638 -0.51905
0 0 0 0
1.0 0.0 0.0 0.0
-52.608 133.873 21.7018
0.0 -1.0 0.0
255 255 255 255
0.596422 -0.539621
0 0 0 0
1.0 0.0 0.0 0.0
-44.3693 133.662 25.7888
-0.0256301 -0.999672 0.0
255 255 255 255
0.586034 -0.51905
0 0 0 0
1.0 0.0 0.0 0.0
-52.608 133.873 25.7888
-0.0256301 -0.999672 0.0
255 255 255 255
0.596422 -0.51905
0 0 0 0
1.0 0.0 0.0 0.0
-44.3693 133.662 21.7018
-0.0256301 -0.999672 0.0
255 255 255 255
0.586034 -0.539621
0 0 0 0
1.0 0.0 0.0 0.0
19.4291 150.13 -2.44593e-005
0.0 0.0 1.0
255 255 255 255
0.802927 -0.51905
0 0 0 0
1.0 0.0 0.0 0.0
-44.3693 150.13 -2.44593e-005
0.0 0.0 1.0
255 255 255 255
0.862423 -0.51905
0 0 0 0
1.0 0.0 0.0 0.0
19.4291 143.955 -2.34532e-005
0.0 0.0 1.0
255 255 255 255
0.802927 -0.539621
0 0 0 0
1.0 0.0 0.0 0.0
-44.3693 144.53 25.7888
1.0 0.0 0.0
255 255 255 255
0.895559 -0.519154
0 0 0 0
1.0 0.0 0.0 0.0
-44.3693 136.907 21.7703
1.0 0.0 0.0
255 255 255 255
0.895691 -0.539713
0 0 0 0
1.0 0.0 0.0 0.0
19.9755 136.907 20.5134
-0.997499 -0.0121494 0.0696328
255 255 255 255
0.775857 -0.539621
0 0 0 0
1.0 0.0 0.0 0.0
20.3199 138.871 25.7888
-0.997499 -0.0121494 0.0696328
255 255 255 255
0.775857 -0.51905
0 0 0 0
1.0 0.0 0.0 0.0
19.4291 142.34 13.6344
-0.997499 -0.0121494 0.0696328
255 255 255 255
0.785686 -0.539621
0 0 0 0
1.0 0.0 0.0 0.0
-44.3693 150.13 -2.44593e-005
1.0 0.0 0.0
255 255 255 255
0.862423 -0.51905
0 0 0 0
1.0 0.0 0.0 0.0
-44.3693 143.955 -2.34532e-005
1.0 0.0 0.0
255 255 255 255
0.862423 -0.539621
0 0 0 0
1.0 0.0 0.0 0.0
8.79517 124.96 25.7888
-0.664531 0.74726 0.0
255 255 255 255
0.753672 -0.51905
0 0 0 0
1.0 0.0 0.0 0.0
18.5806 133.662 25.7888
-0.664531 0.74726 0.0
255 255 255 255
0.770172 -0.51905
0 0 0 0
1.0 0.0 0.0 0.0
8.79517 124.96 20.5134
-0.664531 0.74726 0.0
255 255 255 255
0.753672 -0.539621
0 0 0 0
1.0 0.0 0.0 0.0
18.5806 133.662 20.5134
-0.918747 0.394847 0.0
255 255 255 255
0.770172 -0.539621
0 0 0 0
1.0 0.0 0.0 0.0
18.5806 133.662 25.7888
-0.918747 0.394847 0.0
255 255 255 255
0.770172 -0.51905
0 0 0 0
1.0 0.0 0.0 0.0
19.9755 136.907 20.5134
-0.918747 0.394847 0.0
255 255 255 255
0.775857 -0.539621
0 0 0 0
1.0 0.0 0.0 0.0
-31.7784 124.96 25.7888
0.0 1.0 0.0
255 255 255 255
0.703177 -0.51905
0 0 0 0
1.0 0.0 0.0 0.0
-31.7784 124.96 20.5134
0.0 1.0 0.0
255 255 255 255
0.703177 -0.539621
0 0 0 0
1.0 0.0 0.0 0.0
19.4291 142.34 13.6344
-1.0 0.0 0.0
255 255 255 255
0.785686 -0.539621
0 0 0 0
1.0 0.0 0.0 0.0
19.4291 149.235 13.6344
-1.0 0.0 0.0
255 255 255 255
0.785686 -0.51905
0 0 0 0
1.0 0.0 0.0 0.0
19.4291 143.955 -2.34532e-005
-1.0 0.0 0.0
255 255 255 255
0.802927 -0.539621
0 0 0 0
1.0 0.0 0.0 0.0
-173.393 100.83 7.57975
-0.931005 0.365008 0.0
255 255 255 255
0.941678 -0.708618
0 0 0 0
1.0 0.0 0.0 0.0
-165.036 122.147 7.57975
-0.931005 0.365008 0.0
255 255 255 255
0.941924 -0.673791
0 0 0 0
1.0 0.0 0.0 0.0
-173.393 100.83 -1.64274e-005
-0.931005 0.365008 0.0
255 255 255 255
0.954811 -0.722359
0 0 0 0
1.0 0.0 0.0 0.0
-181.907 142.642 -2.32394e-005
-0.468841 -0.575594 -0.669985
255 255 255 255
0.908369 -0.636504
0 0 0 0
1.0 0.0 0.0 0.0
-162.665 126.969 -2.06859e-005
-0.468841 -0.575594 -0.669985
255 255 255 255
0.954811 -0.657543
0 0 0 0
1.0 0.0 0.0 0.0
-183.779 135.345 7.57974
-0.468841 -0.575594 -0.669985
255 255 255 255
0.908369 -0.656875
0 0 0 0
1.0 0.0 0.0 0.0
-173.393 100.83 7.57975
0.0 0.0 -1.0
255 255 255 255
0.941678 -0.708618
0 0 0 0
1.0 0.0 0.0 0.0
-165.036 122.147 7.57975
0.0 0.0 -1.0
255 255 255 255
0.941924 -0.673791
0 0 0 0
1.0 0.0 0.0 0.0
-192.635 100.83 7.57975
0.0 1.0 0.0
255 255 255 255
0.908369 -0.708618
0 0 0 0
1.0 0.0 0.0 0.0
-173.393 100.83 -1.64274e-005
0.0 1.0 0.0
255 255 255 255
0.954811 -0.722359
0 0 0 0
1.0 0.0 0.0 0.0
-192.635 100.83 7.57975
-0.99167 0.128803 0.0
255 255 255 255
0.956177 -0.231481
0 0 0 0
1.0 0.0 0.0 0.0
-192.912 98.7015 -1.60805e-005
-0.99167 0.128803 0.0
255 255 255 255
0.941393 -0.225434
0 0 0 0
1.0 0.0 0.0 0.0
-192.912 98.7015 18.2097
-0.99167 0.128803 0.0
255 255 255 255
0.977786 -0.227153
0 0 0 0
1.0 0.0 0.0 0.0
-192.635 100.83 18.0508
-0.99167 0.128803 0.0
255 255 255 255
0.977463 -0.231481
0 0 0 0
1.0 0.0 0.0 0.0
-192.912 98.7015 7.57975
-0.99167 0.128803 0.0
255 255 255 255
0.956177 -0.227153
0 0 0 0
1.0 0.0 0.0 0.0
-192.635 100.83 18.0508
-0.968621 0.248543 0.0
255 255 255 255
0.977463 -0.231481
0 0 0 0
1.0 0.0 0.0 0.0
-183.779 135.345 15.6642
-0.968621 0.248543 0.0
255 255 255 255
0.973705 -0.297269
0 0 0 0
1.0 0.0 0.0 0.0
-192.635 100.83 7.57975
-0.968621 0.248543 0.0
255 255 255 255
0.956177 -0.231481
0 0 0 0
1.0 0.0 0.0 0.0
-177.804 150.13 -2.44593e-005
-0.876574 0.480233 0.0315303
255 255 255 255
0.941862 -0.326416
0 0 0 0
1.0 0.0 0.0 0.0
-181.907 142.642 -2.32394e-005
-0.876574 0.480233 0.0315303
255 255 255 255
0.941862 -0.312104
0 0 0 0
1.0 0.0 0.0 0.0
-177.804 149.235 13.6344
-0.876574 0.480233 0.0315303
255 255 255 255
0.969579 -0.326416
0 0 0 0
1.0 0.0 0.0 0.0
-44.3693 149.235 13.6344
0.0 0.997852 0.0655152
255 255 255 255
0.464145 -0.648141
0 0 0 0
1.0 0.0 0.0 0.0
-44.3693 150.13 -2.44593e-005
0.0 0.997852 0.0655152
255 255 255 255
0.464145 -0.670909
0 0 0 0
1.0 0.0 0.0 0.0
-177.804 149.235 13.6344
0.0 0.997852 0.0655152
255 255 255 255
0.241853 -0.648141
0 0 0 0
1.0 0.0 0.0 0.0
-150.395 159.051 1.79362
0.001359 -0.00765386 -0.99997
255 255 255 255
0.390289 -0.365276
0 0 0 0
1.0 0.0 0.0 0.0
-131.144 155.131 1.84979
0.001359 -0.00765386 -0.99997
255 255 255 255
0.438613 -0.365476
0 0 0 0
1.0 0.0 0.0 0.0
-152.153 151.664 1.84778
0.001359 -0.00765386 -0.99997
255 255 255 255
0.390289 -0.375735
0 0 0 0
1.0 0.0 0.0 0.0
-174.374 163.894 1.72398
0.00135867 -0.00765298 -0.99997
255 255 255 255
0.349015 -0.365276
0 0 0 0
1.0 0.0 0.0 0.0
-150.395 159.051 1.79362
0.00135867 -0.00765298 -0.99997
255 255 255 255
0.390289 -0.365276
0 0 0 0
1.0 0.0 0.0 0.0
-174.373 151.797 1.81656
0.00135867 -0.00765298 -0.99997
255 255 255 255
0.335487 -0.375735
0 0 0 0
1.0 0.0 0.0 0.0
-152.153 151.664 1.84778
0.00600931 0.999982 -0.000863576
255 255 255 255
0.390289 -0.375735
0 0 0 0
1.0 0.0 0.0 0.0
-152.646 151.665 -2.47094e-005
0.00600931 0.999982 -0.000863576
255 255 255 255
0.390289 -0.389047
0 0 0 0
1.0 0.0 0.0 0.0
-174.373 151.797 1.81656
0.00600931 0.999982 -0.000863576
255 255 255 255
0.335487 -0.375735
0 0 0 0
1.0 0.0 0.0 0.0
-129.733 151.529 1.87927
0.00600915 0.999981 -0.000990628
255 255 255 255
0.44546 -0.376535
0 0 0 0
1.0 0.0 0.0 0.0
-129.733 151.527 -2.46869e-005
0.00600915 0.999981 -0.000990628
255 255 255 255
0.452885 -0.389047
0 0 0 0
1.0 0.0 0.0 0.0
-152.153 151.664 1.84778
0.00600915 0.999981 -0.000990628
255 255 255 255
0.390289 -0.375735
0 0 0 0
1.0 0.0 0.0 0.0
-174.374 149.134 13.6344
-1.0 -5.37133e-007 -6.92991e-005
255 255 255 255
0.327193 -0.325287
0 0 0 0
1.0 0.0 0.0 0.0
-174.374 162.551 13.5304
-1.0 -5.37133e-007 -6.92991e-005
255 255 255 255
0.349015 -0.340272
0 0 0 0
1.0 0.0 0.0 0.0
-174.373 151.797 1.81656
-1.0 -5.37133e-007 -6.92991e-005
255 255 255 255
0.335487 -0.375735
0 0 0 0
1.0 0.0 0.0 0.0
-174.373 151.796 -2.47307e-005
-1.0 0.000490811 -3.64051e-007
255 255 255 255
0.335487 -0.389047
0 0 0 0
1.0 0.0 0.0 0.0
-174.374 150.13 -2.44593e-005
-1.0 0.000490811 -3.64051e-007
255 255 255 255
0.327193 -0.389047
0 0 0 0
1.0 0.0 0.0 0.0
-174.373 151.797 1.81656
-1.0 0.000490811 -3.64051e-007
255 255 255 255
0.335487 -0.375735
0 0 0 0
1.0 0.0 0.0 0.0
-150.029 157.639 13.6575
0.196005 0.974421 0.109936
255 255 255 255
0.390289 -0.340272
0 0 0 0
1.0 0.0 0.0 0.0
-150.395 159.051 1.79362
0.196005 0.974421 0.109936
255 255 255 255
0.390289 -0.365276
0 0 0 0
1.0 0.0 0.0 0.0
-174.374 162.551 13.5304
0.196005 0.974421 0.109936
255 255 255 255
0.349015 -0.340272
0 0 0 0
1.0 0.0 0.0 0.0
-150.395 159.051 1.79362
0.198031 0.974024 0.109826
255 255 255 255
0.390289 -0.365276
0 0 0 0
1.0 0.0 0.0 0.0
-150.029 157.639 13.6575
0.198031 0.974024 0.109826
255 255 255 255
0.390289 -0.340272
0 0 0 0
1.0 0.0 0.0 0.0
-131.144 155.131 1.84979
0.198031 0.974024 0.109826
255 255 255 255
0.438613 -0.365476
0 0 0 0
1.0 0.0 0.0 0.0
-128.847 149.266 13.6344
0.931228 0.364438 -1.29955e-005
255 255 255 255
0.44726 -0.340272
0 0 0 0
1.0 0.0 0.0 0.0
-129.174 150.099 -2.44543e-005
0.931228 0.364438 -1.29955e-005
255 255 255 255
0.452885 -0.346548
0 0 0 0
1.0 0.0 0.0 0.0
-129.733 151.529 1.87927
0.931228 0.364438 -1.29955e-005
255 255 255 255
0.44546 -0.376535
0 0 0 0
1.0 0.0 0.0 0.0
-131.144 155.131 1.84979
0.931122 0.364708 9.80502e-006
255 255 255 255
0.438613 -0.365476
0 0 0 0
1.0 0.0 0.0 0.0
-130.632 153.824 13.6114
0.931122 0.364708 9.80502e-006
255 255 255 255
0.440213 -0.340272
0 0 0 0
1.0 0.0 0.0 0.0
-129.733 151.529 1.87927
0.931122 0.364708 9.80502e-006
255 255 255 255
0.44546 -0.376535
0 0 0 0
1.0 0.0 0.0 0.0
-150.029 157.639 13.6575
-0.968613 0.186671 0.164143
255 255 255 255
0.390289 -0.340272
0 0 0 0
1.0 0.0 0.0 0.0
-151.652 149.235 13.6344
-0.968613 0.186671 0.164143
255 255 255 255
0.377549 -0.325287
0 0 0 0
1.0 0.0 0.0 0.0
-150.338 152.32 17.8802
-0.968613 0.186671 0.164143
255 255 255 255
0.398594 -0.326602
0 0 0 0
1.0 0.0 0.0 0.0
-151.652 149.235 13.6344
1.22255e-005 -0.00274428 0.999996
255 255 255 255
0.377549 -0.325287
0 0 0 0
1.0 0.0 0.0 0.0
-150.029 157.639 13.6575
1.22255e-005 -0.00274428 0.999996
255 255 255 255
0.390289 -0.340272
0 0 0 0
1.0 0.0 0.0 0.0
-174.374 149.134 13.6344
1.22255e-005 -0.00274428 0.999996
255 255 255 255
0.327193 -0.325287
0 0 0 0
1.0 0.0 0.0 0.0
-150.338 152.32 17.8802
0.0647198 0.618128 0.783409
255 255 255 255
0.398594 -0.326602
0 0 0 0
1.0 0.0 0.0 0.0
-135.01 150.715 17.8802
0.0647198 0.618128 0.783409
255 255 255 255
0.432132 -0.326602
0 0 0 0
1.0 0.0 0.0 0.0
-150.029 157.639 13.6575
0.0647198 0.618128 0.783409
255 255 255 255
0.390289 -0.340272
0 0 0 0
1.0 0.0 0.0 0.0
-133.858 146.744 17.8802
0.585857 0.169999 0.792384
255 255 255 255
0.435996 -0.316708
0 0 0 0
1.0 0.0 0.0 0.0
-128.847 149.266 13.6344
0.585857 0.169999 0.792384
255 255 255 255
0.44726 -0.340272
0 0 0 0
1.0 0.0 0.0 0.0
-135.01 150.715 17.8802
0.585857 0.169999 0.792384
255 255 255 255
0.432132 -0.326602
0 0 0 0
1.0 0.0 0.0 0.0
-133.858 146.744 17.8802
0.0 0.0 1.0
255 255 255 255
0.435996 -0.316708
0 0 0 0
1.0 0.0 0.0 0.0
-135.01 150.715 17.8802
0.0 0.0 1.0
255 255 255 255
0.432132 -0.326602
0 0 0 0
1.0 0.0 0.0 0.0
-151.638 146.927 17.8802
0.0 0.0 1.0
255 255 255 255
0.397774 -0.316708
0 0 0 0
1.0 0.0 0.0 0.0
205.806 154.743 1.72018
0.0 0.0 1.0
255 255 255 255
0.088695 -0.826065
0 0 0 0
1.0 0.0 0.0 0.0
193.755 149.966 1.72018
0.0 0.0 1.0
255 255 255 255
0.046532 -0.804882
0 0 0 0
1.0 0.0 0.0 0.0
209.682 149.966 1.72018
0.856837 0.0157284 0.515347
255 255 255 255
0.114835 -0.826065
0 0 0 0
1.0 0.0 0.0 0.0
210.714 150.13 -2.44593e-005
0.856837 0.0157284 0.515347
255 255 255 255
0.114979 -0.833541
0 0 0 0
1.0 0.0 0.0 0.0
209.651 151.664 1.72018
0.856837 0.0157284 0.515347
255 255 255 255
0.108183 -0.826065
0 0 0 0
1.0 0.0 0.0 0.0
208.815 153.405 1.72018
0.743983 0.357275 0.564662
255 255 255 255
0.100118 -0.826065
0 0 0 0
1.0 0.0 0.0 0.0
209.651 151.664 1.72018
0.743983 0.357275 0.564662
255 255 255 255
0.108183 -0.826065
0 0 0 0
1.0 0.0 0.0 0.0
209.847 153.976 -2.50858e-005
0.743983 0.357275 0.564662
255 255 255 255
0.100118 -0.833541
0 0 0 0
1.0 0.0 0.0 0.0
205.806 154.743 1.72018
0.356382 0.801848 0.479617
255 255 255 255
0.088695 -0.826065
0 0 0 0
1.0 0.0 0.0 0.0
208.815 153.405 1.72018
0.356382 0.801848 0.479617
255 255 255 255
0.100118 -0.826065
0 0 0 0
1.0 0.0 0.0 0.0
206.837 155.313 -2.53037e-005
0.356382 0.801848 0.479617
255 255 255 255
0.088695 -0.833541
0 0 0 0
1.0 0.0 0.0 0.0
196.151 155.523 1.72018
0.0770749 0.953718 0.290658
255 255 255 255
0.046532 -0.826065
0 0 0 0
1.0 0.0 0.0 0.0
205.806 154.743 1.72018
0.0770749 0.953718 0.290658
255 255 255 255
0.088695 -0.826065
0 0 0 0
1.0 0.0 0.0 0.0
195.58 156.093 -2.54308e-005
0.0770749 0.953718 0.290658
255 255 255 255
0.046532 -0.833541
0 0 0 0
1.0 0.0 0.0 0.0
193.755 149.966 1.72018
-0.868591 0.374593 0.324392
255 255 255 255
0.0280563 -0.826065
0 0 0 0
1.0 0.0 0.0 0.0
196.151 155.523 1.72018
-0.868591 0.374593 0.324392
255 255 255 255
0.046532 -0.826065
0 0 0 0
1.0 0.0 0.0 0.0
193.183 150.13 -2.44593e-005
-0.868591 0.374593 0.324392
255 255 255 255
0.0275978 -0.833541
0 0 0 0
1.0 0.0 0.0 0.0
-192.912 98.7015 18.2097
-0.887405 0.147838 0.436642
255 255 255 255
0.977786 -0.227153
0 0 0 0
1.0 0.0 0.0 0.0
-189.183 98.7015 25.7888
-0.887405 0.147838 0.436642
255 255 255 255
0.995734 -0.224595
0 0 0 0
1.0 0.0 0.0 0.0
-192.635 100.83 18.0508
-0.887405 0.147838 0.436642
255 255 255 255
0.977463 -0.231481
0 0 0 0
1.0 0.0 0.0 0.0
-180.398 134.473 25.7888
-0.908304 0.262215 0.325925
255 255 255 255
0.994266 -0.297923
0 0 0 0
1.0 0.0 0.0 0.0
-178.043 142.629 25.7888
-0.908304 0.262215 0.325925
255 255 255 255
0.993353 -0.314218
0 0 0 0
1.0 0.0 0.0 0.0
-183.779 135.345 15.6642
-0.908304 0.262215 0.325925
255 255 255 255
0.973705 -0.297269
0 0 0 0
1.0 0.0 0.0 0.0
-192.635 100.83 18.0508
-0.906477 0.255827 0.335935
255 255 255 255
0.977463 -0.231481
0 0 0 0
1.0 0.0 0.0 0.0
-182.474 126.674 25.7888
-0.906477 0.255827 0.335935
255 255 255 255
0.994916 -0.281877
0 0 0 0
1.0 0.0 0.0 0.0
-183.779 135.345 15.6642
-0.906477 0.255827 0.335935
255 255 255 255
0.973705 -0.297269
0 0 0 0
1.0 0.0 0.0 0.0
214.904 98.7015 14.2548
0.0 -1.0 0.0
255 255 255 255
0.589869 -0.0801967
0 0 0 0
1.0 0.0 0.0 0.0
138.027 98.7015 14.2548
0.0 -1.0 0.0
255 255 255 255
0.543493 -0.0801967
0 0 0 0
1.0 0.0 0.0 0.0
212.876 98.7015 12.4526
0.0 -1.0 0.0
255 255 255 255
0.587253 -0.0770987
0 0 0 0
1.0 0.0 0.0 0.0
127.083 98.7015 18.2097
0.245489 -0.691555 0.679328
255 255 255 255
0.74222 -0.827315
0 0 0 0
1.0 0.0 0.0 0.0
138.027 98.7015 14.2548
0.245489 -0.691555 0.679328
255 255 255 255
0.77206 -0.821847
0 0 0 0
1.0 0.0 0.0 0.0
148.447 106.285 18.2097
0.245489 -0.691555 0.679328
255 255 255 255
0.797877 -0.844886
0 0 0 0
1.0 0.0 0.0 0.0
214.904 103.14 14.2548
0.0 0.0 1.0
255 255 255 255
0.959479 -0.83289
0 0 0 0
1.0 0.0 0.0 0.0
148.447 102.488 14.2548
0.0 0.0 1.0
255 255 255 255
0.87922 -0.833405
0 0 0 0
1.0 0.0 0.0 0.0
214.904 107.99 18.2097
0.0162071 -0.631929 0.774857
255 255 255 255
0.959479 -0.848285
0 0 0 0
1.0 0.0 0.0 0.0
148.447 106.285 18.2097
0.0162071 -0.631929 0.774857
255 255 255 255
0.87922 -0.848338
0 0 0 0
1.0 0.0 0.0 0.0
214.904 103.14 14.2548
0.0162071 -0.631929 0.774857
255 255 255 255
0.959479 -0.83289
0 0 0 0
1.0 0.0 0.0 0.0
214.904 111.538 25.7889
0.0351056 -0.905094 0.42376
255 255 255 255
0.959479 -0.868906
0 0 0 0
1.0 0.0 0.0 0.0
148.271 108.954 25.7888
0.0351056 -0.905094 0.42376
255 255 255 255
0.87922 -0.868859
0 0 0 0
1.0 0.0 0.0 0.0
214.904 107.99 18.2097
0.0351056 -0.905094 0.42376
255 255 255 255
0.959479 -0.848285
0 0 0 0
1.0 0.0 0.0 0.0
148.271 108.954 25.7888
0.413986 -0.855565 0.310843
255 255 255 255
0.795436 -0.864876
0 0 0 0
1.0 0.0 0.0 0.0
127.083 98.7015 25.7888
0.413986 -0.855565 0.310843
255 255 255 255
0.73645 -0.846522
0 0 0 0
1.0 0.0 0.0 0.0
148.447 106.285 18.2097
0.413986 -0.855565 0.310843
255 255 255 255
0.797877 -0.844886
0 0 0 0
1.0 0.0 0.0 0.0
-177.804 149.235 13.6344
0.0 0.878609 0.477541
255 255 255 255
0.241853 -0.648141
0 0 0 0
1.0 0.0 0.0 0.0
-52.608 142.629 25.7888
0.0 0.878609 0.477541
255 255 255 255
0.451319 -0.622633
0 0 0 0
1.0 0.0 0.0 0.0
-44.3693 149.235 13.6344
0.0 0.878609 0.477541
255 255 255 255
0.464145 -0.648141
0 0 0 0
1.0 0.0 0.0 0.0
-44.3693 144.53 25.7888
0.0 0.0 1.0
255 255 255 255
0.465077 -0.625808
0 0 0 0
1.0 0.0 0.0 0.0
-52.608 142.629 25.7888
0.0 0.0 1.0
255 255 255 255
0.451319 -0.622633
0 0 0 0
1.0 0.0 0.0 0.0
-178.043 142.629 25.7888
0.0 0.0 1.0
255 255 255 255
0.241853 -0.622633
0 0 0 0
1.0 0.0 0.0 0.0
-52.608 142.629 25.7888
0.0 0.0 1.0
255 255 255 255
0.451319 -0.622633
0 0 0 0
1.0 0.0 0.0 0.0
214.904 149.235 13.6345
0.0 0.997852 0.0655152
255 255 255 255
0.897531 -0.648141
0 0 0 0
1.0 0.0 0.0 0.0
214.904 150.13 -2.44593e-005
0.0 0.997852 0.0655152
255 255 255 255
0.897531 -0.670909
0 0 0 0
1.0 0.0 0.0 0.0
148.271 149.235 13.6344
0.0 0.997852 0.0655152
255 255 255 255
0.785838 -0.648141
0 0 0 0
1.0 0.0 0.0 0.0
214.904 138.871 25.7889
-2.39922e-007 0.760912 0.648855
255 255 255 255
0.897531 -0.622607
0 0 0 0
1.0 0.0 0.0 0.0
214.904 149.235 13.6345
-2.39922e-007 0.760912 0.648855
255 255 255 255
0.897531 -0.648141
0 0 0 0
1.0 0.0 0.0 0.0
148.271 138.871 25.7888
-2.39922e-007 0.760912 0.648855
255 255 255 255
0.78677 -0.622607
0 0 0 0
1.0 0.0 0.0 0.0
148.271 149.235 13.6344
0.0 0.997852 0.0655152
255 255 255 255
0.785838 -0.648141
0 0 0 0
1.0 0.0 0.0 0.0
148.271 150.13 -2.44593e-005
0.0 0.997852 0.0655152
255 255 255 255
0.785838 -0.670909
0 0 0 0
1.0 0.0 0.0 0.0
127.083 149.235 13.6344
0.0 0.997852 0.0655152
255 255 255 255
0.750457 -0.648141
0 0 0 0
1.0 0.0 0.0 0.0
148.271 138.871 25.7888
0.0 0.760912 0.648855
255 255 255 255
0.78677 -0.622607
0 0 0 0
1.0 0.0 0.0 0.0
148.271 149.235 13.6344
0.0 0.760912 0.648855
255 255 255 255
0.785838 -0.648141
0 0 0 0
1.0 0.0 0.0 0.0
127.083 149.235 13.6344
0.0 0.997852 0.0655152
255 255 255 255
0.750457 -0.648141
0 0 0 0
1.0 0.0 0.0 0.0
127.083 150.13 -2.44593e-005
0.0 0.997852 0.0655152
255 255 255 255
0.750456 -0.670909
0 0 0 0
1.0 0.0 0.0 0.0
72.7411 149.235 13.6344
0.0 0.997852 0.0655152
255 255 255 255
0.65971 -0.648141
0 0 0 0
1.0 0.0 0.0 0.0
127.083 138.871 25.7888
0.0 0.760912 0.648855
255 255 255 255
0.751389 -0.622607
0 0 0 0
1.0 0.0 0.0 0.0
127.083 149.235 13.6344
0.0 0.760912 0.648855
255 255 255 255
0.750457 -0.648141
0 0 0 0
1.0 0.0 0.0 0.0
72.7411 138.871 25.7888
0.0 0.760912 0.648855
255 255 255 255
0.660642 -0.622607
0 0 0 0
1.0 0.0 0.0 0.0
72.7411 149.235 13.6344
0.0 0.997852 0.0655152
255 255 255 255
0.65971 -0.648141
0 0 0 0
1.0 0.0 0.0 0.0
72.7411 150.13 -2.44593e-005
0.0 0.997852 0.0655152
255 255 255 255
0.65971 -0.670909
0 0 0 0
1.0 0.0 0.0 0.0
19.4291 149.235 13.6344
0.0 0.997852 0.0655152
255 255 255 255
0.570683 -0.648141
0 0 0 0
1.0 0.0 0.0 0.0
72.7411 138.871 25.7888
0.0 0.760912 0.648855
255 255 255 255
0.660642 -0.622607
0 0 0 0
1.0 0.0 0.0 0.0
72.7411 149.235 13.6344
0.0 0.760912 0.648855
255 255 255 255
0.65971 -0.648141
0 0 0 0
1.0 0.0 0.0 0.0
127.083 138.871 25.7888
0.0 0.0 1.0
255 255 255 255
0.751389 -0.622607
0 0 0 0
1.0 0.0 0.0 0.0
72.7411 138.871 25.7888
0.0 0.0 1.0
255 255 255 255
0.660642 -0.622607
0 0 0 0
1.0 0.0 0.0 0.0
20.3199 138.871 25.7888
0.0 0.0 1.0
255 255 255 255
0.573103 -0.622607
0 0 0 0
1.0 0.0 0.0 0.0
127.083 98.7015 25.7888
0.0 0.0 1.0
255 255 255 255
0.751389 -0.549277
0 0 0 0
1.0 0.0 0.0 0.0
127.083 123.796 25.7888
0.0 0.0 1.0
255 255 255 255
0.751389 -0.591182
0 0 0 0
1.0 0.0 0.0 0.0
148.271 138.871 25.7888
0.0 0.0 1.0
255 255 255 255
0.78677 -0.622607
0 0 0 0
1.0 0.0 0.0 0.0
127.083 123.796 25.7888
0.0 0.0 1.0
255 255 255 255
0.751389 -0.591182
0 0 0 0
1.0 0.0 0.0 0.0
214.904 123.796 25.7889
-3.69215e-007 0.0 1.0
255 255 255 255
0.897531 -0.591183
0 0 0 0
1.0 0.0 0.0 0.0
214.904 138.871 25.7889
-3.69215e-007 0.0 1.0
255 255 255 255
0.897531 -0.622607
0 0 0 0
1.0 0.0 0.0 0.0
148.271 123.796 25.7888
-3.69215e-007 0.0 1.0
255 255 255 255
0.78677 -0.591183
0 0 0 0
1.0 0.0 0.0 0.0
148.271 108.954 25.7888
-3.69215e-007 0.0 1.0
255 255 255 255
0.78677 -0.566398
0 0 0 0
1.0 0.0 0.0 0.0
214.904 111.538 25.7889
-3.69215e-007 0.0 1.0
255 255 255 255
0.897531 -0.570714
0 0 0 0
1.0 0.0 0.0 0.0
148.271 123.796 25.7888
-3.69215e-007 0.0 1.0
255 255 255 255
0.78677 -0.591183
0 0 0 0
1.0 0.0 0.0 0.0
217.766 114.342 -9.81363
1.0 0.0 0.0
255 255 255 255
0.59689 -0.150556
0 0 0 0
1.0 0.0 0.0 0.0
217.766 121.9 17.2163
1.0 0.0 0.0
255 255 255 255
0.530298 -0.168791
0 0 0 0
1.0 0.0 0.0 0.0
214.904 121.44 -18.946
0.505511 -0.498402 -0.704311
255 255 255 255
0.6238 -0.166507
0 0 0 0
1.0 0.0 0.0 0.0
217.766 121.9 -17.2163
0.505511 -0.498402 -0.704311
255 255 255 255
0.615501 -0.168805
0 0 0 0
1.0 0.0 0.0 0.0
214.904 111.633 -12.0057
0.505511 -0.498402 -0.704311
255 255 255 255
0.605154 -0.140157
0 0 0 0
1.0 0.0 0.0 0.0
217.766 112.987 10.9097
0.505511 -0.498402 0.704311
255 255 255 255
0.546205 -0.147125
0 0 0 0
1.0 0.0 0.0 0.0
217.766 121.9 17.2163
0.505511 -0.498402 0.704311
255 255 255 255
0.530298 -0.168791
0 0 0 0
1.0 0.0 0.0 0.0
214.904 111.633 12.0057
0.505511 -0.498402 0.704311
255 255 255 255
0.540642 -0.140157
0 0 0 0
1.0 0.0 0.0 0.0
217.766 122.359 -15.4867
1.0 0.0 0.0
255 255 255 255
0.610969 -0.169988
0 0 0 0
1.0 0.0 0.0 0.0
217.766 122.359 15.4866
1.0 0.0 0.0
255 255 255 255
0.534836 -0.169961
0 0 0 0
1.0 0.0 0.0 0.0
214.904 121.44 -18.946
0.512752 0.0345992 -0.85784
255 255 255 255
0.6238 -0.166507
0 0 0 0
1.0 0.0 0.0 0.0
214.904 132.87 -18.485
0.512752 0.0345992 -0.85784
255 255 255 255
0.622562 -0.197214
0 0 0 0
1.0 0.0 0.0 0.0
217.766 121.9 -17.2163
0.512752 0.0345992 -0.85784
255 255 255 255
0.615501 -0.168805
0 0 0 0
1.0 0.0 0.0 0.0
214.904 121.44 18.946
0.512752 0.0345992 0.85784
255 255 255 255
0.521996 -0.166507
0 0 0 0
1.0 0.0 0.0 0.0
217.766 121.9 17.2163
0.512752 0.0345992 0.85784
255 255 255 255
0.530298 -0.168791
0 0 0 0
1.0 0.0 0.0 0.0
214.904 132.87 18.485
0.512752 0.0345992 0.85784
255 255 255 255
0.523235 -0.197214
0 0 0 0
1.0 0.0 0.0 0.0
217.766 140.46 -10.2043
0.506189 0.541447 -0.671273
255 255 255 255
0.597871 -0.214175
0 0 0 0
1.0 0.0 0.0 0.0
217.766 132.286 -16.7974
0.506189 0.541447 -0.671274
255 255 255 255
0.6141 -0.194305
0 0 0 0
1.0 0.0 0.0 0.0
214.904 141.865 -11.2295
0.506189 0.541447 -0.671274
255 255 255 255
0.603068 -0.221382
0 0 0 0
1.0 0.0 0.0 0.0
217.766 140.46 10.2042
0.506189 0.541447 0.671274
255 255 255 255
0.54793 -0.21417
0 0 0 0
1.0 0.0 0.0 0.0
214.904 141.865 11.2294
0.506189 0.541447 0.671274
255 255 255 255
0.542728 -0.221382
0 0 0 0
1.0 0.0 0.0 0.0
217.766 132.286 16.7974
0.506189 0.541447 0.671274
255 255 255 255
0.531696 -0.19431
0 0 0 0
1.0 0.0 0.0 0.0
217.766 141.789 -2.31003e-005
1.0 0.0 0.0
255 255 255 255
0.572904 -0.217203
0 0 0 0
1.0 0.0 0.0 0.0
217.766 143.5 -2.33791e-005
0.496984 0.83164 -0.247754
255 255 255 255
0.572901 -0.221221
0 0 0 0
1.0 0.0 0.0 0.0
217.766 140.46 -10.2043
0.496984 0.83164 -0.247754
255 255 255 255
0.597871 -0.214175
0 0 0 0
1.0 0.0 0.0 0.0
214.904 145.21 -2.36578e-005
0.496984 0.83164 -0.247754
255 255 255 255
0.572898 -0.23037
0 0 0 0
1.0 0.0 0.0 0.0
217.766 143.5 -2.33791e-005
0.496984 0.83164 0.247754
255 255 255 255
0.572901 -0.221221
0 0 0 0
1.0 0.0 0.0 0.0
214.904 145.21 -2.36578e-005
0.496984 0.83164 0.247754
255 255 255 255
0.572898 -0.23037
0 0 0 0
1.0 0.0 0.0 0.0
217.766 140.46 10.2042
0.496984 0.83164 0.247754
255 255 255 255
0.54793 -0.21417
0 0 0 0
1.0 0.0 0.0 0.0
217.766 109.443 -1.78306e-005
1.0 0.0 0.0
255 255 255 255
0.572895 -0.138938
0 0 0 0
1.0 0.0 0.0 0.0
217.766 109.443 -1.78306e-005
1.0 0.0 0.0
255 255 255 255
0.572895 -0.138938
0 0 0 0
1.0 0.0 0.0 0.0
217.766 114.342 9.81359
1.0 0.0 0.0
255 255 255 255
0.548892 -0.150546
0 0 0 0
1.0 0.0 0.0 0.0
214.904 111.633 -12.0057
0.494123 -0.826857 -0.268607
255 255 255 255
0.605154 -0.140157
0 0 0 0
1.0 0.0 0.0 0.0
217.766 112.987 -10.9097
0.494123 -0.826857 -0.268607
255 255 255 255
0.599584 -0.14713
0 0 0 0
1.0 0.0 0.0 0.0
214.904 107.733 -1.75519e-005
0.494123 -0.826857 -0.268607
255 255 255 255
0.572898 -0.129679
0 0 0 0
1.0 0.0 0.0 0.0
214.904 111.633 12.0057
0.494124 -0.826857 0.268607
255 255 255 255
0.540642 -0.140157
0 0 0 0
1.0 0.0 0.0 0.0
214.904 107.733 -1.75519e-005
0.494124 -0.826857 0.268607
255 255 255 255
0.572898 -0.129679
0 0 0 0
1.0 0.0 0.0 0.0
217.766 112.987 10.9097
0.494124 -0.826857 0.268607
255 255 255 255
0.546205 -0.147125
0 0 0 0
1.0 0.0 0.0 0.0
214.904 145.21 -2.36578e-005
1.0 0.0 0.0
255 255 255 255
0.572898 -0.23037
0 0 0 0
1.0 0.0 0.0 0.0
214.904 141.865 -11.2295
1.0 0.0 0.0
255 255 255 255
0.603068 -0.221382
0 0 0 0
1.0 0.0 0.0 0.0
214.904 149.235 13.6345
1.0 0.0 0.0
255 255 255 255
0.536266 -0.242385
0 0 0 0
1.0 0.0 0.0 0.0
214.904 141.865 11.2294
1.0 0.0 0.0
255 255 255 255
0.542728 -0.221382
0 0 0 0
1.0 0.0 0.0 0.0
214.904 132.87 -18.485
1.0 0.0 0.0
255 255 255 255
0.622562 -0.197214
0 0 0 0
1.0 0.0 0.0 0.0
214.904 141.865 -11.2295
1.0 0.0 0.0
255 255 255 255
0.603068 -0.221382
0 0 0 0
1.0 0.0 0.0 0.0
214.904 141.865 11.2294
1.0 0.0 0.0
255 255 255 255
0.542728 -0.221382
0 0 0 0
1.0 0.0 0.0 0.0
214.904 132.87 -18.485
1.0 0.0 0.0
255 255 255 255
0.622562 -0.197214
0 0 0 0
1.0 0.0 0.0 0.0
214.904 132.87 18.485
1.0 0.0 0.0
255 255 255 255
0.523235 -0.197214
0 0 0 0
1.0 0.0 0.0 0.0
214.904 111.633 -12.0057
1.0 0.0 0.0
255 255 255 255
0.605154 -0.140157
0 0 0 0
1.0 0.0 0.0 0.0
214.904 107.733 -1.75519e-005
1.0 0.0 0.0
255 255 255 255
0.572898 -0.129679
0 0 0 0
1.0 0.0 0.0 0.0
214.904 107.733 -1.75519e-005
1.0 0.0 0.0
255 255 255 255
0.572898 -0.129679
0 0 0 0
1.0 0.0 0.0 0.0
215.487 78.6683 -6.1227
1.0 0.0 0.0
255 255 255 255
0.440966 -0.789604
0 0 0 0
1.0 0.0 0.0 0.0
215.487 85.0334 9.11421
1.0 0.0 0.0
255 255 255 255
0.394232 -0.809127
0 0 0 0
1.0 0.0 0.0 0.0
215.487 78.6683 6.12267
1.0 0.0 0.0
255 255 255 255
0.403408 -0.789604
0 0 0 0
1.0 0.0 0.0 0.0
215.487 91.7276 -5.9851
1.0 0.0 0.0
255 255 255 255
0.440544 -0.829659
0 0 0 0
1.0 0.0 0.0 0.0
215.487 85.0334 -1.38537e-005
1.0 0.0 0.0
255 255 255 255
0.422187 -0.809127
0 0 0 0
1.0 0.0 0.0 0.0
215.487 91.7276 5.98507
1.0 0.0 0.0
255 255 255 255
0.40383 -0.829659
0 0 0 0
1.0 0.0 0.0 0.0
215.487 75.8445 -1.23566e-005
0.0 -0.908079 -0.4188
255 255 255 255
0.766255 -0.792656
0 0 0 0
1.0 0.0 0.0 0.0
212.876 78.6683 6.12267
0.0 -0.908079 0.4188
255 255 255 255
0.616499 -0.784534
0 0 0 0
1.0 0.0 0.0 0.0
212.876 75.8445 -1.23566e-005
0.0 -0.908079 0.4188
255 255 255 255
0.595513 -0.784534
0 0 0 0
1.0 0.0 0.0 0.0
215.487 85.0334 -9.11424
0.0 0.42346 -0.905915
255 255 255 255
0.72336 -0.792648
0 0 0 0
1.0 0.0 0.0 0.0
212.876 85.0334 -9.11424
0.0 0.42346 -0.905915
255 255 255 255
0.72336 -0.784518
0 0 0 0
1.0 0.0 0.0 0.0
215.487 91.7276 -5.9851
0.0 0.42346 -0.905915
255 255 255 255
0.700351 -0.792649
0 0 0 0
1.0 0.0 0.0 0.0
212.876 91.7276 5.98507
0.0 0.42346 0.905915
255 255 255 255
0.661394 -0.784528
0 0 0 0
1.0 0.0 0.0 0.0
212.876 85.0334 9.11421
0.0 0.42346 0.905915
255 255 255 255
0.638391 -0.784533
0 0 0 0
1.0 0.0 0.0 0.0
215.487 91.7276 5.98507
0.0 0.42346 0.905915
255 255 255 255
0.661395 -0.792657
0 0 0 0
1.0 0.0 0.0 0.0
215.487 93.548 -1.52409e-005
0.0 0.956726 -0.290989
255 255 255 255
0.680872 -0.792653
0 0 0 0
1.0 0.0 0.0 0.0
215.487 91.7276 -5.9851
0.0 0.956726 -0.290989
255 255 255 255
0.700351 -0.792649
0 0 0 0
1.0 0.0 0.0 0.0
212.876 93.548 -1.52409e-005
0.0 0.956726 -0.290989
255 255 255 255
0.68087 -0.784523
0 0 0 0
1.0 0.0 0.0 0.0
212.876 91.7276 5.98507
0.0 0.956726 0.290989
255 255 255 255
0.661394 -0.784528
0 0 0 0
1.0 0.0 0.0 0.0
215.487 91.7276 5.98507
0.0 0.956726 0.290989
255 255 255 255
0.661395 -0.792657
0 0 0 0
1.0 0.0 0.0 0.0
212.876 93.548 -1.52409e-005
0.0 0.956726 0.290989
255 255 255 255
0.68087 -0.784523
0 0 0 0
1.0 0.0 0.0 0.0
215.487 78.6683 -6.1227
0.0 -0.425353 -0.905028
255 255 255 255
0.74526 -0.792651
0 0 0 0
1.0 0.0 0.0 0.0
212.876 78.6683 -6.1227
0.0 -0.425353 -0.905028
255 255 255 255
0.745261 -0.784521
0 0 0 0
1.0 0.0 0.0 0.0
215.487 85.0334 -9.11424
0.0 -0.425353 -0.905028
255 255 255 255
0.72336 -0.792648
0 0 0 0
1.0 0.0 0.0 0.0
212.876 85.0334 9.11421
0.0 -0.425353 0.905028
255 255 255 255
0.638391 -0.784533
0 0 0 0
1.0 0.0 0.0 0.0
212.876 78.6683 6.12267
0.0 -0.425353 0.905028
255 255 255 255
0.616499 -0.784534
0 0 0 0
1.0 0.0 0.0 0.0
215.487 85.0334 9.11421
0.0 -0.425353 0.905028
255 255 255 255
0.638392 -0.792661
0 0 0 0
1.0 0.0 0.0 0.0
212.876 86.5915 -16.0669
1.0 0.0 0.0
255 255 255 255
0.91842 -0.363443
0 0 0 0
1.0 0.0 0.0 0.0
212.876 75.0881 -11.0762
1.0 0.0 0.0
255 255 255 255
0.902696 -0.327202
0 0 0 0
1.0 0.0 0.0 0.0
212.876 86.5915 16.0669
1.0 0.0 0.0
255 255 255 255
0.817179 -0.363443
0 0 0 0
1.0 0.0 0.0 0.0
212.876 75.0881 11.0762
1.0 0.0 0.0
255 255 255 255
0.832902 -0.327202
0 0 0 0
1.0 0.0 0.0 0.0
212.626 98.7015 -1.60805e-005
0.0 -1.0 0.0
255 255 255 255
0.587253 -0.055693
0 0 0 0
1.0 0.0 0.0 0.0
212.876 98.7015 -12.4526
0.0 -1.0 0.0
255 255 255 255
0.587253 -0.0342869
0 0 0 0
1.0 0.0 0.0 0.0
214.904 98.7015 -1.60805e-005
0.0 -1.0 0.0
255 255 255 255
0.589869 -0.0556928
0 0 0 0
1.0 0.0 0.0 0.0
214.904 98.7015 14.2548
0.0 -1.0 0.0
255 255 255 255
0.589869 -0.0801967
0 0 0 0
1.0 0.0 0.0 0.0
212.876 98.7015 12.4526
0.0 -1.0 0.0
255 255 255 255
0.587253 -0.0770987
0 0 0 0
1.0 0.0 0.0 0.0
214.904 98.7015 -1.60805e-005
0.0 -1.0 0.0
255 255 255 255
0.589869 -0.0556928
0 0 0 0
1.0 0.0 0.0 0.0
214.904 98.7015 -14.2549
1.0 0.0 0.0
255 255 255 255
0.611196 -0.105415
0 0 0 0
1.0 0.0 0.0 0.0
214.904 98.7015 14.2548
1.0 0.0 0.0
255 255 255 255
0.5346 -0.105415
0 0 0 0
1.0 0.0 0.0 0.0
212.876 75.0881 -11.0762
0.0 -0.398001 -0.917385
255 255 255 255
0.963933 -0.453366
0 0 0 0
1.0 0.0 0.0 0.0
126.999 75.0881 -11.0762
0.0 -0.398001 -0.917385
255 255 255 255
0.837762 -0.453371
0 0 0 0
1.0 0.0 0.0 0.0
212.876 86.5915 -16.0669
0.0 -0.398001 -0.917385
255 255 255 255
0.963775 -0.438835
0 0 0 0
1.0 0.0 0.0 0.0
126.999 86.5915 16.0668
-1.60419e-007 -0.398 0.917385
255 255 255 255
0.837938 -0.497276
0 0 0 0
1.0 0.0 0.0 0.0
126.999 75.0881 11.0762
-1.60419e-007 -0.398 0.917385
255 255 255 255
0.837781 -0.482745
0 0 0 0
1.0 0.0 0.0 0.0
212.876 86.5915 16.0669
-1.60419e-007 -0.398 0.917385
255 255 255 255
0.963811 -0.497276
0 0 0 0
1.0 0.0 0.0 0.0
126.999 75.0881 -11.0762
0.0 -0.875316 -0.483551
255 255 255 255
0.837762 -0.453371
0 0 0 0
1.0 0.0 0.0 0.0
212.876 75.0881 -11.0762
0.0 -0.875316 -0.483551
255 255 255 255
0.963933 -0.453366
0 0 0 0
1.0 0.0 0.0 0.0
126.999 68.9693 -1.12365e-005
0.0 -0.875316 -0.483551
255 255 255 255
0.837721 -0.468059
0 0 0 0
1.0 0.0 0.0 0.0
212.876 68.9693 -1.12365e-005
0.0 -0.875316 0.483551
255 255 255 255
0.963993 -0.468052
0 0 0 0
1.0 0.0 0.0 0.0
212.876 75.0881 11.0762
0.0 -0.875316 0.483551
255 255 255 255
0.963952 -0.48274
0 0 0 0
1.0 0.0 0.0 0.0
126.999 68.9693 -1.12365e-005
0.0 -0.875316 0.483551
255 255 255 255
0.837721 -0.468059
0 0 0 0
1.0 0.0 0.0 0.0
212.876 75.0881 -11.0762
1.0 0.0 0.0
255 255 255 255
0.902696 -0.327202
0 0 0 0
1.0 0.0 0.0 0.0
212.876 68.9693 -1.12365e-005
1.0 0.0 0.0
255 255 255 255
0.867799 -0.307923
0 0 0 0
1.0 0.0 0.0 0.0
212.876 75.0881 11.0762
1.0 0.0 0.0
255 255 255 255
0.832902 -0.327202
0 0 0 0
1.0 0.0 0.0 0.0
212.876 86.5915 -16.0669
1.0 0.0 0.0
255 255 255 255
0.91842 -0.363443
0 0 0 0
1.0 0.0 0.0 0.0
212.876 86.5915 16.0669
1.0 0.0 0.0
255 255 255 255
0.817179 -0.363443
0 0 0 0
1.0 0.0 0.0 0.0
212.876 98.7015 -12.4526
0.999624 0.0186351 0.0200941
255 255 255 255
0.907038 -0.401596
0 0 0 0
1.0 0.0 0.0 0.0
212.626 98.7015 -1.60805e-005
0.999624 0.0186351 0.0200941
255 255 255 255
0.8678 -0.401615
0 0 0 0
1.0 0.0 0.0 0.0
212.876 91.7276 -5.9851
0.999624 0.0186351 0.0200941
255 255 255 255
0.886657 -0.379627
0 0 0 0
1.0 0.0 0.0 0.0
212.876 93.548 -1.52409e-005
0.998714 0.0485101 0.0147544
255 255 255 255
0.867799 -0.385363
0 0 0 0
1.0 0.0 0.0 0.0
212.626 98.7015 -1.60805e-005
0.998714 0.0485101 0.0147544
255 255 255 255
0.867799 -0.401615
0 0 0 0
1.0 0.0 0.0 0.0
212.876 91.7276 5.98507
0.998714 0.0485101 0.0147544
255 255 255 255
0.848942 -0.379627
0 0 0 0
1.0 0.0 0.0 0.0
212.876 98.7015 -12.4526
0.0 0.285992 -0.958232
255 255 255 255
0.963775 -0.425075
0 0 0 0
1.0 0.0 0.0 0.0
212.876 86.5915 -16.0669
0.0 0.285992 -0.958232
255 255 255 255
0.963775 -0.438835
0 0 0 0
1.0 0.0 0.0 0.0
127.069 98.7015 -12.4526
0.0 0.285992 -0.958232
255 255 255 255
0.90089 -0.425075
0 0 0 0
1.0 0.0 0.0 0.0
212.876 98.7015 12.4526
0.0 0.285992 0.958232
255 255 255 255
0.963811 -0.511036
0 0 0 0
1.0 0.0 0.0 0.0
127.069 98.7015 12.4526
0.0 0.285992 0.958232
255 255 255 255
0.900926 -0.511036
0 0 0 0
1.0 0.0 0.0 0.0
212.876 86.5915 16.0669
0.0 0.285992 0.958232
255 255 255 255
0.963811 -0.497276
0 0 0 0
1.0 0.0 0.0 0.0
214.904 111.633 -12.0057
1.0 0.0 0.0
255 255 255 255
0.605154 -0.140157
0 0 0 0
1.0 0.0 0.0 0.0
214.904 111.633 12.0057
1.0 0.0 0.0
255 255 255 255
0.540642 -0.140157
0 0 0 0
1.0 0.0 0.0 0.0
-150.797 100.263 9.99386
-0.00164899 0.00037247 0.999999
255 255 255 255
0.270403 -0.294108
0 0 0 0
1.0 0.0 0.0 0.0
-220.874 -120.195 9.96045
-0.00164899 0.00037247 0.999999
255 255 255 255
0.270403 -0.125208
0 0 0 0
1.0 0.0 0.0 0.0
-156.299 -131.643 10.0712
-0.00164899 0.00037247 0.999999
255 255 255 255
0.351331 -0.125208
0 0 0 0
1.0 0.0 0.0 0.0
-151.675 100.287 -0.228444
-0.950609 0.301716 0.0728732
255 255 255 255
0.2541 -0.294108
0 0 0 0
1.0 0.0 0.0 0.0
-221.613 -120.074 -0.181726
-0.950609 0.301716 0.0728732
255 255 255 255
0.2541 -0.125208
0 0 0 0
1.0 0.0 0.0 0.0
-220.874 -120.195 9.96045
-0.950609 0.301716 0.0728732
255 255 255 255
0.270403 -0.125208
0 0 0 0
1.0 0.0 0.0 0.0
-149.098 -132.929 0.181758
0.768139 -0.245743 0.591246
255 255 255 255
0.372296 -0.125208
0 0 0 0
1.0 0.0 0.0 0.0
-78.6331 87.222 0.13789
0.768139 -0.245743 0.591246
255 255 255 255
0.372162 -0.294108
0 0 0 0
1.0 0.0 0.0 0.0
-85.9774 88.5145 10.2166
0.768139 -0.245743 0.591246
255 255 255 255
0.351331 -0.294108
0 0 0 0
1.0 0.0 0.0 0.0
-145.656 -153.602 13.1464
-0.174973 -0.984573 -1.30233e-006
255 255 255 255
0.79229 -0.0451781
0 0 0 0
1.0 0.0 0.0 0.0
-156.334 -151.704 18.8233
-0.174973 -0.984573 -1.30233e-006
255 255 255 255
0.802108 -0.039439
0 0 0 0
1.0 0.0 0.0 0.0
-156.334 -151.704 1.97276e-005
-0.174973 -0.984573 -1.30233e-006
255 255 255 255
0.800378 -0.0584684
0 0 0 0
1.0 0.0 0.0 0.0
-133.227 -135.765 1.71309e-005
0.809069 -0.143784 0.569854
255 255 255 255
0.994573 -0.331659
0 0 0 0
1.0 0.0 0.0 0.0
-142.203 -134.17 13.1463
0.809069 -0.143784 0.569854
255 255 255 255
0.994573 -0.349442
0 0 0 0
1.0 0.0 0.0 0.0
-145.656 -153.602 13.1464
0.809069 -0.143784 0.569854
255 255 255 255
0.972635 -0.349442
0 0 0 0
1.0 0.0 0.0 0.0
-230.986 -118.392 1.43004e-005
-0.984573 0.174976 0.0
255 255 255 255
0.994573 -0.458253
0 0 0 0
1.0 0.0 0.0 0.0
-234.439 -137.824 1.74662e-005
-0.984573 0.174976 0.0
255 255 255 255
0.972635 -0.458253
0 0 0 0
1.0 0.0 0.0 0.0
-234.439 -137.824 11.9149
-0.984573 0.174976 0.0
255 255 255 255
0.972635 -0.44496
0 0 0 0
1.0 0.0 0.0 0.0
-145.656 -153.602 -13.1463
-0.174974 -0.984573 6.29648e-007
255 255 255 255
0.79229 -0.0717585
0 0 0 0
1.0 0.0 0.0 0.0
-136.68 -155.197 2.02966e-005
-0.174974 -0.984573 6.29648e-007
255 255 255 255
0.783073 -0.0584684
0 0 0 0
1.0 0.0 0.0 0.0
-156.334 -151.704 1.97276e-005
-0.174974 -0.984573 6.29648e-007
255 255 255 255
0.800378 -0.0584684
0 0 0 0
1.0 0.0 0.0 0.0
-224.184 -119.601 18.8233
0.0 0.0 1.0
255 255 255 255
0.994573 -0.430833
0 0 0 0
1.0 0.0 0.0 0.0
-227.637 -139.032 18.8233
0.0 0.0 1.0
255 255 255 255
0.972635 -0.430833
0 0 0 0
1.0 0.0 0.0 0.0
-156.334 -151.704 18.8233
0.0 0.0 1.0
255 255 255 255
0.972635 -0.36354
0 0 0 0
1.0 0.0 0.0 0.0
-221.613 -120.074 -0.181726
-0.174557 -0.984647 0.000921416
255 255 255 255
0.475234 -0.11352
0 0 0 0
1.0 0.0 0.0 0.0
-220.778 -120.231 -10.316
-0.174557 -0.984647 0.000921416
255 255 255 255
0.475234 -0.125208
0 0 0 0
1.0 0.0 0.0 0.0
-156.206 -131.678 -9.77941
-0.174557 -0.984647 0.000921415
255 255 255 255
0.395759 -0.125208
0 0 0 0
1.0 0.0 0.0 0.0
-149.098 -132.929 0.181758
0.773641 -0.247741 -0.583184
255 255 255 255
0.372296 -0.125208
0 0 0 0
1.0 0.0 0.0 0.0
-156.206 -131.678 -9.77941
0.773641 -0.247741 -0.583184
255 255 255 255
0.395759 -0.125208
0 0 0 0
1.0 0.0 0.0 0.0
-85.8823 88.4786 -10.0139
0.773641 -0.247741 -0.583184
255 255 255 255
0.395759 -0.294108
0 0 0 0
1.0 0.0 0.0 0.0
-151.675 100.287 -0.228444
-0.948959 0.301594 -0.0922901
255 255 255 255
0.497644 -0.294108
0 0 0 0
1.0 0.0 0.0 0.0
-150.701 100.227 -10.4419
-0.948959 0.301594 -0.0922901
255 255 255 255
0.475234 -0.294108
0 0 0 0
1.0 0.0 0.0 0.0
-220.778 -120.231 -10.316
-0.948959 0.301594 -0.0922901
255 255 255 255
0.475234 -0.125208
0 0 0 0
1.0 0.0 0.0 0.0
-150.701 100.227 -10.4419
0.00605857 -0.00300024 -0.999977
255 255 255 255
0.475234 -0.294108
0 0 0 0
1.0 0.0 0.0 0.0
-85.8823 88.4786 -10.0139
0.00605857 -0.00300024 -0.999977
255 255 255 255
0.395759 -0.294108
0 0 0 0
1.0 0.0 0.0 0.0
-156.206 -131.678 -9.77941
0.00605857 -0.00300024 -0.999977
255 255 255 255
0.395759 -0.125208
0 0 0 0
1.0 0.0 0.0 0.0
-224.184 -119.601 -18.8233
0.0 0.0 -1.0
255 255 255 255
0.994573 -0.485673
0 0 0 0
1.0 0.0 0.0 0.0
-152.881 -132.273 -18.8232
0.0 0.0 -1.0
255 255 255 255
0.994573 -0.552966
0 0 0 0
1.0 0.0 0.0 0.0
-156.334 -151.704 -18.8232
0.0 0.0 -1.0
255 255 255 255
0.972636 -0.552966
0 0 0 0
1.0 0.0 0.0 0.0
-234.439 -137.824 -11.9149
-0.984573 0.174976 0.0
255 255 255 255
0.972635 -0.471547
0 0 0 0
1.0 0.0 0.0 0.0
-133.227 -135.765 1.71309e-005
0.809069 -0.143783 -0.569855
255 255 255 255
0.994573 -0.584847
0 0 0 0
1.0 0.0 0.0 0.0
-136.68 -155.197 2.02966e-005
0.809069 -0.143783 -0.569854
255 255 255 255
0.972636 -0.584847
0 0 0 0
1.0 0.0 0.0 0.0
-145.656 -153.602 -13.1463
0.809069 -0.143783 -0.569854
255 255 255 255
0.972636 -0.567064
0 0 0 0
1.0 0.0 0.0 0.0
-152.881 -132.273 -18.8232
0.174973 0.984573 -5.78679e-007
255 255 255 255
0.925966 -0.399634
0 0 0 0
1.0 0.0 0.0 0.0
-230.986 -118.392 1.43004e-005
0.174973 0.984573 -5.78679e-007
255 255 255 255
0.944765 -0.333407
0 0 0 0
1.0 0.0 0.0 0.0
-133.227 -135.765 1.71309e-005
0.174973 0.984573 -5.78679e-007
255 255 255 255
0.944765 -0.418438
0 0 0 0
1.0 0.0 0.0 0.0
-221.613 -120.074 -0.181726
-0.174557 -0.984647 0.000924459
255 255 255 255
0.270403 -0.113569
0 0 0 0
1.0 0.0 0.0 0.0
-149.098 -132.929 0.181758
-0.174557 -0.984647 0.000924459
255 255 255 255
0.351331 -0.113399
0 0 0 0
1.0 0.0 0.0 0.0
-156.299 -131.643 10.0712
-0.174557 -0.984647 0.000924459
255 255 255 255
0.351331 -0.125208
0 0 0 0
1.0 0.0 0.0 0.0
-156.334 -151.704 18.8233
0.456606 -0.0811457 0.88596
255 255 255 255
0.972635 -0.36354
0 0 0 0
1.0 0.0 0.0 0.0
-145.656 -153.602 13.1464
0.456606 -0.0811457 0.88596
255 255 255 255
0.972635 -0.349442
0 0 0 0
1.0 0.0 0.0 0.0
-142.203 -134.17 13.1463
0.456606 -0.0811457 0.88596
255 255 255 255
0.994573 -0.349442
0 0 0 0
1.0 0.0 0.0 0.0
-230.986 -118.392 11.9149
-0.696197 0.123726 0.707108
255 255 255 255
0.994573 -0.44496
0 0 0 0
1.0 0.0 0.0 0.0
-234.439 -137.824 11.9149
-0.696197 0.123726 0.707108
255 255 255 255
0.972635 -0.44496
0 0 0 0
1.0 0.0 0.0 0.0
-227.637 -139.032 18.8233
-0.696197 0.123726 0.707108
255 255 255 255
0.972635 -0.430833
0 0 0 0
1.0 0.0 0.0 0.0
-230.986 -118.392 -11.9149
-0.696198 0.123726 -0.707107
255 255 255 255
0.994573 -0.471547
0 0 0 0
1.0 0.0 0.0 0.0
-224.184 -119.601 -18.8233
-0.696198 0.123726 -0.707107
255 255 255 255
0.994573 -0.485673
0 0 0 0
1.0 0.0 0.0 0.0
-227.637 -139.032 -18.8232
-0.696198 0.123726 -0.707107
255 255 255 255
0.972635 -0.485673
0 0 0 0
1.0 0.0 0.0 0.0
-156.334 -151.704 -18.8232
0.456607 -0.0811457 -0.88596
255 255 255 255
0.972636 -0.552966
0 0 0 0
1.0 0.0 0.0 0.0
-152.881 -132.273 -18.8232
0.456606 -0.0811457 -0.88596
255 255 255 255
0.994573 -0.552966
0 0 0 0
1.0 0.0 0.0 0.0
-142.203 -134.17 -13.1463
0.456606 -0.0811457 -0.88596
255 255 255 255
0.994573 -0.567064
0 0 0 0
1.0 0.0 0.0 0.0
-230.986 -118.392 1.43004e-005
0.174973 0.984573 5.4653e-007
255 255 255 255
0.944765 -0.333407
0 0 0 0
1.0 0.0 0.0 0.0
-152.881 -132.273 18.8233
0.174973 0.984573 5.4653e-007
255 255 255 255
0.963564 -0.399634
0 0 0 0
1.0 0.0 0.0 0.0
-133.227 -135.765 1.71309e-005
0.174973 0.984573 5.4653e-007
255 255 255 255
0.944765 -0.418438
0 0 0 0
1.0 0.0 0.0 0.0
-227.637 -139.032 -18.8232
-0.174974 -0.984573 1.30232e-006
255 255 255 255
0.863308 -0.0774975
0 0 0 0
1.0 0.0 0.0 0.0
-156.334 -151.704 -18.8232
-0.174974 -0.984573 1.30232e-006
255 255 255 255
0.802108 -0.0774975
0 0 0 0
1.0 0.0 0.0 0.0
-156.334 -151.704 1.97276e-005
-0.174974 -0.984573 1.30232e-006
255 255 255 255
0.800378 -0.0584684
0 0 0 0
1.0 0.0 0.0 0.0
-227.637 -139.032 18.8233
-0.174973 -0.984573 0.0
255 255 255 255
0.863307 -0.0394393
0 0 0 0
1.0 0.0 0.0 0.0
-227.637 -139.032 1.76631e-005
-0.174973 -0.984573 0.0
255 255 255 255
0.863157 -0.0584684
0 0 0 0
1.0 0.0 0.0 0.0
-156.334 -151.704 1.97276e-005
-0.174973 -0.984573 0.0
255 255 255 255
0.800378 -0.0584684
0 0 0 0
1.0 0.0 0.0 0.0
-234.439 -137.824 -11.9149
-0.174974 -0.984573 0.0
255 255 255 255
0.869146 -0.0705136
0 0 0 0
1.0 0.0 0.0 0.0
-227.637 -139.032 -18.8232
-0.174974 -0.984573 0.0
255 255 255 255
0.863308 -0.0774975
0 0 0 0
1.0 0.0 0.0 0.0
-227.637 -139.032 1.76631e-005
-0.174974 -0.984573 0.0
255 255 255 255
0.863157 -0.0584684
0 0 0 0
1.0 0.0 0.0 0.0
-234.439 -137.824 11.9149
-0.174974 -0.984573 0.0
255 255 255 255
0.869146 -0.0464232
0 0 0 0
1.0 0.0 0.0 0.0
-234.439 -137.824 1.74662e-005
-0.174974 -0.984573 0.0
255 255 255 255
0.869146 -0.0584684
0 0 0 0
1.0 0.0 0.0 0.0
-227.637 -139.032 1.76631e-005
-0.174974 -0.984573 0.0
255 255 255 255
0.863157 -0.0584684
0 0 0 0
1.0 0.0 0.0 0.0
-85.9774 88.5145 10.2166
-0.00336156 0.0004131 0.999994
255 255 255 255
0.351331 -0.294108
0 0 0 0
1.0 0.0 0.0 0.0
-150.797 100.263 9.99386
-0.00336156 0.0004131 0.999994
255 255 255 255
0.270403 -0.294108
0 0 0 0
1.0 0.0 0.0 0.0
-156.299 -131.643 10.0712
-0.00336156 0.0004131 0.999994
255 255 255 255
0.351331 -0.125208
0 0 0 0
1.0 0.0 0.0 0.0
-150.797 100.263 9.99386
-0.949783 0.301892 0.082302
255 255 255 255
0.270403 -0.294108
0 0 0 0
1.0 0.0 0.0 0.0
-151.675 100.287 -0.228444
-0.949783 0.301892 0.082302
255 255 255 255
0.2541 -0.294108
0 0 0 0
1.0 0.0 0.0 0.0
-220.874 -120.195 9.96045
-0.949783 0.301892 0.082302
255 255 255 255
0.270403 -0.125208
0 0 0 0
1.0 0.0 0.0 0.0
-156.299 -131.643 10.0712
0.768102 -0.245735 0.591298
255 255 255 255
0.351331 -0.125208
0 0 0 0
1.0 0.0 0.0 0.0
-149.098 -132.929 0.181758
0.768102 -0.245735 0.591298
255 255 255 255
0.372296 -0.125208
0 0 0 0
1.0 0.0 0.0 0.0
-85.9774 88.5145 10.2166
0.768102 -0.245735 0.591298
255 255 255 255
0.351331 -0.294108
0 0 0 0
1.0 0.0 0.0 0.0
-136.68 -155.197 2.02966e-005
-0.174974 -0.984573 -6.36803e-007
255 255 255 255
0.783073 -0.0584684
0 0 0 0
1.0 0.0 0.0 0.0
-145.656 -153.602 13.1464
-0.174974 -0.984573 -6.36803e-007
255 255 255 255
0.79229 -0.0451781
0 0 0 0
1.0 0.0 0.0 0.0
-156.334 -151.704 1.97276e-005
-0.174974 -0.984573 -6.36803e-007
255 255 255 255
0.800378 -0.0584684
0 0 0 0
1.0 0.0 0.0 0.0
-136.68 -155.197 2.02966e-005
0.809069 -0.143783 0.569854
255 255 255 255
0.972635 -0.331659
0 0 0 0
1.0 0.0 0.0 0.0
-133.227 -135.765 1.71309e-005
0.809069 -0.143783 0.569854
255 255 255 255
0.994573 -0.331659
0 0 0 0
1.0 0.0 0.0 0.0
-145.656 -153.602 13.1464
0.809069 -0.143783 0.569854
255 255 255 255
0.972635 -0.349442
0 0 0 0
1.0 0.0 0.0 0.0
-230.986 -118.392 11.9149
-0.984573 0.174976 0.0
255 255 255 255
0.994573 -0.44496
0 0 0 0
1.0 0.0 0.0 0.0
-156.334 -151.704 -18.8232
-0.174973 -0.984573 1.2969e-006
255 255 255 255
0.802108 -0.0774975
0 0 0 0
1.0 0.0 0.0 0.0
-145.656 -153.602 -13.1463
-0.174973 -0.984573 1.2969e-006
255 255 255 255
0.79229 -0.0717585
0 0 0 0
1.0 0.0 0.0 0.0
-156.334 -151.704 1.97276e-005
-0.174973 -0.984573 1.2969e-006
255 255 255 255
0.800378 -0.0584684
0 0 0 0
1.0 0.0 0.0 0.0
-152.881 -132.273 18.8233
0.0 0.0 1.0
255 255 255 255
0.994573 -0.36354
0 0 0 0
1.0 0.0 0.0 0.0
-156.334 -151.704 18.8233
0.0 0.0 1.0
255 255 255 255
0.972635 -0.36354
0 0 0 0
1.0 0.0 0.0 0.0
-149.098 -132.929 0.181758
-0.174557 -0.984647 0.000919065
255 255 255 255
0.395759 -0.11352
0 0 0 0
1.0 0.0 0.0 0.0
-221.613 -120.074 -0.181726
-0.174557 -0.984647 0.000919065
255 255 255 255
0.475234 -0.11352
0 0 0 0
1.0 0.0 0.0 0.0
-156.206 -131.678 -9.77941
-0.174557 -0.984647 0.000919065
255 255 255 255
0.395759 -0.125208
0 0 0 0
1.0 0.0 0.0 0.0
-78.6331 87.222 0.13789
0.773677 -0.247749 -0.583133
255 255 255 255
0.372162 -0.294108
0 0 0 0
1.0 0.0 0.0 0.0
-149.098 -132.929 0.181758
0.773677 -0.247749 -0.583133
255 255 255 255
0.372296 -0.125208
0 0 0 0
1.0 0.0 0.0 0.0
-85.8823 88.4786 -10.0139
0.773677 -0.247749 -0.583133
255 255 255 255
0.395759 -0.294108
0 0 0 0
1.0 0.0 0.0 0.0
-221.613 -120.074 -0.181726
-0.949874 0.301449 -0.0828734
255 255 255 255
0.497537 -0.125208
0 0 0 0
1.0 0.0 0.0 0.0
-151.675 100.287 -0.228444
-0.949874 0.301449 -0.0828734
255 255 255 255
0.497644 -0.294108
0 0 0 0
1.0 0.0 0.0 0.0
-220.778 -120.231 -10.316
-0.949874 0.301449 -0.0828734
255 255 255 255
0.475234 -0.125208
0 0 0 0
1.0 0.0 0.0 0.0
-220.778 -120.231 -10.316
0.00777082 -0.00304085 -0.999965
255 255 255 255
0.475234 -0.125208
0 0 0 0
1.0 0.0 0.0 0.0
-150.701 100.227 -10.4419
0.00777082 -0.00304085 -0.999965
255 255 255 255
0.475234 -0.294108
0 0 0 0
1.0 0.0 0.0 0.0
-156.206 -131.678 -9.77941
0.00777082 -0.00304085 -0.999965
255 255 255 255
0.395759 -0.125208
0 0 0 0
1.0 0.0 0.0 0.0
-227.637 -139.032 -18.8232
0.0 0.0 -1.0
255 255 255 255
0.972635 -0.485673
0 0 0 0
1.0 0.0 0.0 0.0
-230.986 -118.392 -11.9149
-0.984573 0.174976 0.0
255 255 255 255
0.994573 -0.471547
0 0 0 0
1.0 0.0 0.0 0.0
-142.203 -134.17 -13.1463
0.809069 -0.143784 -0.569854
255 255 255 255
0.994573 -0.567064
0 0 0 0
1.0 0.0 0.0 0.0
-133.227 -135.765 1.71309e-005
0.809069 -0.143784 -0.569854
255 255 255 255
0.994573 -0.584847
0 0 0 0
1.0 0.0 0.0 0.0
-145.656 -153.602 -13.1463
0.809069 -0.143784 -0.569854
255 255 255 255
0.972636 -0.567064
0 0 0 0
1.0 0.0 0.0 0.0
-230.986 -118.392 1.43004e-005
0.174974 0.984573 1.32231e-006
255 255 255 255
0.944765 -0.333407
0 0 0 0
1.0 0.0 0.0 0.0
-152.881 -132.273 -18.8232
0.174974 0.984573 1.32231e-006
255 255 255 255
0.925966 -0.399634
0 0 0 0
1.0 0.0 0.0 0.0
-224.184 -119.601 -18.8233
0.174974 0.984573 1.32231e-006
255 255 255 255
0.925966 -0.339175
0 0 0 0
1.0 0.0 0.0 0.0
-152.881 -132.273 -18.8232
0.174975 0.984573 -2.33624e-006
255 255 255 255
0.925966 -0.399634
0 0 0 0
1.0 0.0 0.0 0.0
-133.227 -135.765 1.71309e-005
0.174975 0.984573 -2.33624e-006
255 255 255 255
0.944765 -0.418438
0 0 0 0
1.0 0.0 0.0 0.0
-142.203 -134.17 -13.1463
0.174975 0.984573 -2.33624e-006
255 255 255 255
0.931635 -0.409333
0 0 0 0
1.0 0.0 0.0 0.0
-224.184 -119.601 -18.8233
0.17497 0.984574 0.0
255 255 255 255
0.925966 -0.339175
0 0 0 0
1.0 0.0 0.0 0.0
-230.986 -118.392 -11.9149
0.17497 0.984574 0.0
255 255 255 255
0.932865 -0.333407
0 0 0 0
1.0 0.0 0.0 0.0
-230.986 -118.392 1.43004e-005
0.17497 0.984574 0.0
255 255 255 255
0.944765 -0.333407
0 0 0 0
1.0 0.0 0.0 0.0
-220.874 -120.195 9.96045
-0.174557 -0.984647 0.0009225
255 255 255 255
0.270403 -0.125208
0 0 0 0
1.0 0.0 0.0 0.0
-221.613 -120.074 -0.181726
-0.174557 -0.984647 0.0009225
255 255 255 255
0.270403 -0.113569
0 0 0 0
1.0 0.0 0.0 0.0
-156.299 -131.643 10.0712
-0.174557 -0.984647 0.0009225
255 255 255 255
0.351331 -0.125208
0 0 0 0
1.0 0.0 0.0 0.0
-152.881 -132.273 18.8233
0.456606 -0.0811457 0.885961
255 255 255 255
0.994573 -0.36354
0 0 0 0
1.0 0.0 0.0 0.0
-156.334 -151.704 18.8233
0.456606 -0.0811457 0.885961
255 255 255 255
0.972635 -0.36354
0 0 0 0
1.0 0.0 0.0 0.0
-142.203 -134.17 13.1463
0.456606 -0.0811457 0.885961
255 255 255 255
0.994573 -0.349442
0 0 0 0
1.0 0.0 0.0 0.0
-224.184 -119.601 18.8233
-0.696198 0.123726 0.707107
255 255 255 255
0.994573 -0.430833
0 0 0 0
1.0 0.0 0.0 0.0
-230.986 -118.392 11.9149
-0.696198 0.123726 0.707107
255 255 255 255
0.994573 -0.44496
0 0 0 0
1.0 0.0 0.0 0.0
-227.637 -139.032 18.8233
-0.696198 0.123726 0.707107
255 255 255 255
0.972635 -0.430833
0 0 0 0
1.0 0.0 0.0 0.0
-234.439 -137.824 -11.9149
-0.696197 0.123726 -0.707108
255 255 255 255
0.972635 -0.471547
0 0 0 0
1.0 0.0 0.0 0.0
-230.986 -118.392 -11.9149
-0.696197 0.123726 -0.707108
255 255 255 255
0.994573 -0.471547
0 0 0 0
1.0 0.0 0.0 0.0
-227.637 -139.032 -18.8232
-0.696197 0.123726 -0.707108
255 255 255 255
0.972635 -0.485673
0 0 0 0
1.0 0.0 0.0 0.0
-145.656 -153.602 -13.1463
0.456607 -0.0811458 -0.88596
255 255 255 255
0.972636 -0.567064
0 0 0 0
1.0 0.0 0.0 0.0
-156.334 -151.704 -18.8232
0.456607 -0.0811458 -0.88596
255 255 255 255
0.972636 -0.552966
0 0 0 0
1.0 0.0 0.0 0.0
-142.203 -134.17 -13.1463
0.456607 -0.0811458 -0.88596
255 255 255 255
0.994573 -0.567064
0 0 0 0
1.0 0.0 0.0 0.0
-224.184 -119.601 18.8233
0.17497 0.984574 0.0
255 255 255 255
0.963564 -0.339175
0 0 0 0
1.0 0.0 0.0 0.0
-230.986 -118.392 1.43004e-005
0.17497 0.984574 0.0
255 255 255 255
0.944765 -0.333407
0 0 0 0
1.0 0.0 0.0 0.0
-230.986 -118.392 11.9149
0.17497 0.984574 0.0
255 255 255 255
0.956665 -0.333407
0 0 0 0
1.0 0.0 0.0 0.0
-152.881 -132.273 18.8233
0.174975 0.984573 2.33624e-006
255 255 255 255
0.963564 -0.399634
0 0 0 0
1.0 0.0 0.0 0.0
-142.203 -134.17 13.1463
0.174975 0.984573 2.33624e-006
255 255 255 255
0.957894 -0.409333
0 0 0 0
1.0 0.0 0.0 0.0
-133.227 -135.765 1.71309e-005
0.174975 0.984573 2.33624e-006
255 255 255 255
0.944765 -0.418438
0 0 0 0
1.0 0.0 0.0 0.0
-230.986 -118.392 1.43004e-005
0.174974 0.984573 -1.33333e-006
255 255 255 255
0.944765 -0.333407
0 0 0 0
1.0 0.0 0.0 0.0
-224.184 -119.601 18.8233
0.174974 0.984573 -1.33333e-006
255 255 255 255
0.963564 -0.339175
0 0 0 0
1.0 0.0 0.0 0.0
-152.881 -132.273 18.8233
0.174974 0.984573 -1.33333e-006
255 255 255 255
0.963564 -0.399634
0 0 0 0
1.0 0.0 0.0 0.0
-227.637 -139.032 -18.8232
-0.174973 -0.984573 0.0
255 255 255 255
0.863308 -0.0774975
0 0 0 0
1.0 0.0 0.0 0.0
-156.334 -151.704 1.97276e-005
-0.174973 -0.984573 0.0
255 255 255 255
0.800378 -0.0584684
0 0 0 0
1.0 0.0 0.0 0.0
-156.334 -151.704 18.8233
-0.174974 -0.984573 -1.32231e-006
255 255 255 255
0.802108 -0.039439
0 0 0 0
1.0 0.0 0.0 0.0
-227.637 -139.032 18.8233
-0.174974 -0.984573 -1.32231e-006
255 255 255 255
0.863307 -0.0394393
0 0 0 0
1.0 0.0 0.0 0.0
-156.334 -151.704 1.97276e-005
-0.174974 -0.984573 -1.32231e-006
255 255 255 255
0.800378 -0.0584684
0 0 0 0
1.0 0.0 0.0 0.0
-234.439 -137.824 1.74662e-005
-0.174974 -0.984573 0.0
255 255 255 255
0.869146 -0.0584684
0 0 0 0
1.0 0.0 0.0 0.0
-234.439 -137.824 -11.9149
-0.174974 -0.984573 0.0
255 255 255 255
0.869146 -0.0705136
0 0 0 0
1.0 0.0 0.0 0.0
-227.637 -139.032 1.76631e-005
-0.174974 -0.984573 0.0
255 255 255 255
0.863157 -0.0584684
0 0 0 0
1.0 0.0 0.0 0.0
-227.637 -139.032 18.8233
-0.174974 -0.984573 0.0
255 255 255 255
0.863307 -0.0394393
0 0 0 0
1.0 0.0 0.0 0.0
-234.439 -137.824 11.9149
-0.174974 -0.984573 0.0
255 255 255 255
0.869146 -0.0464232
0 0 0 0
1.0 0.0 0.0 0.0
-227.637 -139.032 1.76631e-005
-0.174974 -0.984573 0.0
255 255 255 255
0.863157 -0.0584684
0 0 0 0
1.0 0.0 0.0 0.0
1886 # faces
2 1 0
5 4 3
8 7 6
8 10 9
13 12 11
16 15 14
17 15 16
15 17 18
15 7 9
14 9 19
20 18 17
23 22 21
23 24 22
27 26 25
28 27 22
24 23 29
6 7 28
7 18 30
33 32 31
32 33 34
36 34 35
37 35 12
39 11 38
38 25 40
41 27 28
42 26 27
40 25 26
43 40 42
44 42 41
45 41 30
19 9 10
47 46 40
48 39 46
49 13 39
25 38 50
50 38 11
51 11 12
52 37 13
53 36 37
54 32 36
12 35 55
35 34 56
34 33 57
31 32 54
59 31 58
33 59 60
61 30 18
6 29 62
22 25 63
66 65 64
65 66 67
70 69 68
73 72 71
71 72 74
75 74 72
72 73 67
73 77 76
74 75 78
81 80 79
83 82 80
85 80 84
86 83 80
83 64 87
64 83 86
66 86 88
91 90 89
93 91 92
95 93 94
69 95 96
98 70 97
98 100 99
86 85 101
85 103 102
103 84 99
102 99 104
101 102 105
88 101 106
67 76 107
99 100 108
100 97 109
97 68 110
84 112 111
70 98 111
69 70 113
68 96 114
96 94 115
94 92 116
69 118 117
95 117 119
93 119 120
89 121 116
90 122 121
91 120 122
75 88 123
64 65 124
80 81 112
127 126 125
127 129 128
130 128 129
127 132 131
134 133 129
132 125 135
131 135 136
133 134 137
134 131 138
139 130 133
142 141 140
145 144 143
146 143 142
148 139 147
150 148 149
141 150 151
153 140 152
154 145 146
155 146 153
156 137 138
147 137 156
149 147 157
151 149 158
140 151 159
160 144 145
138 136 161
163 126 162
128 164 162
164 128 130
162 166 165
164 167 166
169 165 168
165 171 170
167 173 172
166 172 171
167 130 139
142 175 174
143 144 176
142 143 177
148 178 173
150 179 178
141 174 179
175 181 180
177 176 182
175 177 183
171 172 184
173 185 184
178 186 185
179 187 186
174 180 187
176 144 160
171 189 188
192 191 190
191 192 193
195 193 194
197 195 196
198 191 195
199 190 191
200 199 198
198 197 201
197 203 202
201 202 204
206 201 205
200 206 207
209 207 208
207 205 210
205 204 211
214 213 212
215 212 213
194 215 216
196 216 217
216 213 218
213 220 219
218 222 221
218 224 223
217 223 202
223 225 204
224 226 225
228 227 226
231 230 229
226 229 232
225 232 211
235 234 233
238 237 236
237 240 239
233 242 241
245 244 243
247 245 246
249 246 248
245 247 250
253 252 251
255 254 251
258 257 256
260 259 256
261 251 252
262 251 261
264 261 263
265 261 264
267 264 266
268 264 267
270 267 269
271 267 270
273 270 272
275 270 274
276 257 258
276 277 260
253 254 278
255 279 278
278 281 280
282 281 278
281 284 283
285 284 281
283 284 286
285 287 286
289 286 288
287 290 288
292 288 291
290 293 291
291 276 294
277 276 291
297 296 295
297 299 298
296 301 300
296 298 302
301 304 303
301 302 305
304 307 306
304 305 308
307 310 309
307 308 311
313 312 309
311 314 313
316 315 312
314 317 316
319 318 315
317 320 319
322 321 318
320 323 322
322 325 324
322 323 326
321 324 327
328 326 323
330 327 329
332 328 331
333 321 327
328 323 334
321 336 335
323 320 337
318 339 338
320 317 340
315 342 341
317 314 343
312 341 344
314 311 345
309 347 346
311 308 348
350 349 303
305 352 351
354 353 300
302 356 355
358 357 295
298 360 359
357 362 361
299 364 363
367 366 365
367 369 368
371 367 370
371 372 369
375 374 373
378 377 376
381 380 379
384 383 382
387 386 385
390 389 388
393 392 391
387 393 394
397 396 395
396 399 398
399 401 400
403 402 400
405 404 402
407 406 404
408 385 406
411 410 409
414 413 412
417 416 415
420 419 418
423 422 421
426 425 424
429 428 427
432 431 430
435 434 433
438 437 436
441 440 439
443 442 441
446 445 444
449 448 447
452 451 450
455 454 453
458 457 456
460 459 456
462 461 459
462 464 463
466 465 459
465 467 456
467 468 455
468 470 469
473 472 471
474 473 468
475 474 467
477 476 475
479 478 461
482 481 480
485 484 483
484 487 486
486 489 488
489 491 490
493 492 490
483 488 494
496 495 494
498 496 497
495 499 480
495 496 500
501 496 498
503 498 502
504 502 498
507 506 505
510 509 508
513 512 511
513 515 514
516 510 492
517 509 510
519 518 509
522 521 520
525 524 523
528 527 526
530 528 529
532 530 531
534 532 533
536 535 527
537 536 528
538 537 530
519 538 532
385 540 539
406 539 541
404 541 542
402 542 543
398 400 543
395 398 544
546 395 545
386 394 547
394 391 548
550 388 549
385 386 551
552 463 464
480 552 553
555 554 463
557 556 552
559 515 558
561 560 558
564 563 562
566 565 563
569 568 567
569 571 570
571 573 572
576 575 574
578 577 575
578 580 579
581 574 572
580 582 567
578 576 581
573 582 580
584 583 582
584 573 571
585 571 569
583 586 569
584 585 586
589 588 587
588 591 590
593 592 590
595 594 592
595 597 596
597 599 598
599 601 600
601 589 602
601 599 597
593 591 588
589 601 595
605 604 603
608 607 606
610 603 609
607 612 611
614 609 613
612 616 615
618 613 617
616 620 619
622 617 621
620 623 621
626 625 624
626 628 627
630 624 629
628 632 631
634 629 633
632 636 635
638 633 637
636 640 639
642 637 641
643 639 640
646 645 644
648 647 645
649 647 648
651 650 649
653 652 650
655 651 654
656 654 648
657 648 646
659 646 658
661 659 660
662 657 659
663 656 657
666 665 664
667 653 651
670 669 668
673 672 671
675 674 672
677 676 675
679 678 676
680 678 679
681 677 673
683 682 681
685 684 682
687 686 668
688 683 687
690 689 685
692 685 691
685 692 693
696 695 694
694 695 697
699 692 698
699 701 700
703 680 702
695 704 703
705 704 695
708 707 706
711 710 709
714 713 712
713 714 715
717 715 716
718 716 696
720 714 719
714 720 721
715 721 722
716 722 705
421 450 723
450 447 724
447 444 725
444 441 726
726 441 438
727 438 435
729 435 728
731 432 730
732 429 432
735 734 733
736 730 421
738 737 652
668 669 737
739 738 653
740 668 738
743 742 741
744 706 743
746 745 621
747 619 621
749 748 745
750 747 745
624 625 748
627 750 748
751 746 617
752 615 619
753 749 746
754 752 747
629 624 749
631 754 750
751 613 609
611 615 752
753 751 755
756 752 754
629 753 757
758 754 631
755 609 603
606 611 756
757 755 759
760 756 758
633 757 761
762 758 635
759 603 604
763 606 760
761 759 764
765 760 762
637 761 766
767 762 639
562 563 768
563 770 769
773 772 771
773 775 774
773 777 776
773 779 778
773 781 780
773 783 782
773 785 784
773 787 786
773 789 788
773 790 789
793 792 791
795 794 792
797 794 796
799 797 798
801 800 799
802 800 801
804 802 803
806 805 804
808 807 805
810 809 807
791 809 810
799 800 797
805 807 802
802 807 809
809 791 797
794 797 791
813 812 811
815 814 811
815 817 816
820 819 818
822 821 819
813 824 823
815 812 820
822 820 812
827 826 825
825 829 828
832 831 830
834 833 831
837 836 835
840 839 838
843 842 841
845 841 844
843 847 846
847 849 848
852 851 850
854 853 852
856 855 841
858 857 844
846 860 859
862 861 846
864 850 863
850 851 865
868 867 866
871 870 869
874 873 872
876 875 874
879 878 877
881 880 879
883 879 882
885 879 884
871 874 886
886 874 887
888 871 866
867 890 889
891 733 429
893 719 892
719 712 894
895 709 707
391 550 896
535 898 897
527 900 899
521 525 901
733 903 902
392 390 550
526 899 904
548 896 535
540 551 538
896 906 905
547 548 536
551 547 537
907 545 486
545 544 489
544 543 491
542 493 491
541 516 493
539 517 516
540 519 517
908 533 558
533 531 522
531 529 521
529 526 525
909 513 502
911 910 515
510 504 912
912 497 490
497 494 488
913 494 495
482 485 913
915 382 914
712 709 916
893 891 732
722 736 917
919 918 891
720 732 731
721 731 736
675 729 920
676 727 729
678 726 727
725 726 678
724 725 680
723 724 703
917 723 704
743 718 921
706 717 718
707 713 717
713 707 709
694 693 692
742 921 694
684 693 697
684 702 679
682 679 677
687 681 922
922 671 670
924 420 923
927 926 925
930 929 928
8 9 7
13 11 39
16 14 931
17 16 932
15 18 7
15 9 14
14 19 931
20 17 932
23 21 933
27 25 22
28 22 24
24 29 6
6 28 24
7 30 28
33 31 59
32 34 36
36 35 37
37 12 13
39 38 46
38 40 46
41 28 30
42 27 41
40 26 42
43 42 44
44 41 45
45 30 61
47 40 43
48 46 47
49 39 48
25 50 63
50 11 51
51 12 934
52 13 49
53 37 52
54 36 53
12 55 934
35 56 55
34 57 56
31 54 58
59 58 60
33 60 57
61 18 20
6 62 8
22 63 21
65 67 107
70 68 97
73 71 77
71 74 935
75 72 66
72 67 66
73 76 67
74 78 935
81 937 936
85 84 103
86 80 85
83 939 938
64 86 66
66 88 75
91 89 92
93 92 94
95 94 96
69 96 68
98 97 100
98 99 84
86 101 88
85 102 101
103 99 102
102 104 105
101 105 106
88 106 123
99 108 104
100 109 108
97 110 109
84 111 98
70 111 113
69 113 118
68 114 110
96 115 114
94 116 115
69 117 95
95 119 93
93 120 91
89 116 92
90 121 89
91 122 90
75 123 78
64 941 940
80 112 84
127 125 132
127 128 126
130 129 133
127 131 134
134 129 127
132 135 131
131 136 138
133 137 147
134 138 137
139 133 147
142 140 153
145 143 146
146 142 153
148 147 149
150 149 151
141 151 140
153 152 942
154 146 155
155 153 942
156 138 943
147 156 157
149 157 158
151 158 159
140 159 152
160 145 154
138 161 943
944 162 169
128 162 126
164 130 167
162 165 169
164 166 162
169 946 945
165 948 947
167 172 166
166 171 165
167 139 173
142 174 141
143 176 177
142 177 175
148 173 139
150 178 148
141 179 150
175 180 174
177 182 183
175 183 181
171 184 189
173 184 172
178 185 173
179 186 178
174 187 179
176 160 182
171 950 949
192 190 951
191 193 195
195 194 196
197 196 203
198 195 197
199 191 198
200 198 206
198 201 206
197 202 201
201 204 205
206 205 207
200 207 209
209 208 952
207 210 208
205 211 210
954 212 953
215 213 216
194 216 196
196 217 203
216 218 217
213 955 218
218 956 224
218 223 217
217 202 203
223 204 202
224 225 223
957 226 224
958 229 226
226 232 225
225 211 204
235 233 236
238 236 233
237 959 236
233 241 238
245 960 246
247 246 249
249 961 240
245 963 962
253 251 254
255 251 262
258 256 964
260 256 257
261 252 263
262 261 265
264 263 266
265 264 268
267 266 269
268 267 271
270 269 272
271 270 275
966 272 965
275 968 967
276 258 294
276 260 257
253 278 969
255 278 254
278 280 970
282 278 279
281 283 280
285 281 282
283 286 289
285 286 284
289 288 292
287 288 286
292 291 971
290 291 288
291 294 972
277 291 293
297 295 361
297 298 296
296 300 295
296 302 301
301 303 300
301 305 304
304 306 303
304 308 307
307 309 306
307 311 310
313 309 310
311 313 310
316 312 313
314 316 313
319 315 316
317 319 316
322 318 319
320 322 319
322 324 321
322 326 325
321 973 318
323 975 974
318 976 315
320 978 977
315 341 312
317 980 979
312 981 309
314 983 982
309 984 306
311 986 985
987 303 306
305 988 308
989 300 303
302 990 305
991 295 300
298 992 302
357 361 295
299 993 298
367 365 370
367 368 366
371 370 994
371 369 367
997 996 995
1000 999 998
1003 1002 1001
384 382 1004
387 385 408
390 388 550
393 391 394
387 394 386
397 395 546
396 398 395
399 400 398
403 400 401
405 402 403
407 404 405
408 406 407
1007 1006 1005
1010 1009 1008
1013 1012 1011
420 418 1014
1015 421 730
1017 1016 733
429 1018 432
432 1019 730
435 1020 728
438 1021 435
441 1022 438
1023 441 444
1024 444 447
1025 447 450
1026 450 421
455 1027 458
458 456 455
460 456 457
462 459 460
462 463 461
1028 459 461
465 456 459
467 455 456
468 1029 455
473 1030 468
474 468 467
475 467 465
1031 475 465
1032 461 463
482 480 1033
485 483 913
484 486 483
486 488 483
489 490 488
493 490 491
483 494 913
496 494 497
498 497 912
495 480 481
495 1035 1034
1037 498 1036
1039 502 1038
504 498 912
1042 1041 1040
510 1043 504
513 1044 502
513 1046 1045
516 492 493
517 510 516
519 509 517
522 520 561
525 1048 1047
528 526 529
530 529 531
532 531 533
1050 533 1049
536 527 528
537 528 530
538 530 532
519 532 1051
385 539 406
406 541 404
404 542 402
402 543 400
398 543 544
395 544 545
546 545 907
386 547 551
394 548 547
550 1052 896
385 551 540
552 464 553
480 553 1033
1053 463 552
1054 552 480
1056 558 1055
561 558 522
1058 562 1057
1060 563 1059
569 567 582
569 570 568
571 572 570
576 574 581
578 575 576
578 579 577
581 572 573
580 567 579
578 581 580
573 580 581
584 582 573
584 571 585
585 569 586
583 569 582
584 586 583
589 587 602
588 590 587
593 590 591
595 592 593
595 596 594
597 598 596
599 600 598
601 602 600
601 597 595
593 588 589
589 595 593
605 603 610
1062 606 1061
610 609 614
607 611 606
614 613 618
612 615 611
618 617 622
616 619 615
622 621 623
620 621 619
626 624 630
626 627 625
630 629 634
628 631 627
634 633 638
632 635 631
638 637 642
636 639 635
642 641 1063
1065 640 1064
646 644 1066
648 645 646
649 648 654
651 649 654
653 650 651
1067 654 656
656 648 657
657 646 659
659 1069 1068
1072 1071 1070
1074 659 1073
1076 657 1075
1078 1077 656
1080 651 1079
670 668 686
673 671 922
675 672 673
677 675 673
679 676 677
680 679 702
681 673 922
683 681 687
685 682 683
687 668 740
1081 687 740
1082 685 683
692 1084 1083
685 693 684
696 694 921
694 697 693
699 1086 1085
699 1087 742
703 702 697
695 703 697
705 695 696
1089 706 1088
1090 709 895
714 712 719
713 715 717
717 716 718
718 696 921
720 719 893
714 721 715
715 722 716
716 705 696
421 723 917
450 724 723
447 725 724
444 726 725
726 438 727
727 435 729
729 728 920
731 730 736
732 432 731
1091 733 891
736 421 917
738 652 653
668 737 738
1093 653 1092
740 738 1094
743 1096 1095
1098 743 1097
746 621 617
747 621 745
749 745 746
750 745 748
624 748 749
627 748 625
751 617 613
752 619 747
753 746 751
754 747 750
629 749 753
631 750 627
751 609 755
611 752 756
753 755 757
756 754 758
629 757 633
758 631 635
755 603 759
606 756 760
757 759 761
760 758 762
633 761 637
762 635 639
759 604 764
1100 760 1099
761 764 766
1102 762 1101
637 766 641
1104 639 1103
562 1106 1105
563 1108 1107
793 791 1109
795 792 793
797 1110 798
799 798 1111
801 799 1111
802 801 803
804 803 1112
806 804 1112
808 805 806
810 807 808
791 810 1113
805 802 804
802 809 800
809 797 800
794 791 792
813 811 1114
815 811 812
815 816 1115
820 1116 817
822 819 820
813 1117 822
815 820 817
822 812 813
827 825 1118
825 828 1119
832 830 1120
834 831 832
837 835 1121
834 1122 833
843 841 845
845 844 1123
843 846 842
847 848 846
852 850 1124
854 852 1125
1126 841 842
1127 844 841
846 1128 842
1129 846 848
1131 863 1130
850 1132 863
868 866 869
871 869 866
874 1134 1133
1135 874 871
879 877 884
1137 879 1136
1140 1139 1138
1142 884 1141
871 886 870
886 1144 1143
1146 866 1145
867 1147 866
891 429 732
893 1149 1148
719 894 1150
895 707 1151
391 896 548
535 1152 527
527 899 526
521 1153 520
733 1154 429
392 550 391
526 1155 525
548 535 536
540 538 519
896 1156 535
547 536 537
551 537 538
907 486 487
545 489 486
544 491 489
542 491 543
541 493 542
539 516 541
540 517 539
1157 558 515
533 522 558
531 521 522
529 525 521
1158 502 504
1159 515 513
510 912 492
912 490 492
497 488 490
913 495 481
482 913 481
1162 1161 1160
712 1163 894
893 732 720
722 917 705
1164 891 893
720 731 721
721 736 722
675 920 674
676 729 675
678 727 676
725 678 680
724 680 703
723 703 704
917 704 705
743 921 742
706 718 743
707 717 706
713 709 712
694 692 699
742 694 699
684 697 702
684 679 682
682 677 681
687 922 686
922 670 686
1167 1166 1165
1170 1169 1168
1173 1172 1171
1176 1175 1174
1179 1178 1177
1182 1181 1180
1185 1184 1183
1188 1187 1186
1191 1190 1189
1194 1193 1192
1197 1196 1195
1200 1199 1198
1203 1202 1201
1206 1205 1204
1209 1208 1207
1212 1211 1210
1215 1214 1213
1218 1217 1216
1221 1220 1219
1224 1223 1222
1227 1226 1225
1229 1228 1215
1232 1231 1230
1234 1208 1233
1236 1205 1235
1239 1238 1237
1241 1199 1240
1244 1243 1242
1247 1246 1245
1250 1249 1248
1252 1187 1251
1255 1254 1253
1258 1257 1256
1261 1260 1259
1264 1263 1262
1267 1266 1265
1270 1269 1268
1273 1272 1271
1276 1275 1274
1279 1278 1277
1282 1281 1280
1285 1284 1283
1288 1287 1286
1291 1290 1289
1293 1279 1292
1292 1276 1294
1296 1295 1292
1299 1298 1297
1302 1301 1300
1304 1292 1303
1306 1305 1273
1309 1308 1307
1310 1274 1275
1311 1272 1310
1308 1313 1312
1315 1313 1314
1286 1316 1309
1319 1318 1317
1321 1317 1320
1323 1322 1320
1325 1323 1324
1327 1326 1324
1317 1329 1328
1332 1331 1330
1334 1332 1333
1337 1336 1335
1340 1339 1338
1342 1334 1341
1341 1344 1343
1346 1345 1341
1342 1345 1347
1319 1348 1347
1351 1350 1349
1354 1353 1352
1355 1328 1329
1326 1327 1356
1330 1331 1325
1359 1358 1357
1362 1361 1360
1365 1364 1363
1368 1367 1366
1371 1370 1369
1374 1373 1372
1188 1186 1375
1377 1189 1376
1380 1379 1378
1197 1195 1381
1384 1383 1382
1387 1386 1385
1206 1204 1388
1391 1390 1389
1212 1393 1392
1396 1395 1394
1399 1398 1397
1402 1401 1400
1404 1222 1403
1407 1406 1405
1410 1409 1408
1413 1412 1411
1416 1415 1414
1419 1418 1417
1239 1421 1420
1241 1423 1422
1425 1242 1424
1428 1427 1426
1431 1430 1429
1434 1433 1432
1437 1436 1435
1440 1439 1438
1443 1442 1441
1446 1445 1444
1448 1265 1447
1450 1268 1449
1273 1452 1451
1276 1453 1294
1279 1277 1454
1457 1456 1455
1460 1459 1458
1462 1286 1461
1464 1463 1295
1465 1292 1295
1292 1294 1466
1467 1292 1304
1470 1469 1468
1473 1472 1471
1304 1303 1474
1476 1273 1475
1309 1477 1277
1478 1275 1308
1479 1310 1312
1308 1480 1310
1315 1308 1309
1286 1309 1461
1319 1317 1481
1321 1482 1322
1483 1320 1324
1325 1324 1484
1327 1485 1320
1317 1486 1320
1488 1330 1487
1334 1333 1341
1491 1490 1489
1494 1493 1492
1495 1341 1345
1341 1343 1356
1346 1341 1355
1342 1347 1348
1319 1347 1496
1499 1498 1497
1502 1501 1500
1355 1329 1503
1504 1356 1343
1505 1325 1484
1508 1507 1506
1511 1510 1509
1514 1513 1512
1517 1516 1515
1520 1519 1518
1523 1522 1521
1526 1525 1524
1529 1528 1527
1532 1531 1530
1535 1534 1533
1538 1537 1536
1537 1539 1536
1540 1537 1538
1541 1540 1538
1539 1542 1536
1545 1544 1543
1547 1545 1546
1545 1547 1548
1550 1549 1543
1549 1544 1551
1554 1553 1552
1545 1556 1555
1549 1557 1543
1558 1547 1546
1561 1560 1559
1564 1563 1562
1567 1566 1565
1570 1569 1568
1568 1572 1571
1575 1574 1573
1578 1577 1576
1581 1580 1579
1584 1583 1582
1587 1586 1585
1589 1587 1588
1592 1591 1590
1595 1594 1593
1598 1597 1596
1601 1600 1599
1604 1603 1602
1607 1606 1605
1610 1609 1608
1613 1612 1611
1616 1615 1614
1619 1618 1617
1622 1621 1620
1625 1624 1623
1628 1627 1626
1631 1630 1629
1634 1633 1632
1637 1636 1635
1640 1639 1638
1643 1642 1641
1646 1645 1644
1649 1648 1647
1649 1651 1650
1654 1653 1652
1657 1656 1655
1660 1659 1658
1663 1662 1661
1666 1665 1664
1669 1668 1667
1672 1671 1670
1675 1674 1673
1678 1677 1676
1681 1680 1679
1684 1683 1682
1687 1686 1685
1690 1689 1688
1693 1692 1691
1562 1695 1694
1698 1697 1696
1701 1700 1699
1699 1703 1702
1706 1705 1704
1709 1708 1707
1712 1711 1710
1715 1714 1713
1718 1717 1716
1721 1720 1719
1723 1722 1560
1726 1725 1724
1728 1727 1702
1731 1730 1729
1734 1733 1732
1736 1702 1735
1739 1738 1737
1742 1741 1740
1745 1744 1743
1748 1747 1746
1751 1750 1749
1751 1753 1752
1756 1755 1754
1754 1758 1757
1761 1760 1759
1764 1763 1762
1767 1766 1765
1770 1769 1768
1773 1772 1771
1776 1775 1774
1749 1750 1777
1780 1779 1778
1783 1782 1781
1782 1785 1784
1788 1787 1786
1791 1790 1789
1794 1793 1792
1797 1796 1795
1800 1799 1798
1803 1802 1801
1806 1805 1804
1809 1808 1807
1585 1586 1810
1812 1810 1811
1815 1814 1813
1818 1817 1816
1821 1820 1819
1824 1823 1822
1827 1826 1825
1830 1829 1828
1833 1832 1831
1836 1835 1834
1839 1838 1837
1842 1841 1840
1845 1844 1843
1848 1847 1846
1851 1850 1849
1854 1853 1852
1857 1856 1855
1860 1859 1858
1863 1862 1861
1866 1865 1864
1869 1868 1867
1872 1871 1870
1872 1874 1873
1877 1876 1875
1880 1879 1878
1883 1882 1881
1886 1885 1884
1889 1888 1887
1892 1891 1890
1895 1894 1893
1898 1897 1896
1901 1900 1899
1904 1903 1902
1907 1906 1905
1910 1909 1908
1913 1912 1911
1916 1915 1914
1919 1918 1917
1922 1921 1920
1925 1924 1923
1927 1924 1926
1929 1928 1926
1929 1926 1930
1932 1931 1930
1932 1930 1933
1935 1932 1934
1937 1935 1936
1940 1939 1938
1943 1942 1941
1946 1945 1944
1949 1948 1947
1952 1951 1950
1955 1954 1953
1958 1957 1956
1961 1960 1959
1964 1963 1962
1962 1966 1965
1962 1963 1967
1937 1964 1968
1968 1970 1969
1968 1972 1971
1975 1974 1973
1978 1977 1976
1981 1980 1979
1984 1983 1982
1987 1986 1985
1990 1989 1988
1991 1980 1981
1984 1993 1992
1996 1995 1994
1999 1998 1997
2001 1991 2000
2003 1992 2002
2006 2005 2004
2009 2008 2007
2011 2001 2010
2012 2002 2011
2015 2014 2013
2018 2017 2016
2021 2020 2019
2022 2020 2021
2025 2024 2023
2028 2027 2026
2031 2030 2029
2031 2033 2032
2035 2030 2034
2038 2037 2036
2041 2040 2039
2044 2043 2042
2047 2046 2045
2050 2049 2048
2053 2052 2051
2051 2052 2054
2057 2056 2055
2059 2058 2051
2062 2061 2060
2065 2064 2063
2068 2067 2066
2071 2070 2069
2074 2073 2072
2077 2076 2075
2080 2079 2078
2083 2082 2081
2086 2085 2084
2089 2088 2087
2092 2091 2090
2095 2094 2093
2097 2096 2046
2098 2050 2046
2101 2100 2099
2104 2103 2102
2107 2106 2105
2110 2109 2108
2113 2112 2111
2114 2088 2111
2117 2116 2115
2120 2119 2118
2123 2122 2121
2126 2125 2124
2129 2128 2127
2132 2131 2130
2041 2134 2133
2136 2135 2041
2137 2133 2047
2042 2139 2138
2141 2140 2042
2142 2050 2141
2145 2144 2143
2148 2147 2146
2151 2150 2149
2154 2153 2152
2157 2156 2155
2160 2159 2158
2163 2162 2161
2166 2165 2164
2169 2168 2167
2172 2171 2170
1545 1543 2173
1554 2174 1555
1545 2175 1544
2177 2176 1601
2180 2179 2178
2183 2182 2181
2184 1568 1702
1568 2185 1701
2188 2187 2186
2191 2190 2189
2193 1579 2192
2196 2195 2194
2198 2197 1588
2201 2200 2199
2204 2203 2202
2207 2206 2205
2210 2209 2208
2213 2212 2211
2216 2215 2214
2219 2218 2217
2222 2221 2220
2225 2224 2223
2228 2227 2226
2231 2230 2229
2234 2233 2232
2237 2236 2235
2240 2239 2238
2243 2242 2241
2246 2245 2244
2249 2248 2247
2252 2251 2250
2254 1644 2253
1649 1647 2255
1649 1650 2256
2259 2258 2257
2262 2261 2260
2265 2264 2263
2268 2267 2266
2271 2270 2269
2274 2273 2272
2277 2276 2275
2280 2279 2278
2283 2282 2281
2286 2285 2284
2288 1682 2287
2291 2290 2289
2294 2293 2292
2297 2296 2295
1562 2299 2298
1566 2301 2300
1701 1699 1568
1699 1702 1568
2304 2303 2302
2307 2306 2305
2310 2309 2308
2313 2312 2311
2316 2315 2314
2318 2317 1713
2321 2320 2319
2324 2323 2322
1728 1702 2325
2328 2327 2326
2331 2330 2329
2332 1703 1741
2335 2334 2333
2337 1740 2336
2340 2339 2338
2343 2342 2341
1751 1749 1782
1751 1752 1750
1756 1754 2344
1754 1757 2345
2348 2347 2346
1764 1762 2349
2352 2351 2350
2355 2354 2353
2358 2357 2356
2361 2360 2359
2363 1777 2362
2366 2365 2364
2368 1781 2367
1782 1784 1781
2371 2370 2369
2374 2373 2372
2376 1792 2375
2379 2378 2377
2382 2381 2380
2385 2384 2383
2387 1804 2386
2389 2388 2194
2391 2390 1812
2394 2393 2392
2397 2396 2395
2400 2399 2398
2403 2402 2401
2406 2405 2404
2409 2408 2407
2412 2411 2410
2415 2414 2413
2418 2417 2416
2421 2420 2419
2424 2423 2422
2427 2426 2425
2430 2429 2428
2433 2432 2431
2436 2435 2434
2439 2438 2437
2442 2441 2440
2445 2444 2443
2448 2447 2446
1872 1870 2449
1872 1873 2450
2453 2452 2451
2456 2455 2454
2459 2458 2457
2462 2461 2460
2465 2464 2463
2468 2467 2466
2471 2470 2469
2474 2473 2472
2477 2476 2475
2480 2479 2478
1907 2482 2481
2485 2484 2483
2488 2487 2486
2491 2490 2489
2494 2493 2492
1925 2496 2495
2498 1926 2497
1929 1930 1931
1935 1933 1936
1937 1936 1964
2501 2500 2499
2504 2503 2502
2507 2506 2505
1949 2509 2508
2512 2511 2510
2515 2514 2513
2518 2517 2516
1961 2520 2519
1964 1962 1968
1962 2521 1968
1962 2523 2522
1937 2525 2524
2527 2526 1972
1968 1971 2524
2530 2529 2528
2533 2532 2531
1981 1979 2534
1984 1982 2535
2538 2537 2536
2541 2540 2539
1991 2542 2000
2543 1992 2003
2546 2545 2544
2549 2548 2547
2001 2000 2010
2003 2002 2012
2552 2551 2550
2555 2554 2553
2011 2010 2556
2012 2011 2556
2559 2558 2557
2562 2561 2560
2563 2019 1979
2565 2564 1982
2568 2567 2566
2571 2570 2569
2031 2573 2572
2031 2575 2574
2577 2034 2576
2578 2036 2574
2041 2579 2034
2580 2042 2036
2047 2582 2581
2050 2583 2046
2584 2051 2056
2051 2586 2585
2587 2051 2058
2589 2588 2585
2062 2060 2590
2065 2592 2591
2595 2594 2593
2598 2597 2596
2601 2600 2599
2604 2603 2602
2607 2606 2605
2610 2609 2608
2612 2084 2611
2089 2614 2613
2617 2616 2615
2620 2619 2618
2621 2046 2047
2622 2046 2096
2625 2624 2623
2628 2627 2626
2631 2630 2629
2634 2633 2632
2635 2111 2085
2637 2111 2636
2117 2638 2084
2639 2118 2089
2642 2641 2640
2645 2644 2643
2648 2647 2646
2651 2650 2649
2652 2041 2047
2042 2653 2050
2656 2655 2654
2659 2658 2657
2662 2661 2660
2665 2664 2663
2668 2667 2666
2671 2670 2669
2674 2673 2672
2677 2676 2675
2680 2679 2678
2683 2682 2681
2686 2685 2684
2689 2688 2687
2692 2691 2690
2669 2670 2693
2696 2695 2694
2699 2698 2697
2702 2701 2700
2705 2704 2703
2708 2707 2706
2711 2710 2709
2714 2713 2712
2717 2716 2715
2720 2719 2718
2723 2722 2721
2726 2725 2724
2729 2728 2727
2732 2731 2730
2735 2734 2733
2738 2737 2736
2741 2740 2739
2744 2743 2742
2671 2669 2745
2748 2747 2746
2750 2675 2749
2753 2752 2751
2756 2755 2754
2759 2758 2757
2762 2761 2760
2692 2690 2763
2669 2693 2764
2767 2766 2765
2770 2769 2768
2773 2772 2771
2776 2775 2774
2779 2778 2777
2782 2781 2780
2785 2784 2783
2788 2787 2786
2791 2790 2789
2794 2793 2792
2797 2796 2795
2800 2799 2798
2802 2801 2722
2805 2804 2803
2808 2807 2806
2811 2810 2809
